metric,condition,role,view,target,audit_budget,scope,split,n_seeds,n_defined,complete,mean,sample_sd,observed_mean,observed_sample_sd,n_present,present_scores_defined,partial_seed_summary
log_loss,F_T,native,A,income_binary,,native,source_validation,3,3,True,0.30372549029346174,0.0073836341817271,0.30372549029346174,0.0073836341817271,3,True,False
log_loss,F_T,native,A,income_binary,,native,development_evaluation,3,3,True,0.29806591887622125,0.013892886596473098,0.29806591887622125,0.013892886596473098,3,True,False
log_loss,F_T,native,A,income_binary,,native,source_validation_person_weighted,3,3,True,0.2979942056272678,0.006036219895163341,0.2979942056272678,0.006036219895163341,3,True,False
log_loss,F_T,native,A,income_binary,,native,development_evaluation_person_weighted,3,3,True,0.30960010574304564,0.014538288335094194,0.30960010574304564,0.014538288335094194,3,True,False
log_loss,F_T,native,A,civilian_at_work,,native,source_validation,3,3,True,0.31957195059039223,0.02304649869220271,0.31957195059039223,0.02304649869220271,3,True,False
log_loss,F_T,native,A,civilian_at_work,,native,development_evaluation,3,3,True,0.30361497227029144,0.004626485542409201,0.30361497227029144,0.004626485542409201,3,True,False
log_loss,F_T,native,A,civilian_at_work,,native,source_validation_person_weighted,3,3,True,0.32210740713112374,0.021302383299191673,0.32210740713112374,0.021302383299191673,3,True,False
log_loss,F_T,native,A,civilian_at_work,,native,development_evaluation_person_weighted,3,3,True,0.29303473133995295,0.012443997149583873,0.29303473133995295,0.012443997149583873,3,True,False
log_loss,F_T,native,B,public_coverage,,native,source_validation,3,3,True,0.5284595917369541,0.007654183878405582,0.5284595917369541,0.007654183878405582,3,True,False
log_loss,F_T,native,B,public_coverage,,native,development_evaluation,3,3,True,0.5527397245685144,0.019137489452661163,0.5527397245685144,0.019137489452661163,3,True,False
log_loss,F_T,native,B,public_coverage,,native,source_validation_person_weighted,3,3,True,0.5355500573513838,0.01780883787469191,0.5355500573513838,0.01780883787469191,3,True,False
log_loss,F_T,native,B,public_coverage,,native,development_evaluation_person_weighted,3,3,True,0.5612623166778876,0.01314145848054816,0.5612623166778876,0.01314145848054816,3,True,False
log_loss,P_T,native,A,income_binary,,native,source_validation,3,3,True,0.30372549029346174,0.0073836341817271,0.30372549029346174,0.0073836341817271,3,True,False
log_loss,P_T,native,A,income_binary,,native,development_evaluation,3,3,True,0.29806591887622125,0.013892886596473098,0.29806591887622125,0.013892886596473098,3,True,False
log_loss,P_T,native,A,income_binary,,native,source_validation_person_weighted,3,3,True,0.2979942056272678,0.006036219895163341,0.2979942056272678,0.006036219895163341,3,True,False
log_loss,P_T,native,A,income_binary,,native,development_evaluation_person_weighted,3,3,True,0.30960010574304564,0.014538288335094194,0.30960010574304564,0.014538288335094194,3,True,False
log_loss,P_T,native,A,civilian_at_work,,native,source_validation,3,3,True,0.31957195059039223,0.02304649869220271,0.31957195059039223,0.02304649869220271,3,True,False
log_loss,P_T,native,A,civilian_at_work,,native,development_evaluation,3,3,True,0.30361497227029144,0.004626485542409201,0.30361497227029144,0.004626485542409201,3,True,False
log_loss,P_T,native,A,civilian_at_work,,native,source_validation_person_weighted,3,3,True,0.32210740713112374,0.021302383299191673,0.32210740713112374,0.021302383299191673,3,True,False
log_loss,P_T,native,A,civilian_at_work,,native,development_evaluation_person_weighted,3,3,True,0.29303473133995295,0.012443997149583873,0.29303473133995295,0.012443997149583873,3,True,False
log_loss,P_T,native,B,public_coverage,,native,source_validation,3,3,True,0.5284595917369541,0.007654183878405582,0.5284595917369541,0.007654183878405582,3,True,False
log_loss,P_T,native,B,public_coverage,,native,development_evaluation,3,3,True,0.5527397245685144,0.019137489452661163,0.5527397245685144,0.019137489452661163,3,True,False
log_loss,P_T,native,B,public_coverage,,native,source_validation_person_weighted,3,3,True,0.5355500573513838,0.01780883787469191,0.5355500573513838,0.01780883787469191,3,True,False
log_loss,P_T,native,B,public_coverage,,native,development_evaluation_person_weighted,3,3,True,0.5612623166778876,0.01314145848054816,0.5612623166778876,0.01314145848054816,3,True,False
log_loss,F_G_J,native,A,income_binary,,native,source_validation,3,3,True,0.3045694148254357,0.007862063001870685,0.3045694148254357,0.007862063001870685,3,True,False
log_loss,F_G_J,native,A,income_binary,,native,development_evaluation,3,3,True,0.297650587735792,0.013896832763941163,0.297650587735792,0.013896832763941163,3,True,False
log_loss,F_G_J,native,A,income_binary,,native,source_validation_person_weighted,3,3,True,0.2994207723098111,0.005701313822187897,0.2994207723098111,0.005701313822187897,3,True,False
log_loss,F_G_J,native,A,income_binary,,native,development_evaluation_person_weighted,3,3,True,0.30840553980227964,0.016406639449940686,0.30840553980227964,0.016406639449940686,3,True,False
log_loss,F_G_J,native,A,civilian_at_work,,native,source_validation,3,3,True,0.3205503188066814,0.024619418656349524,0.3205503188066814,0.024619418656349524,3,True,False
log_loss,F_G_J,native,A,civilian_at_work,,native,development_evaluation,3,3,True,0.30429159445882575,0.0056706112115418,0.30429159445882575,0.0056706112115418,3,True,False
log_loss,F_G_J,native,A,civilian_at_work,,native,source_validation_person_weighted,3,3,True,0.3229494319087598,0.02560071217155688,0.3229494319087598,0.02560071217155688,3,True,False
log_loss,F_G_J,native,A,civilian_at_work,,native,development_evaluation_person_weighted,3,3,True,0.29425989320341206,0.013691977545863364,0.29425989320341206,0.013691977545863364,3,True,False
log_loss,F_G_J,native,B,public_coverage,,native,source_validation,3,3,True,0.5353195578743568,0.007542404515130579,0.5353195578743568,0.007542404515130579,3,True,False
log_loss,F_G_J,native,B,public_coverage,,native,development_evaluation,3,3,True,0.5624243718258439,0.01609081409893823,0.5624243718258439,0.01609081409893823,3,True,False
log_loss,F_G_J,native,B,public_coverage,,native,source_validation_person_weighted,3,3,True,0.5432309896727366,0.01999124686181037,0.5432309896727366,0.01999124686181037,3,True,False
log_loss,F_G_J,native,B,public_coverage,,native,development_evaluation_person_weighted,3,3,True,0.569578196874289,0.010837472362569206,0.569578196874289,0.010837472362569206,3,True,False
log_loss,F_G_L025,native,A,income_binary,,native,source_validation,3,3,True,0.3041287672724169,0.007386405495744245,0.3041287672724169,0.007386405495744245,3,True,False
log_loss,F_G_L025,native,A,income_binary,,native,development_evaluation,3,3,True,0.2975028832666916,0.013424145664287804,0.2975028832666916,0.013424145664287804,3,True,False
log_loss,F_G_L025,native,A,income_binary,,native,source_validation_person_weighted,3,3,True,0.2987560439132698,0.004675644458230637,0.2987560439132698,0.004675644458230637,3,True,False
log_loss,F_G_L025,native,A,income_binary,,native,development_evaluation_person_weighted,3,3,True,0.3091183350236139,0.014768623385416813,0.3091183350236139,0.014768623385416813,3,True,False
log_loss,F_G_L025,native,A,civilian_at_work,,native,source_validation,3,3,True,0.31919841261889365,0.024796047873332894,0.31919841261889365,0.024796047873332894,3,True,False
log_loss,F_G_L025,native,A,civilian_at_work,,native,development_evaluation,3,3,True,0.30461246833903866,0.006811996040410722,0.30461246833903866,0.006811996040410722,3,True,False
log_loss,F_G_L025,native,A,civilian_at_work,,native,source_validation_person_weighted,3,3,True,0.3209077488176886,0.024137825300716637,0.3209077488176886,0.024137825300716637,3,True,False
log_loss,F_G_L025,native,A,civilian_at_work,,native,development_evaluation_person_weighted,3,3,True,0.2945730325406906,0.014587812401852543,0.2945730325406906,0.014587812401852543,3,True,False
log_loss,F_G_L025,native,B,public_coverage,,native,source_validation,3,3,True,0.5358821388389393,0.008558600579300902,0.5358821388389393,0.008558600579300902,3,True,False
log_loss,F_G_L025,native,B,public_coverage,,native,development_evaluation,3,3,True,0.5602381334841886,0.017118799684172334,0.5602381334841886,0.017118799684172334,3,True,False
log_loss,F_G_L025,native,B,public_coverage,,native,source_validation_person_weighted,3,3,True,0.5432525646587201,0.02046775551073412,0.5432525646587201,0.02046775551073412,3,True,False
log_loss,F_G_L025,native,B,public_coverage,,native,development_evaluation_person_weighted,3,3,True,0.567089730632598,0.01080352900405253,0.567089730632598,0.01080352900405253,3,True,False
log_loss,F_G_L20,native,A,income_binary,,native,source_validation,3,3,True,0.3064159123915049,0.005283395897464218,0.3064159123915049,0.005283395897464218,3,True,False
log_loss,F_G_L20,native,A,income_binary,,native,development_evaluation,3,3,True,0.29968686375825115,0.013913170437696833,0.29968686375825115,0.013913170437696833,3,True,False
log_loss,F_G_L20,native,A,income_binary,,native,source_validation_person_weighted,3,3,True,0.3015520123494233,0.005353957139576036,0.3015520123494233,0.005353957139576036,3,True,False
log_loss,F_G_L20,native,A,income_binary,,native,development_evaluation_person_weighted,3,3,True,0.3118764306214216,0.014675496371795816,0.3118764306214216,0.014675496371795816,3,True,False
log_loss,F_G_L20,native,A,civilian_at_work,,native,source_validation,3,3,True,0.3213586167563359,0.02394267706147111,0.3213586167563359,0.02394267706147111,3,True,False
log_loss,F_G_L20,native,A,civilian_at_work,,native,development_evaluation,3,3,True,0.3056728462153931,0.006608371936928811,0.3056728462153931,0.006608371936928811,3,True,False
log_loss,F_G_L20,native,A,civilian_at_work,,native,source_validation_person_weighted,3,3,True,0.322860632272614,0.025321046561822345,0.322860632272614,0.025321046561822345,3,True,False
log_loss,F_G_L20,native,A,civilian_at_work,,native,development_evaluation_person_weighted,3,3,True,0.29684407229160903,0.015054761946613945,0.29684407229160903,0.015054761946613945,3,True,False
log_loss,F_G_L20,native,B,public_coverage,,native,source_validation,3,3,True,0.5365964382799694,0.006898802038281204,0.5365964382799694,0.006898802038281204,3,True,False
log_loss,F_G_L20,native,B,public_coverage,,native,development_evaluation,3,3,True,0.5628356223540224,0.018578549456723905,0.5628356223540224,0.018578549456723905,3,True,False
log_loss,F_G_L20,native,B,public_coverage,,native,source_validation_person_weighted,3,3,True,0.5441605448104657,0.01964680282441091,0.5441605448104657,0.01964680282441091,3,True,False
log_loss,F_G_L20,native,B,public_coverage,,native,development_evaluation_person_weighted,3,3,True,0.5687298717599646,0.01193016600150537,0.5687298717599646,0.01193016600150537,3,True,False
log_loss,P_G_J,native,A,income_binary,,native,source_validation,3,3,True,0.3050702158293939,0.007968500653036873,0.3050702158293939,0.007968500653036873,3,True,False
log_loss,P_G_J,native,A,income_binary,,native,development_evaluation,3,3,True,0.2992515881011883,0.014030938263072957,0.2992515881011883,0.014030938263072957,3,True,False
log_loss,P_G_J,native,A,income_binary,,native,source_validation_person_weighted,3,3,True,0.29933383501720895,0.006788949066479215,0.29933383501720895,0.006788949066479215,3,True,False
log_loss,P_G_J,native,A,income_binary,,native,development_evaluation_person_weighted,3,3,True,0.3109315865485641,0.0155571558671493,0.3109315865485641,0.0155571558671493,3,True,False
log_loss,P_G_J,native,A,civilian_at_work,,native,source_validation,3,3,True,0.3208273285224578,0.02318081934145919,0.3208273285224578,0.02318081934145919,3,True,False
log_loss,P_G_J,native,A,civilian_at_work,,native,development_evaluation,3,3,True,0.3046613041990402,0.006337295266363603,0.3046613041990402,0.006337295266363603,3,True,False
log_loss,P_G_J,native,A,civilian_at_work,,native,source_validation_person_weighted,3,3,True,0.3231030702667317,0.021551951251809937,0.3231030702667317,0.021551951251809937,3,True,False
log_loss,P_G_J,native,A,civilian_at_work,,native,development_evaluation_person_weighted,3,3,True,0.29430700242088464,0.014253669157928497,0.29430700242088464,0.014253669157928497,3,True,False
log_loss,P_G_J,native,B,public_coverage,,native,source_validation,3,3,True,0.5370524489864957,0.009386171447370703,0.5370524489864957,0.009386171447370703,3,True,False
log_loss,P_G_J,native,B,public_coverage,,native,development_evaluation,3,3,True,0.5605519413016935,0.017132008988747446,0.5605519413016935,0.017132008988747446,3,True,False
log_loss,P_G_J,native,B,public_coverage,,native,source_validation_person_weighted,3,3,True,0.5442227818681312,0.01964238112044233,0.5442227818681312,0.01964238112044233,3,True,False
log_loss,P_G_J,native,B,public_coverage,,native,development_evaluation_person_weighted,3,3,True,0.5692687786035295,0.010390629822370219,0.5692687786035295,0.010390629822370219,3,True,False
log_loss,P_G_L025,native,A,income_binary,,native,source_validation,3,3,True,0.3048084221297567,0.007638437098492854,0.3048084221297567,0.007638437098492854,3,True,False
log_loss,P_G_L025,native,A,income_binary,,native,development_evaluation,3,3,True,0.2988806080509578,0.014224555357553792,0.2988806080509578,0.014224555357553792,3,True,False
log_loss,P_G_L025,native,A,income_binary,,native,source_validation_person_weighted,3,3,True,0.29900793284002314,0.006537611175382593,0.29900793284002314,0.006537611175382593,3,True,False
log_loss,P_G_L025,native,A,income_binary,,native,development_evaluation_person_weighted,3,3,True,0.3100503456413065,0.015891565548183495,0.3100503456413065,0.015891565548183495,3,True,False
log_loss,P_G_L025,native,A,civilian_at_work,,native,source_validation,3,3,True,0.3203758671958028,0.02326276489630169,0.3203758671958028,0.02326276489630169,3,True,False
log_loss,P_G_L025,native,A,civilian_at_work,,native,development_evaluation,3,3,True,0.3037138557975818,0.005329752241361565,0.3037138557975818,0.005329752241361565,3,True,False
log_loss,P_G_L025,native,A,civilian_at_work,,native,source_validation_person_weighted,3,3,True,0.3230817349647375,0.021389936125016454,0.3230817349647375,0.021389936125016454,3,True,False
log_loss,P_G_L025,native,A,civilian_at_work,,native,development_evaluation_person_weighted,3,3,True,0.29363671639487104,0.013220763637306357,0.29363671639487104,0.013220763637306357,3,True,False
log_loss,P_G_L025,native,B,public_coverage,,native,source_validation,3,3,True,0.5362237869032951,0.009250418621325576,0.5362237869032951,0.009250418621325576,3,True,False
log_loss,P_G_L025,native,B,public_coverage,,native,development_evaluation,3,3,True,0.5599377218499991,0.017799575870858838,0.5599377218499991,0.017799575870858838,3,True,False
log_loss,P_G_L025,native,B,public_coverage,,native,source_validation_person_weighted,3,3,True,0.5437130344734883,0.018489402739896327,0.5437130344734883,0.018489402739896327,3,True,False
log_loss,P_G_L025,native,B,public_coverage,,native,development_evaluation_person_weighted,3,3,True,0.5684164636533946,0.010537601851859695,0.5684164636533946,0.010537601851859695,3,True,False
log_loss,P_G_L20,native,A,income_binary,,native,source_validation,3,3,True,0.3063856869561549,0.007422170432017525,0.3063856869561549,0.007422170432017525,3,True,False
log_loss,P_G_L20,native,A,income_binary,,native,development_evaluation,3,3,True,0.30020202106457833,0.013180576010970646,0.30020202106457833,0.013180576010970646,3,True,False
log_loss,P_G_L20,native,A,income_binary,,native,source_validation_person_weighted,3,3,True,0.3015047821919788,0.006728805275452132,0.3015047821919788,0.006728805275452132,3,True,False
log_loss,P_G_L20,native,A,income_binary,,native,development_evaluation_person_weighted,3,3,True,0.31171693787040644,0.01431098003202963,0.31171693787040644,0.01431098003202963,3,True,False
log_loss,P_G_L20,native,A,civilian_at_work,,native,source_validation,3,3,True,0.3210353732573077,0.023332573375044165,0.3210353732573077,0.023332573375044165,3,True,False
log_loss,P_G_L20,native,A,civilian_at_work,,native,development_evaluation,3,3,True,0.30453653031524097,0.006657671862451465,0.30453653031524097,0.006657671862451465,3,True,False
log_loss,P_G_L20,native,A,civilian_at_work,,native,source_validation_person_weighted,3,3,True,0.32334881750709954,0.022220146666498658,0.32334881750709954,0.022220146666498658,3,True,False
log_loss,P_G_L20,native,A,civilian_at_work,,native,development_evaluation_person_weighted,3,3,True,0.29506182933582925,0.01419133101733931,0.29506182933582925,0.01419133101733931,3,True,False
log_loss,P_G_L20,native,B,public_coverage,,native,source_validation,3,3,True,0.5374158551188971,0.00993134390654164,0.5374158551188971,0.00993134390654164,3,True,False
log_loss,P_G_L20,native,B,public_coverage,,native,development_evaluation,3,3,True,0.5617491018733878,0.017613020203145178,0.5617491018733878,0.017613020203145178,3,True,False
log_loss,P_G_L20,native,B,public_coverage,,native,source_validation_person_weighted,3,3,True,0.5453197885320524,0.01974417761553914,0.5453197885320524,0.01974417761553914,3,True,False
log_loss,P_G_L20,native,B,public_coverage,,native,development_evaluation_person_weighted,3,3,True,0.5699314694420474,0.01096323900298203,0.5699314694420474,0.01096323900298203,3,True,False
log_loss,F_J_b0p1,native,A,income_binary,,native,source_validation,3,3,True,0.3040333152608589,0.007371382658620009,0.3040333152608589,0.007371382658620009,3,True,False
log_loss,F_J_b0p1,native,A,income_binary,,native,development_evaluation,3,3,True,0.298024719651847,0.0145874473528654,0.298024719651847,0.0145874473528654,3,True,False
log_loss,F_J_b0p1,native,A,income_binary,,native,source_validation_person_weighted,3,3,True,0.299147422949743,0.005832836132366712,0.299147422949743,0.005832836132366712,3,True,False
log_loss,F_J_b0p1,native,A,income_binary,,native,development_evaluation_person_weighted,3,3,True,0.3089028028909432,0.016812541996849787,0.3089028028909432,0.016812541996849787,3,True,False
log_loss,F_J_b0p1,native,A,civilian_at_work,,native,source_validation,3,3,True,0.3207063483755594,0.025202241513565843,0.3207063483755594,0.025202241513565843,3,True,False
log_loss,F_J_b0p1,native,A,civilian_at_work,,native,development_evaluation,3,3,True,0.30538894208901496,0.007585782210118447,0.30538894208901496,0.007585782210118447,3,True,False
log_loss,F_J_b0p1,native,A,civilian_at_work,,native,source_validation_person_weighted,3,3,True,0.3226722916723262,0.026980572927526852,0.3226722916723262,0.026980572927526852,3,True,False
log_loss,F_J_b0p1,native,A,civilian_at_work,,native,development_evaluation_person_weighted,3,3,True,0.2954653991197692,0.016532676202351944,0.2954653991197692,0.016532676202351944,3,True,False
log_loss,F_J_b0p1,native,B,public_coverage,,native,source_validation,3,3,True,0.5352973556230248,0.009292875184721829,0.5352973556230248,0.009292875184721829,3,True,False
log_loss,F_J_b0p1,native,B,public_coverage,,native,development_evaluation,3,3,True,0.5618874497391046,0.016681655267788892,0.5618874497391046,0.016681655267788892,3,True,False
log_loss,F_J_b0p1,native,B,public_coverage,,native,source_validation_person_weighted,3,3,True,0.5422573842557629,0.022589335566030554,0.5422573842557629,0.022589335566030554,3,True,False
log_loss,F_J_b0p1,native,B,public_coverage,,native,development_evaluation_person_weighted,3,3,True,0.5691148288562772,0.010366275620830617,0.5691148288562772,0.010366275620830617,3,True,False
log_loss,F_Iplus_b0p025,native,A,income_binary,,native,source_validation,3,3,True,0.3042611640445299,0.007173588850264747,0.3042611640445299,0.007173588850264747,3,True,False
log_loss,F_Iplus_b0p025,native,A,income_binary,,native,development_evaluation,3,3,True,0.2972962543472641,0.01376806075256494,0.2972962543472641,0.01376806075256494,3,True,False
log_loss,F_Iplus_b0p025,native,A,income_binary,,native,source_validation_person_weighted,3,3,True,0.29865471999204335,0.0049919000597889365,0.29865471999204335,0.0049919000597889365,3,True,False
log_loss,F_Iplus_b0p025,native,A,income_binary,,native,development_evaluation_person_weighted,3,3,True,0.30881512917272297,0.01583822690755908,0.30881512917272297,0.01583822690755908,3,True,False
log_loss,F_Iplus_b0p025,native,A,civilian_at_work,,native,source_validation,3,3,True,0.31890067338446126,0.024694550423477755,0.31890067338446126,0.024694550423477755,3,True,False
log_loss,F_Iplus_b0p025,native,A,civilian_at_work,,native,development_evaluation,3,3,True,0.3037375979443976,0.007319512492911037,0.3037375979443976,0.007319512492911037,3,True,False
log_loss,F_Iplus_b0p025,native,A,civilian_at_work,,native,source_validation_person_weighted,3,3,True,0.32061295505098664,0.023392660900338157,0.32061295505098664,0.023392660900338157,3,True,False
log_loss,F_Iplus_b0p025,native,A,civilian_at_work,,native,development_evaluation_person_weighted,3,3,True,0.2937701464418383,0.015005243813229003,0.2937701464418383,0.015005243813229003,3,True,False
log_loss,F_Iplus_b0p025,native,B,public_coverage,,native,source_validation,3,3,True,0.5350858897855291,0.008412930056917525,0.5350858897855291,0.008412930056917525,3,True,False
log_loss,F_Iplus_b0p025,native,B,public_coverage,,native,development_evaluation,3,3,True,0.5613137802731888,0.01608174234289348,0.5613137802731888,0.01608174234289348,3,True,False
log_loss,F_Iplus_b0p025,native,B,public_coverage,,native,source_validation_person_weighted,3,3,True,0.5430666115243795,0.01998993668457633,0.5430666115243795,0.01998993668457633,3,True,False
log_loss,F_Iplus_b0p025,native,B,public_coverage,,native,development_evaluation_person_weighted,3,3,True,0.5687490342404589,0.008656047462826428,0.5687490342404589,0.008656047462826428,3,True,False
log_loss,F_Iplus_b0p2,native,A,income_binary,,native,source_validation,3,3,True,0.3063114079194711,0.006207083088696827,0.3063114079194711,0.006207083088696827,3,True,False
log_loss,F_Iplus_b0p2,native,A,income_binary,,native,development_evaluation,3,3,True,0.29838720812687425,0.01364764604136448,0.29838720812687425,0.01364764604136448,3,True,False
log_loss,F_Iplus_b0p2,native,A,income_binary,,native,source_validation_person_weighted,3,3,True,0.30095140360741707,0.004364084965140612,0.30095140360741707,0.004364084965140612,3,True,False
log_loss,F_Iplus_b0p2,native,A,income_binary,,native,development_evaluation_person_weighted,3,3,True,0.310461614588602,0.014776547864569308,0.310461614588602,0.014776547864569308,3,True,False
log_loss,F_Iplus_b0p2,native,A,civilian_at_work,,native,source_validation,3,3,True,0.3199503002611655,0.02220750904713752,0.3199503002611655,0.02220750904713752,3,True,False
log_loss,F_Iplus_b0p2,native,A,civilian_at_work,,native,development_evaluation,3,3,True,0.3061504541984179,0.006887095393648199,0.3061504541984179,0.006887095393648199,3,True,False
log_loss,F_Iplus_b0p2,native,A,civilian_at_work,,native,source_validation_person_weighted,3,3,True,0.32167358768550625,0.02386966130837554,0.32167358768550625,0.02386966130837554,3,True,False
log_loss,F_Iplus_b0p2,native,A,civilian_at_work,,native,development_evaluation_person_weighted,3,3,True,0.2972006333230589,0.015740039712145163,0.2972006333230589,0.015740039712145163,3,True,False
log_loss,F_Iplus_b0p2,native,B,public_coverage,,native,source_validation,3,3,True,0.5379015691307344,0.009948421459302123,0.5379015691307344,0.009948421459302123,3,True,False
log_loss,F_Iplus_b0p2,native,B,public_coverage,,native,development_evaluation,3,3,True,0.5620094484491165,0.017168425684760277,0.5620094484491165,0.017168425684760277,3,True,False
log_loss,F_Iplus_b0p2,native,B,public_coverage,,native,source_validation_person_weighted,3,3,True,0.5457805791240016,0.020551879196944935,0.5457805791240016,0.020551879196944935,3,True,False
log_loss,F_Iplus_b0p2,native,B,public_coverage,,native,development_evaluation_person_weighted,3,3,True,0.5685326072908481,0.01062366541781777,0.5685326072908481,0.01062366541781777,3,True,False
log_loss,F_I,native,A,income_binary,,native,source_validation,3,3,True,0.30447264568371263,0.006957016284088518,0.30447264568371263,0.006957016284088518,3,True,False
log_loss,F_I,native,A,income_binary,,native,development_evaluation,3,3,True,0.29760036439971216,0.013539534402389334,0.29760036439971216,0.013539534402389334,3,True,False
log_loss,F_I,native,A,income_binary,,native,source_validation_person_weighted,3,3,True,0.2988477925907816,0.004894713986604013,0.2988477925907816,0.004894713986604013,3,True,False
log_loss,F_I,native,A,income_binary,,native,development_evaluation_person_weighted,3,3,True,0.30893007633957964,0.015173421196323254,0.30893007633957964,0.015173421196323254,3,True,False
log_loss,F_I,native,A,civilian_at_work,,native,source_validation,3,3,True,0.3196280673052609,0.0241040302799584,0.3196280673052609,0.0241040302799584,3,True,False
log_loss,F_I,native,A,civilian_at_work,,native,development_evaluation,3,3,True,0.30345572551420164,0.006722924302560411,0.30345572551420164,0.006722924302560411,3,True,False
log_loss,F_I,native,A,civilian_at_work,,native,source_validation_person_weighted,3,3,True,0.3217698031961945,0.02356869048359392,0.3217698031961945,0.02356869048359392,3,True,False
log_loss,F_I,native,A,civilian_at_work,,native,development_evaluation_person_weighted,3,3,True,0.293512647234923,0.01471783802148644,0.293512647234923,0.01471783802148644,3,True,False
log_loss,F_I,native,B,public_coverage,,native,source_validation,3,3,True,0.5345299945709259,0.007518340931081005,0.5345299945709259,0.007518340931081005,3,True,False
log_loss,F_I,native,B,public_coverage,,native,development_evaluation,3,3,True,0.5607360978254732,0.017982086529357223,0.5607360978254732,0.017982086529357223,3,True,False
log_loss,F_I,native,B,public_coverage,,native,source_validation_person_weighted,3,3,True,0.5415783415188258,0.01919872496933015,0.5415783415188258,0.01919872496933015,3,True,False
log_loss,F_I,native,B,public_coverage,,native,development_evaluation_person_weighted,3,3,True,0.568005582633485,0.012300937167386077,0.568005582633485,0.012300937167386077,3,True,False
log_loss,P_J_b0p1,native,A,income_binary,,native,source_validation,3,3,True,0.305078054748375,0.007878601949374005,0.305078054748375,0.007878601949374005,3,True,False
log_loss,P_J_b0p1,native,A,income_binary,,native,development_evaluation,3,3,True,0.2991173458005172,0.014386662115071308,0.2991173458005172,0.014386662115071308,3,True,False
log_loss,P_J_b0p1,native,A,income_binary,,native,source_validation_person_weighted,3,3,True,0.29929541779701,0.006902378040763394,0.29929541779701,0.006902378040763394,3,True,False
log_loss,P_J_b0p1,native,A,income_binary,,native,development_evaluation_person_weighted,3,3,True,0.3107661314538642,0.016066567380586053,0.3107661314538642,0.016066567380586053,3,True,False
log_loss,P_J_b0p1,native,A,civilian_at_work,,native,source_validation,3,3,True,0.3209652358110216,0.023178357387712328,0.3209652358110216,0.023178357387712328,3,True,False
log_loss,P_J_b0p1,native,A,civilian_at_work,,native,development_evaluation,3,3,True,0.3046094272045287,0.006339863132629506,0.3046094272045287,0.006339863132629506,3,True,False
log_loss,P_J_b0p1,native,A,civilian_at_work,,native,source_validation_person_weighted,3,3,True,0.32298848814264625,0.02131241539666547,0.32298848814264625,0.02131241539666547,3,True,False
log_loss,P_J_b0p1,native,A,civilian_at_work,,native,development_evaluation_person_weighted,3,3,True,0.29447027352745897,0.01393931131141671,0.29447027352745897,0.01393931131141671,3,True,False
log_loss,P_J_b0p1,native,B,public_coverage,,native,source_validation,3,3,True,0.5369165833685595,0.009687231760020207,0.5369165833685595,0.009687231760020207,3,True,False
log_loss,P_J_b0p1,native,B,public_coverage,,native,development_evaluation,3,3,True,0.5602860986519907,0.017339024621965436,0.5602860986519907,0.017339024621965436,3,True,False
log_loss,P_J_b0p1,native,B,public_coverage,,native,source_validation_person_weighted,3,3,True,0.5442377196658645,0.01960538345074498,0.5442377196658645,0.01960538345074498,3,True,False
log_loss,P_J_b0p1,native,B,public_coverage,,native,development_evaluation_person_weighted,3,3,True,0.5692940794802517,0.010331441327093056,0.5692940794802517,0.010331441327093056,3,True,False
log_loss,P_Iplus_b0p025,native,A,income_binary,,native,source_validation,3,3,True,0.30442714216081473,0.008126614069733567,0.30442714216081473,0.008126614069733567,3,True,False
log_loss,P_Iplus_b0p025,native,A,income_binary,,native,development_evaluation,3,3,True,0.29879634627763446,0.014239795439729886,0.29879634627763446,0.014239795439729886,3,True,False
log_loss,P_Iplus_b0p025,native,A,income_binary,,native,source_validation_person_weighted,3,3,True,0.29872708449109736,0.006658954855949054,0.29872708449109736,0.006658954855949054,3,True,False
log_loss,P_Iplus_b0p025,native,A,income_binary,,native,development_evaluation_person_weighted,3,3,True,0.31008222381751516,0.015597667763113172,0.31008222381751516,0.015597667763113172,3,True,False
log_loss,P_Iplus_b0p025,native,A,civilian_at_work,,native,source_validation,3,3,True,0.320270599323923,0.023028101799866717,0.320270599323923,0.023028101799866717,3,True,False
log_loss,P_Iplus_b0p025,native,A,civilian_at_work,,native,development_evaluation,3,3,True,0.30415872672005834,0.005204879716438664,0.30415872672005834,0.005204879716438664,3,True,False
log_loss,P_Iplus_b0p025,native,A,civilian_at_work,,native,source_validation_person_weighted,3,3,True,0.3226837700821607,0.021237794981344663,0.3226837700821607,0.021237794981344663,3,True,False
log_loss,P_Iplus_b0p025,native,A,civilian_at_work,,native,development_evaluation_person_weighted,3,3,True,0.29418511600177005,0.012950075105335315,0.29418511600177005,0.012950075105335315,3,True,False
log_loss,P_Iplus_b0p025,native,B,public_coverage,,native,source_validation,3,3,True,0.5363797657158398,0.009153342204829062,0.5363797657158398,0.009153342204829062,3,True,False
log_loss,P_Iplus_b0p025,native,B,public_coverage,,native,development_evaluation,3,3,True,0.5598023454902623,0.017459829230102853,0.5598023454902623,0.017459829230102853,3,True,False
log_loss,P_Iplus_b0p025,native,B,public_coverage,,native,source_validation_person_weighted,3,3,True,0.543916539534745,0.019506371494434988,0.543916539534745,0.019506371494434988,3,True,False
log_loss,P_Iplus_b0p025,native,B,public_coverage,,native,development_evaluation_person_weighted,3,3,True,0.5686244363166756,0.009941055139120754,0.5686244363166756,0.009941055139120754,3,True,False
log_loss,P_Iplus_b0p2,native,A,income_binary,,native,source_validation,3,3,True,0.3064098500091321,0.007053500391625019,0.3064098500091321,0.007053500391625019,3,True,False
log_loss,P_Iplus_b0p2,native,A,income_binary,,native,development_evaluation,3,3,True,0.3002567303159159,0.013420820104962547,0.3002567303159159,0.013420820104962547,3,True,False
log_loss,P_Iplus_b0p2,native,A,income_binary,,native,source_validation_person_weighted,3,3,True,0.30144493831602137,0.006613650646529131,0.30144493831602137,0.006613650646529131,3,True,False
log_loss,P_Iplus_b0p2,native,A,income_binary,,native,development_evaluation_person_weighted,3,3,True,0.31179379238641153,0.01433158054734199,0.31179379238641153,0.01433158054734199,3,True,False
log_loss,P_Iplus_b0p2,native,A,civilian_at_work,,native,source_validation,3,3,True,0.321421817643453,0.023470986405611904,0.321421817643453,0.023470986405611904,3,True,False
log_loss,P_Iplus_b0p2,native,A,civilian_at_work,,native,development_evaluation,3,3,True,0.30447937875513886,0.005954651456802298,0.30447937875513886,0.005954651456802298,3,True,False
log_loss,P_Iplus_b0p2,native,A,civilian_at_work,,native,source_validation_person_weighted,3,3,True,0.32353933439352495,0.022473139475622423,0.32353933439352495,0.022473139475622423,3,True,False
log_loss,P_Iplus_b0p2,native,A,civilian_at_work,,native,development_evaluation_person_weighted,3,3,True,0.2946316423253871,0.01367613912820765,0.2946316423253871,0.01367613912820765,3,True,False
log_loss,P_Iplus_b0p2,native,B,public_coverage,,native,source_validation,3,3,True,0.5373191905820948,0.009737129545564457,0.5373191905820948,0.009737129545564457,3,True,False
log_loss,P_Iplus_b0p2,native,B,public_coverage,,native,development_evaluation,3,3,True,0.5615984475136487,0.016833835419846444,0.5615984475136487,0.016833835419846444,3,True,False
log_loss,P_Iplus_b0p2,native,B,public_coverage,,native,source_validation_person_weighted,3,3,True,0.5450434754473588,0.019983811992598022,0.5450434754473588,0.019983811992598022,3,True,False
log_loss,P_Iplus_b0p2,native,B,public_coverage,,native,development_evaluation_person_weighted,3,3,True,0.5699381864963882,0.010249414012290915,0.5699381864963882,0.010249414012290915,3,True,False
log_loss,P_I,native,A,income_binary,,native,source_validation,3,3,True,0.30431372438419435,0.00811246717029958,0.30431372438419435,0.00811246717029958,3,True,False
log_loss,P_I,native,A,income_binary,,native,development_evaluation,3,3,True,0.29853954312862385,0.014160469819374369,0.29853954312862385,0.014160469819374369,3,True,False
log_loss,P_I,native,A,income_binary,,native,source_validation_person_weighted,3,3,True,0.2985831864488439,0.006602006926539863,0.2985831864488439,0.006602006926539863,3,True,False
log_loss,P_I,native,A,income_binary,,native,development_evaluation_person_weighted,3,3,True,0.3100437432764764,0.015533203294234452,0.3100437432764764,0.015533203294234452,3,True,False
log_loss,P_I,native,A,civilian_at_work,,native,source_validation,3,3,True,0.3205181124639145,0.023239725671719356,0.3205181124639145,0.023239725671719356,3,True,False
log_loss,P_I,native,A,civilian_at_work,,native,development_evaluation,3,3,True,0.3040093032341858,0.0056692343229863065,0.3040093032341858,0.0056692343229863065,3,True,False
log_loss,P_I,native,A,civilian_at_work,,native,source_validation_person_weighted,3,3,True,0.32290108010644347,0.02119226303628817,0.32290108010644347,0.02119226303628817,3,True,False
log_loss,P_I,native,A,civilian_at_work,,native,development_evaluation_person_weighted,3,3,True,0.29387608347635574,0.013181863881393334,0.29387608347635574,0.013181863881393334,3,True,False
log_loss,P_I,native,B,public_coverage,,native,source_validation,3,3,True,0.5351658524380957,0.008698614790570137,0.5351658524380957,0.008698614790570137,3,True,False
log_loss,P_I,native,B,public_coverage,,native,development_evaluation,3,3,True,0.559201574468791,0.017396599416845668,0.559201574468791,0.017396599416845668,3,True,False
log_loss,P_I,native,B,public_coverage,,native,source_validation_person_weighted,3,3,True,0.5424372090655133,0.0188004946371177,0.5424372090655133,0.0188004946371177,3,True,False
log_loss,P_I,native,B,public_coverage,,native,development_evaluation_person_weighted,3,3,True,0.5677234122363195,0.01016545507725581,0.5677234122363195,0.01016545507725581,3,True,False
