epoch,race_s2_r2,race_s2_lambda,sex_s2_r2,sex_s2_lambda,age_s0_r2,age_s0_lambda
0,0.763917,,0.949394,,0.569062,
1,0.761564,,0.953408,,0.550261,
2,0.745800,,0.954651,,0.546671,
3,0.748671,,0.954945,,0.544810,
4,0.748854,,0.956088,,0.544097,
5,0.523139,,0.632948,,0.469610,
6,0.471182,,0.475119,,0.421478,
7,0.495243,,0.449714,,0.389941,
8,0.481972,,0.465925,,0.382734,
9,0.545786,,0.500625,,0.361126,
10,0.497998,,0.428922,,0.371449,
11,0.531471,,0.476931,,0.347876,
12,0.448132,,0.466220,,0.338973,
13,0.482620,,0.486628,,0.337923,
14,0.448021,,0.492447,,0.343899,
15,0.436122,,0.499509,,0.340369,
16,0.390991,,0.451657,,0.333919,
17,0.449875,,0.531962,,0.323043,
18,0.355061,,0.466065,,0.323806,
19,0.378834,,0.496625,,0.332828,
20,0.362087,,0.522250,,0.322352,
21,0.336527,,0.503512,,0.330379,
22,0.332871,,0.500504,,0.319700,
23,0.318940,,0.515491,,0.325282,
24,0.284800,,0.523515,,0.315909,
25,0.283938,,0.504968,,0.310626,
26,0.253608,,0.487009,,0.327451,
27,0.250769,,0.532854,,0.324637,
28,0.241337,,0.487800,,0.303448,
29,0.195358,,0.457264,,0.311329,
30,0.186303,,0.426851,,0.318514,
31,0.180491,,0.424951,,0.314425,
32,0.171580,,0.408398,,0.316047,
33,0.151313,,0.405232,,0.317188,
34,0.142098,,0.370394,,0.311374,
35,0.119510,,0.341302,,0.300478,
36,0.107791,,0.323297,,0.311822,
37,0.096880,,0.301947,,0.316659,
38,0.081688,,0.256108,,0.316572,
39,0.077592,,0.273442,,0.312506,
40,0.070081,,0.237748,,0.313062,
41,0.063843,,0.206410,,0.316118,
42,0.056806,,0.196025,,0.316411,
43,0.055879,,0.188854,,0.301938,
44,0.046377,,0.149781,,0.306494,
45,0.056073,,0.065980,,0.300561,
46,0.028324,,0.050706,,0.302789,
47,0.008521,,0.023440,,0.296173,
48,0.016404,,0.024507,,0.288303,
49,0.011139,,0.056010,,0.294497,
50,0.016626,,0.016749,,0.291462,
51,0.008079,,0.047769,,0.292826,
52,0.007351,,0.036651,,0.286091,
53,0.030945,,0.028382,,0.284089,
54,0.012210,,0.012716,,0.287163,
55,0.010514,,0.013886,,0.282657,
56,0.006794,,0.028230,,0.274764,
57,0.008289,,0.018720,,0.286977,
58,0.007342,,0.018362,,0.278313,
59,0.024961,,0.019671,,0.283724,
60,0.024996,,0.020207,,0.284145,
61,0.009627,,0.052306,,0.278293,
62,0.011527,,0.014447,,0.279824,
63,0.013897,,0.081524,,0.288256,
64,0.007759,,0.037310,,0.277349,
65,0.042464,,0.033647,,0.281226,
66,0.009486,,0.019973,,0.276961,
67,0.012058,,0.020832,,0.288533,
68,0.089988,,0.070508,,0.281186,
69,0.014645,,0.014695,,0.284067,
70,0.018724,,0.015872,,0.265118,
71,0.008857,,0.057121,,0.268889,
72,0.013004,,0.080345,,0.267882,
73,0.050391,,0.034971,,0.277019,
74,0.050819,,0.042130,,0.277096,
75,0.010803,,0.018458,,0.279786,
76,0.007047,,0.025336,,0.285350,
77,0.058049,,0.052690,,0.280106,
78,0.034723,,0.022237,,0.273946,
79,0.016845,,0.012956,,0.276770,
80,0.006660,,0.029131,,0.281016,
81,0.010021,,0.046792,,0.269022,
82,0.013751,,0.014575,,0.273746,
83,0.010234,,0.045149,,0.273483,
84,0.017351,,0.012827,,0.286434,
85,0.022400,,0.014851,,0.285516,
86,0.008433,,0.041600,,0.275197,
87,0.025609,,0.015874,,0.271550,
88,0.011760,,0.017340,,0.288774,
89,0.037793,,0.022454,,0.281849,
90,0.014388,,0.017810,,0.272511,
91,0.058751,,0.063781,,0.276669,
92,0.024783,,0.018312,,0.280527,
93,0.010648,,0.039098,,0.271761,
94,0.033977,,0.027805,,0.262281,
95,0.028626,,0.027251,,0.263872,
96,0.009713,,0.018137,,0.265274,
97,0.007529,,0.025887,,0.274350,
98,0.017878,,0.016725,,0.265891,
99,0.033421,,0.043120,,0.261275,
100,0.009099,,0.028013,,0.267638,
101,0.021757,,0.016459,,0.267142,
102,0.010621,,0.014433,,0.275638,
103,0.014557,,0.014169,,0.270501,
104,0.014304,,0.015164,,0.267017,
105,0.013557,,0.019405,,0.264290,
106,0.052515,,0.160902,,0.259378,
107,0.014491,,0.015655,,0.260983,
108,0.022376,,0.016966,,0.267450,
109,0.080219,,0.129419,,0.271435,
110,0.018123,,0.016064,,0.265152,
111,0.036021,,0.030812,,0.263549,
112,0.028317,,0.048112,,0.257712,
113,0.037239,,0.040174,,0.254595,
114,0.031728,,0.021106,,0.260216,
115,0.042985,,0.054924,,0.258808,
116,0.042528,,0.015528,,0.265431,
117,0.043544,,0.041244,,0.258408,
118,0.041489,,0.014489,,0.256320,
119,0.046173,,0.014837,,0.252089,
120,0.053941,,0.014912,,0.254893,
121,0.064103,,0.057788,,0.254062,
122,0.077016,,0.091886,,0.263358,
123,0.050498,,0.022487,,0.265882,
124,0.062607,,0.027977,,0.255798,
125,0.059876,,0.019106,,0.258732,
126,0.090601,,0.138440,,0.258503,
127,0.058064,,0.025695,,0.260001,
128,0.056946,,0.019333,,0.262407,
129,0.067883,,0.020436,,0.254995,
130,0.079165,,0.095001,,0.261718,
131,0.064290,,0.014842,,0.256755,
132,0.069599,,0.030101,,0.260725,
133,0.087238,,0.044994,,0.265065,
134,0.083948,,0.028942,,0.255018,
135,0.089908,,0.043891,,0.253538,
136,0.100442,,0.077858,,0.254253,
137,0.089868,,0.048766,,0.258105,
138,0.084815,,0.020451,,0.253258,
139,0.075510,,0.021625,,0.245993,
140,0.111969,,0.068500,,0.244340,
141,0.094796,,0.016248,,0.244623,
142,0.132921,,0.077964,,0.250156,
143,0.082532,,0.022379,,0.245404,
144,0.122604,,0.045843,,0.246335,
145,0.102512,,0.019483,,0.235108,
146,0.084201,,0.018818,,0.244158,
147,0.130195,,0.032103,,0.242941,
148,0.158412,,0.094113,,0.238213,
149,0.137430,,0.058124,,0.242743,
150,0.137577,,0.038680,,0.240871,
151,0.108023,,0.016718,,0.244992,
152,0.097307,,0.014798,,0.250138,
153,0.130074,,0.024274,,0.251854,
154,0.096232,,0.016359,,0.254485,
155,0.141464,,0.032920,,0.247942,
156,0.121034,,0.016697,,0.246252,
157,0.123432,,0.014848,,0.243030,
158,0.151318,,0.016880,,0.245286,
159,0.124260,,0.015676,,0.241209,
160,0.140133,,0.013101,,0.234166,
161,0.172011,,0.036773,,0.235884,
162,0.198432,,0.051862,,0.245736,
163,0.154934,,0.013900,,0.243489,
164,0.179116,,0.024872,,0.238290,
165,0.182580,,0.023034,,0.233861,
166,0.189877,,0.029159,,0.229949,
167,0.184537,,0.020744,,0.238592,
168,0.177771,,0.014360,,0.240877,
169,0.195406,,0.021454,,0.239608,
170,0.224473,,0.034720,,0.233979,
171,0.217978,,0.027716,,0.233407,
172,0.189406,,0.015360,,0.237481,
173,0.404194,,0.032644,,0.230212,
174,0.413497,,0.042682,,0.226887,
175,0.325713,,0.026013,,0.226971,
176,0.417483,,0.023529,,0.232013,
177,0.383577,,0.026770,,0.226487,
178,0.397054,,0.017806,,0.236062,
179,0.416999,,0.030122,,0.230475,
180,0.225478,,0.015660,,0.235827,
181,0.362473,,0.046676,,0.231263,
182,0.420181,,0.018065,,0.225738,
183,0.441286,,0.063135,,0.225373,
184,0.444431,,0.053574,,0.176516,
185,0.425469,,0.027782,,0.064092,
186,0.430913,,0.029360,,0.039247,
187,0.395512,,0.018253,,0.038585,
188,0.419761,,0.033490,,0.031822,
189,0.421527,,0.025962,,0.032862,
190,0.401105,,0.018287,,0.027773,
191,0.417555,,0.021835,,0.032918,
192,0.437124,,0.044409,,0.025331,
193,0.438767,,0.027330,,0.025337,
194,0.428954,,0.021173,,0.022585,
195,0.414871,,0.018693,,0.024882,
196,0.415197,,0.020671,,0.026755,
197,0.435149,,0.019978,,0.028923,
198,0.436515,,0.048689,,0.029939,
199,0.365589,,0.023333,,0.037902,
200,0.401288,,0.025130,,0.026103,
201,0.417020,,0.026488,,0.039625,
202,0.394855,,0.046235,,0.026013,
203,0.392833,,0.020953,,0.027606,
204,0.382115,,0.018252,,0.030709,
