seed,release,target,candidate,new_fitting,selected_epoch,last_epoch,last_minus_best_validation_loss
0,beta1_C_warmup_only,SEX,mlp_0,False,20,360,0.2754738751586251
0,beta1_C_warmup_only,SEX,mlp_1,False,20,360,0.30735911902395874
0,beta1_C_warmup_only,SEX,catchup,False,15,360,0.43027542793331097
0,beta1_C_warmup_only,RAC1P,mlp_0,False,15,360,0.36016037059701556
0,beta1_C_warmup_only,RAC1P,mlp_1,False,20,360,0.4288477314322898
0,beta1_C_warmup_only,RAC1P,catchup,False,10,360,0.49010139069954084
0,beta1_D_warmup_only,SEX,mlp_0,False,30,360,0.23368980371268966
0,beta1_D_warmup_only,SEX,mlp_1,False,25,360,0.26920251202250767
0,beta1_D_warmup_only,SEX,catchup,False,5,360,0.36071958294633355
0,beta1_D_warmup_only,RAC1P,mlp_0,False,25,360,0.34193980654086475
0,beta1_D_warmup_only,RAC1P,mlp_1,False,40,360,0.38518340242269344
0,beta1_D_warmup_only,RAC1P,catchup,False,5,360,0.45809106078365525
0,R_rho0p1_C,SEX,mlp_0,False,20,360,0.2586629211283077
0,R_rho0p1_C,SEX,mlp_1,False,20,360,0.2959233340549787
0,R_rho0p1_C,SEX,catchup,False,5,360,0.30913345487767274
0,R_rho0p1_C,RAC1P,mlp_0,False,15,360,0.3810459709504832
0,R_rho0p1_C,RAC1P,mlp_1,False,15,360,0.3694386551963187
0,R_rho0p1_C,RAC1P,catchup,False,10,360,0.3099133796940621
0,R_rho0p1_D,SEX,mlp_0,False,20,360,0.2612592813891156
0,R_rho0p1_D,SEX,mlp_1,False,20,360,0.24259545092395096
0,R_rho0p1_D,SEX,catchup,False,5,360,0.2736879685349448
0,R_rho0p1_D,RAC1P,mlp_0,False,15,360,0.3627150984883767
0,R_rho0p1_D,RAC1P,mlp_1,False,15,360,0.3505956865034223
0,R_rho0p1_D,RAC1P,catchup,False,5,360,0.345469623589014
0,B_rich_bank,SEX,mlp_0,False,40,360,0.07393397089247222
0,B_rich_bank,SEX,mlp_1,False,70,360,0.07843596066049785
0,B_rich_bank,RAC1P,mlp_0,False,30,360,0.11008456718350201
0,B_rich_bank,RAC1P,mlp_1,False,25,360,0.10088199985729807
0,B_rich_bank_leace,SEX,mlp_0,False,35,120,0.023633375045173488
0,B_rich_bank_leace,SEX,mlp_1,False,50,120,0.025135773076999435
0,B_rich_bank_leace,RAC1P,mlp_0,False,40,120,0.019294695278784246
0,B_rich_bank_leace,RAC1P,mlp_1,False,40,120,0.022877521272370416
0,C_tree_bank,SEX,mlp_0,False,30,360,0.21206322638285358
0,C_tree_bank,SEX,mlp_1,False,25,360,0.21680279677739334
0,C_tree_bank,RAC1P,mlp_0,False,15,360,0.25173974210029093
0,C_tree_bank,RAC1P,mlp_1,False,20,360,0.219697293336506
0,C_tree_bank_leace,SEX,mlp_0,False,20,120,0.06872711879771776
0,C_tree_bank_leace,SEX,mlp_1,False,30,120,0.0791911878582906
0,C_tree_bank_leace,RAC1P,mlp_0,False,45,120,0.03869855092754726
0,C_tree_bank_leace,RAC1P,mlp_1,False,45,120,0.025520066675173814
0,E_pca,SEX,mlp_0,False,15,120,0.17686101222527484
0,E_pca,SEX,mlp_1,False,15,120,0.17987829021925894
0,E_pca,RAC1P,mlp_0,False,20,120,0.24834413320957194
0,E_pca,RAC1P,mlp_1,False,15,120,0.21261110081121548
0,E_pca_leace,SEX,mlp_0,False,20,120,0.13068075659433032
0,E_pca_leace,SEX,mlp_1,False,20,120,0.11686610591233615
0,E_pca_leace,RAC1P,mlp_0,False,25,120,0.1777378592022063
0,E_pca_leace,RAC1P,mlp_1,False,25,120,0.17211406196751788
0,exposed,SEX,mlp_0,False,360,360,0.0
0,exposed,SEX,mlp_1,False,360,360,0.0
0,exposed,RAC1P,mlp_0,False,360,360,0.0
0,exposed,RAC1P,mlp_1,False,360,360,0.0
0,C_init,SEX,mlp_0,False,20,360,0.2764728393389454
0,C_init,SEX,mlp_1,False,20,360,0.25552717759737487
0,C_init,SEX,catchup,False,15,360,0.47977878267394003
0,C_init,RAC1P,mlp_0,False,25,360,0.28393133369755974
0,C_init,RAC1P,mlp_1,False,35,360,0.28142745822679194
0,C_init,RAC1P,catchup,False,5,360,0.5545573158590424
0,D_init,SEX,mlp_0,False,20,360,0.2437506485467088
0,D_init,SEX,mlp_1,False,20,360,0.2037221855114194
0,D_init,SEX,catchup,False,5,360,0.43770803455844376
0,D_init,RAC1P,mlp_0,False,45,360,0.17088577099988855
0,D_init,RAC1P,mlp_1,False,45,360,0.22041841009734697
0,D_init,RAC1P,catchup,False,5,360,0.5001135464680824
0,C_bottleneck,SEX,mlp_0,False,20,120,0.045242746255043764
0,C_bottleneck,SEX,mlp_1,False,20,120,0.04030713590405133
0,C_bottleneck,SEX,catchup,False,5,120,0.12148216513736876
0,C_bottleneck,RAC1P,mlp_0,False,35,120,0.055458304893241994
0,C_bottleneck,RAC1P,mlp_1,False,30,120,0.06834030515951395
0,C_bottleneck,RAC1P,catchup,False,5,120,0.16712747559223695
0,D_protected,SEX,mlp_0,False,30,120,0.027433660344315047
0,D_protected,SEX,mlp_1,False,35,120,0.035072513845605724
0,D_protected,SEX,catchup,False,15,120,0.07671730050197356
0,D_protected,RAC1P,mlp_0,False,55,120,0.030412130148515626
0,D_protected,RAC1P,mlp_1,False,45,120,0.04893230094763834
0,D_protected,RAC1P,catchup,False,5,120,0.13736069078374857
0,PCA16,SEX,mlp_0,False,20,360,0.23427514169659236
0,PCA16,SEX,mlp_1,False,20,360,0.26344172474517324
0,PCA16,RAC1P,mlp_0,False,15,360,0.3551860237963449
0,PCA16,RAC1P,mlp_1,False,20,360,0.36408479105058644
1,beta1_C_warmup_only,SEX,mlp_0,False,15,360,0.3432270254526042
1,beta1_C_warmup_only,SEX,mlp_1,False,20,360,0.3672078118226102
1,beta1_C_warmup_only,SEX,catchup,False,5,360,0.4634788006266075
1,beta1_C_warmup_only,RAC1P,mlp_0,False,35,360,0.2957582628796962
1,beta1_C_warmup_only,RAC1P,mlp_1,False,25,360,0.4615237490528379
1,beta1_C_warmup_only,RAC1P,catchup,False,5,360,0.4192276750428394
1,beta1_D_warmup_only,SEX,mlp_0,False,25,360,0.32294896170081866
1,beta1_D_warmup_only,SEX,mlp_1,False,15,360,0.2916021116185482
1,beta1_D_warmup_only,SEX,catchup,False,5,360,0.3925469044692369
1,beta1_D_warmup_only,RAC1P,mlp_0,False,50,360,0.2720195809762218
1,beta1_D_warmup_only,RAC1P,mlp_1,False,60,360,0.31688035259601377
1,beta1_D_warmup_only,RAC1P,catchup,False,5,360,0.33542246289438293
1,R_rho0p1_C,SEX,mlp_0,False,20,360,0.36363613177047893
1,R_rho0p1_C,SEX,mlp_1,False,15,360,0.34762845610046156
1,R_rho0p1_C,SEX,catchup,False,5,360,0.4162124124717008
1,R_rho0p1_C,RAC1P,mlp_0,False,20,360,0.31219714647755903
1,R_rho0p1_C,RAC1P,mlp_1,False,20,360,0.4021742902809651
1,R_rho0p1_C,RAC1P,catchup,False,5,360,0.3240980695777025
1,R_rho0p1_D,SEX,mlp_0,False,20,360,0.3662229963088307
1,R_rho0p1_D,SEX,mlp_1,False,15,360,0.38099651785812527
1,R_rho0p1_D,SEX,catchup,False,5,360,0.347238848230801
1,R_rho0p1_D,RAC1P,mlp_0,False,20,360,0.3139929711257945
1,R_rho0p1_D,RAC1P,mlp_1,False,20,360,0.428970237013907
1,R_rho0p1_D,RAC1P,catchup,False,5,360,0.26217657781381387
1,B_rich_bank,SEX,mlp_0,False,20,360,0.1127520034619579
1,B_rich_bank,SEX,mlp_1,False,20,360,0.10494980070344495
1,B_rich_bank,RAC1P,mlp_0,False,20,360,0.09462584749288538
1,B_rich_bank,RAC1P,mlp_1,False,25,360,0.09095008264469162
1,B_rich_bank_leace,SEX,mlp_0,False,15,120,0.039355733158307205
1,B_rich_bank_leace,SEX,mlp_1,False,15,120,0.04206247398082141
1,B_rich_bank_leace,RAC1P,mlp_0,False,35,120,0.01688276454669202
1,B_rich_bank_leace,RAC1P,mlp_1,False,70,120,0.008018397808525535
1,C_tree_bank,SEX,mlp_0,False,20,360,0.2439608572721348
1,C_tree_bank,SEX,mlp_1,False,10,360,0.29011704213562284
1,C_tree_bank,RAC1P,mlp_0,False,30,360,0.20425439878839136
1,C_tree_bank,RAC1P,mlp_1,False,25,360,0.2211003869708752
1,C_tree_bank_leace,SEX,mlp_0,False,10,120,0.06180626082996221
1,C_tree_bank_leace,SEX,mlp_1,False,10,120,0.09614714854964479
1,C_tree_bank_leace,RAC1P,mlp_0,False,50,120,0.046055812517649564
1,C_tree_bank_leace,RAC1P,mlp_1,False,40,120,0.03404062557606968
1,E_pca,SEX,mlp_0,False,10,120,0.2642749119220107
1,E_pca,SEX,mlp_1,False,10,120,0.24166865043339847
1,E_pca,RAC1P,mlp_0,False,15,120,0.24660817815113778
1,E_pca,RAC1P,mlp_1,False,15,120,0.20321675386151883
1,E_pca_leace,SEX,mlp_0,False,15,120,0.15302383329200597
1,E_pca_leace,SEX,mlp_1,False,15,120,0.14864960852155373
1,E_pca_leace,RAC1P,mlp_0,False,30,120,0.14842355969903176
1,E_pca_leace,RAC1P,mlp_1,False,25,120,0.1269241166639603
1,exposed,SEX,mlp_0,False,360,360,0.0
1,exposed,SEX,mlp_1,False,360,360,0.0
1,exposed,RAC1P,mlp_0,False,360,360,0.0
1,exposed,RAC1P,mlp_1,False,360,360,0.0
1,C_init,SEX,mlp_0,False,15,360,0.29067076916380663
1,C_init,SEX,mlp_1,False,15,360,0.26633629304559847
1,C_init,SEX,catchup,False,5,360,0.41802433243301773
1,C_init,RAC1P,mlp_0,False,35,360,0.27697691499025545
1,C_init,RAC1P,mlp_1,False,25,360,0.3172969898307676
1,C_init,RAC1P,catchup,False,5,360,0.5743853370615213
1,D_init,SEX,mlp_0,False,15,360,0.21256916221078748
1,D_init,SEX,mlp_1,False,20,360,0.24489231183775906
1,D_init,SEX,catchup,False,5,360,0.376999953253655
1,D_init,RAC1P,mlp_0,False,50,360,0.19288535852961863
1,D_init,RAC1P,mlp_1,False,40,360,0.24237748583761531
1,D_init,RAC1P,catchup,False,5,360,0.4775686686148679
1,C_bottleneck,SEX,mlp_0,False,30,120,0.05225745638532964
1,C_bottleneck,SEX,mlp_1,False,25,120,0.06656686400107403
1,C_bottleneck,SEX,catchup,False,15,120,0.10305400327055037
1,C_bottleneck,RAC1P,mlp_0,False,35,120,0.05112249916157019
1,C_bottleneck,RAC1P,mlp_1,False,40,120,0.04263579014677088
1,C_bottleneck,RAC1P,catchup,False,5,120,0.1325936175063791
1,D_protected,SEX,mlp_0,False,30,120,0.04400093841813335
1,D_protected,SEX,mlp_1,False,25,120,0.05402977795826047
1,D_protected,SEX,catchup,False,5,120,0.10690814712408825
1,D_protected,RAC1P,mlp_0,False,50,120,0.036549841488348944
1,D_protected,RAC1P,mlp_1,False,60,120,0.026901960259396507
1,D_protected,RAC1P,catchup,False,5,120,0.11495421316102061
1,PCA16,SEX,mlp_0,False,20,360,0.3284625109902536
1,PCA16,SEX,mlp_1,False,15,360,0.31318148139358903
1,PCA16,RAC1P,mlp_0,False,20,360,0.32189221971356097
1,PCA16,RAC1P,mlp_1,False,20,360,0.40754522417375494
2,beta1_C_warmup_only,SEX,mlp_0,False,20,360,0.3882558782183132
2,beta1_C_warmup_only,SEX,mlp_1,False,20,360,0.33542500057176716
2,beta1_C_warmup_only,SEX,catchup,False,15,360,0.4748738703035408
2,beta1_C_warmup_only,RAC1P,mlp_0,False,25,360,0.3922300108284509
2,beta1_C_warmup_only,RAC1P,mlp_1,False,30,360,0.4850761517730531
2,beta1_C_warmup_only,RAC1P,catchup,False,10,360,0.4943309530619835
2,beta1_D_warmup_only,SEX,mlp_0,False,15,360,0.2939958581899548
2,beta1_D_warmup_only,SEX,mlp_1,False,20,360,0.30367600825207086
2,beta1_D_warmup_only,SEX,catchup,False,5,360,0.43149215293410015
2,beta1_D_warmup_only,RAC1P,mlp_0,False,40,360,0.3341051644184756
2,beta1_D_warmup_only,RAC1P,mlp_1,False,40,360,0.3681404047449912
2,beta1_D_warmup_only,RAC1P,catchup,False,5,360,0.3422173584032715
2,R_rho0p1_C,SEX,mlp_0,False,15,360,0.3354695825176047
2,R_rho0p1_C,SEX,mlp_1,False,15,360,0.3148609519128056
2,R_rho0p1_C,SEX,catchup,False,20,360,0.34122687840598886
2,R_rho0p1_C,RAC1P,mlp_0,False,20,360,0.3201101721102486
2,R_rho0p1_C,RAC1P,mlp_1,False,20,360,0.4546906187149775
2,R_rho0p1_C,RAC1P,catchup,False,15,360,0.3539107386350715
2,R_rho0p1_D,SEX,mlp_0,False,15,360,0.33931341212728083
2,R_rho0p1_D,SEX,mlp_1,False,15,360,0.29224781770489894
2,R_rho0p1_D,SEX,catchup,False,10,360,0.39462483126495784
2,R_rho0p1_D,RAC1P,mlp_0,False,20,360,0.33448923048084667
2,R_rho0p1_D,RAC1P,mlp_1,False,20,360,0.4310566266526814
2,R_rho0p1_D,RAC1P,catchup,False,15,360,0.2998237381776099
2,B_rich_bank,SEX,mlp_0,False,50,360,0.058875301394397894
2,B_rich_bank,SEX,mlp_1,False,30,360,0.08424869270449886
2,B_rich_bank,RAC1P,mlp_0,False,70,360,0.06191762266375034
2,B_rich_bank,RAC1P,mlp_1,False,80,360,0.061834907646465265
2,B_rich_bank_leace,SEX,mlp_0,False,40,120,0.020335356535915672
2,B_rich_bank_leace,SEX,mlp_1,False,30,120,0.03476209919574058
2,B_rich_bank_leace,RAC1P,mlp_0,False,60,120,0.020992441604274603
2,B_rich_bank_leace,RAC1P,mlp_1,False,50,120,0.032709962601595866
2,C_tree_bank,SEX,mlp_0,False,10,360,0.2318869224650697
2,C_tree_bank,SEX,mlp_1,False,30,360,0.29314191347810337
2,C_tree_bank,RAC1P,mlp_0,False,25,360,0.20316335179788125
2,C_tree_bank,RAC1P,mlp_1,False,20,360,0.2515627887937719
2,C_tree_bank_leace,SEX,mlp_0,False,10,120,0.09722683539945454
2,C_tree_bank_leace,SEX,mlp_1,False,10,120,0.08774460836108422
2,C_tree_bank_leace,RAC1P,mlp_0,False,50,120,0.04722461455446658
2,C_tree_bank_leace,RAC1P,mlp_1,False,40,120,0.07428342166795265
2,E_pca,SEX,mlp_0,False,10,120,0.25226486702120887
2,E_pca,SEX,mlp_1,False,10,120,0.24842792578383555
2,E_pca,RAC1P,mlp_0,False,20,120,0.24652097825382402
2,E_pca,RAC1P,mlp_1,False,20,120,0.23594408826013447
2,E_pca_leace,SEX,mlp_0,False,15,120,0.1846825679042714
2,E_pca_leace,SEX,mlp_1,False,15,120,0.1772248248420667
2,E_pca_leace,RAC1P,mlp_0,False,25,120,0.18675630111998842
2,E_pca_leace,RAC1P,mlp_1,False,30,120,0.17771643191206743
2,exposed,SEX,mlp_0,False,360,360,0.0
2,exposed,SEX,mlp_1,False,360,360,0.0
2,exposed,RAC1P,mlp_0,False,360,360,0.0
2,exposed,RAC1P,mlp_1,False,360,360,0.0
2,C_init,SEX,mlp_0,False,30,360,0.33508216758975795
2,C_init,SEX,mlp_1,False,20,360,0.314839996442826
2,C_init,SEX,catchup,False,10,360,0.4775559344035607
2,C_init,RAC1P,mlp_0,False,35,360,0.3423125952784165
2,C_init,RAC1P,mlp_1,False,40,360,0.32133003140085803
2,C_init,RAC1P,catchup,False,20,360,0.42113158035835485
2,D_init,SEX,mlp_0,False,20,360,0.2741475983883648
2,D_init,SEX,mlp_1,False,20,360,0.258041372227356
2,D_init,SEX,catchup,False,10,360,0.43694662189937183
2,D_init,RAC1P,mlp_0,False,35,360,0.2909786683708111
2,D_init,RAC1P,mlp_1,False,50,360,0.2834268264581612
2,D_init,RAC1P,catchup,False,5,360,0.40170513102971817
2,C_bottleneck,SEX,mlp_0,False,15,120,0.051185220049681845
2,C_bottleneck,SEX,mlp_1,False,20,120,0.06973248799950438
2,C_bottleneck,SEX,catchup,False,15,120,0.12473137536281298
2,C_bottleneck,RAC1P,mlp_0,False,35,120,0.04589406621905012
2,C_bottleneck,RAC1P,mlp_1,False,40,120,0.04609266971426629
2,C_bottleneck,RAC1P,catchup,False,5,120,0.14233942433425306
2,D_protected,SEX,mlp_0,False,20,120,0.04495557805445172
2,D_protected,SEX,mlp_1,False,30,120,0.04393680803368527
2,D_protected,SEX,catchup,False,10,120,0.1072789676937379
2,D_protected,RAC1P,mlp_0,False,55,120,0.028916730748990815
2,D_protected,RAC1P,mlp_1,False,40,120,0.03268924125667061
2,D_protected,RAC1P,catchup,False,5,120,0.11985261217135501
2,PCA16,SEX,mlp_0,False,15,360,0.3173100835605903
2,PCA16,SEX,mlp_1,False,15,360,0.2576699971487465
2,PCA16,RAC1P,mlp_0,False,20,360,0.35702485025989716
2,PCA16,RAC1P,mlp_1,False,20,360,0.4094539902595469
0,E_direct,SEX,mlp_0,True,15,360,0.10356573422221804
0,E_direct,SEX,mlp_1,True,35,360,0.08461329374408444
0,E_direct,RAC1P,mlp_0,True,30,360,0.1236597592011337
0,E_direct,RAC1P,mlp_1,True,30,360,0.1233103972282632
0,S_direct,SEX,mlp_0,True,40,360,0.10950233541504228
0,S_direct,SEX,mlp_1,True,55,360,0.07412818332917936
0,S_direct,RAC1P,mlp_0,True,45,360,0.13927070905643335
0,S_direct,RAC1P,mlp_1,True,40,360,0.11992817166324055
1,E_direct,SEX,mlp_0,True,10,360,0.12694010564022207
1,E_direct,SEX,mlp_1,True,10,360,0.14734172907541532
1,E_direct,RAC1P,mlp_0,True,50,360,0.13614038488917934
1,E_direct,RAC1P,mlp_1,True,35,360,0.11509346554667754
1,S_direct,SEX,mlp_0,True,30,360,0.10977275609818093
1,S_direct,SEX,mlp_1,True,25,360,0.10848897958458492
1,S_direct,RAC1P,mlp_0,True,40,360,0.17724544501074657
1,S_direct,RAC1P,mlp_1,True,40,360,0.12138809996526967
2,E_direct,SEX,mlp_0,True,25,360,0.12175680594134453
2,E_direct,SEX,mlp_1,True,30,360,0.12455286849372182
2,E_direct,RAC1P,mlp_0,True,50,360,0.15273859782280508
2,E_direct,RAC1P,mlp_1,True,50,360,0.18602557432624756
2,S_direct,SEX,mlp_0,True,20,360,0.1250125934694587
2,S_direct,SEX,mlp_1,True,25,360,0.1447261142641323
2,S_direct,RAC1P,mlp_0,True,35,360,0.2113640779169943
2,S_direct,RAC1P,mlp_1,True,50,360,0.18571576205844287
0,R_rho0_C,SEX,mlp_0,True,20,360,0.2679462224883683
0,R_rho0_C,SEX,mlp_1,True,20,360,0.2745888288253886
0,R_rho0_C,SEX,catchup,True,15,360,0.3236914052407779
0,R_rho0_C,RAC1P,mlp_0,True,15,360,0.381000174957534
0,R_rho0_C,RAC1P,mlp_1,True,15,360,0.3443663191907371
0,R_rho0_C,RAC1P,catchup,True,5,360,0.31241003834923875
0,R_rho0_D,SEX,mlp_0,True,20,360,0.25525366750434864
0,R_rho0_D,SEX,mlp_1,True,20,360,0.2880925153963724
0,R_rho0_D,SEX,catchup,True,15,360,0.34885583576532475
0,R_rho0_D,RAC1P,mlp_0,True,15,360,0.3553904258612022
0,R_rho0_D,RAC1P,mlp_1,True,15,360,0.3366341339872403
0,R_rho0_D,RAC1P,catchup,True,5,360,0.32895386355488543
1,R_rho0_C,SEX,mlp_0,True,20,360,0.30905202551034094
1,R_rho0_C,SEX,mlp_1,True,15,360,0.3600477168749606
1,R_rho0_C,SEX,catchup,True,5,360,0.33751471920369414
1,R_rho0_C,RAC1P,mlp_0,True,20,360,0.32607772532232415
1,R_rho0_C,RAC1P,mlp_1,True,20,360,0.37276834739360054
1,R_rho0_C,RAC1P,catchup,True,5,360,0.2933594053056905
1,R_rho0_D,SEX,mlp_0,True,20,360,0.31912744066023846
1,R_rho0_D,SEX,mlp_1,True,10,360,0.37324767772638623
1,R_rho0_D,SEX,catchup,True,5,360,0.32859507448804914
1,R_rho0_D,RAC1P,mlp_0,True,20,360,0.3327940361157049
1,R_rho0_D,RAC1P,mlp_1,True,20,360,0.3649647072974753
1,R_rho0_D,RAC1P,catchup,True,5,360,0.29222826203566243
2,R_rho0_C,SEX,mlp_0,True,15,360,0.3404504368950063
2,R_rho0_C,SEX,mlp_1,True,15,360,0.30860141289630627
2,R_rho0_C,SEX,catchup,True,10,360,0.37367191960078516
2,R_rho0_C,RAC1P,mlp_0,True,25,360,0.37981808493574376
2,R_rho0_C,RAC1P,mlp_1,True,20,360,0.40275347041246023
2,R_rho0_C,RAC1P,catchup,True,15,360,0.30830375540737576
2,R_rho0_D,SEX,mlp_0,True,15,360,0.3242584092926435
2,R_rho0_D,SEX,mlp_1,True,15,360,0.3115344612514297
2,R_rho0_D,SEX,catchup,True,10,360,0.36867831179351296
2,R_rho0_D,RAC1P,mlp_0,True,20,360,0.35964834146159785
2,R_rho0_D,RAC1P,mlp_1,True,20,360,0.39632991706293486
2,R_rho0_D,RAC1P,catchup,True,15,360,0.2878504447620216
0,E_rho0p1_C,SEX,mlp_0,True,50,360,0.14434958014268018
0,E_rho0p1_C,SEX,mlp_1,True,40,360,0.1594863886099297
0,E_rho0p1_C,SEX,catchup,True,5,360,0.16515390427524035
0,E_rho0p1_C,RAC1P,mlp_0,True,30,360,0.17308088992922555
0,E_rho0p1_C,RAC1P,mlp_1,True,30,360,0.1800867909664816
0,E_rho0p1_C,RAC1P,catchup,True,5,360,0.18998793519002666
0,E_rho0p1_D,SEX,mlp_0,True,50,360,0.15042820200354023
0,E_rho0p1_D,SEX,mlp_1,True,40,360,0.1539064325956142
0,E_rho0p1_D,SEX,catchup,True,15,360,0.14951922019555963
0,E_rho0p1_D,RAC1P,mlp_0,True,30,360,0.18800396211758796
0,E_rho0p1_D,RAC1P,mlp_1,True,30,360,0.196105959017711
0,E_rho0p1_D,RAC1P,catchup,True,5,360,0.2080743808531238
1,E_rho0p1_C,SEX,mlp_0,True,25,360,0.1858566115072534
1,E_rho0p1_C,SEX,mlp_1,True,35,360,0.175310535653057
1,E_rho0p1_C,SEX,catchup,True,5,360,0.18102816907992025
1,E_rho0p1_C,RAC1P,mlp_0,True,50,360,0.19133310558903238
1,E_rho0p1_C,RAC1P,mlp_1,True,45,360,0.2539505957992687
1,E_rho0p1_C,RAC1P,catchup,True,5,360,0.1571877564839157
1,E_rho0p1_D,SEX,mlp_0,True,20,360,0.17541165673193537
1,E_rho0p1_D,SEX,mlp_1,True,25,360,0.1718865549440064
1,E_rho0p1_D,SEX,catchup,True,0,360,0.17682042395992292
1,E_rho0p1_D,RAC1P,mlp_0,True,50,360,0.20487932777701623
1,E_rho0p1_D,RAC1P,mlp_1,True,60,360,0.19864556753843843
1,E_rho0p1_D,RAC1P,catchup,True,5,360,0.1413199291616547
2,E_rho0p1_C,SEX,mlp_0,True,25,360,0.18755652197770922
2,E_rho0p1_C,SEX,mlp_1,True,30,360,0.18472821221986424
2,E_rho0p1_C,SEX,catchup,True,10,360,0.14834327155925553
2,E_rho0p1_C,RAC1P,mlp_0,True,35,360,0.23501498042917435
2,E_rho0p1_C,RAC1P,mlp_1,True,40,360,0.2380821776329758
2,E_rho0p1_C,RAC1P,catchup,True,5,360,0.12320727740073134
2,E_rho0p1_D,SEX,mlp_0,True,25,360,0.18558029753085192
2,E_rho0p1_D,SEX,mlp_1,True,20,360,0.2082354614782923
2,E_rho0p1_D,SEX,catchup,True,10,360,0.16365670764056195
2,E_rho0p1_D,RAC1P,mlp_0,True,35,360,0.20786949788839948
2,E_rho0p1_D,RAC1P,mlp_1,True,35,360,0.22135676929243675
2,E_rho0p1_D,RAC1P,catchup,True,5,360,0.13737858253452462
0,E_rho0_C,SEX,mlp_0,True,35,360,0.12622922917886703
0,E_rho0_C,SEX,mlp_1,True,40,360,0.12281506403510556
0,E_rho0_C,SEX,catchup,True,10,360,0.1597570078887649
0,E_rho0_C,RAC1P,mlp_0,True,25,360,0.1667944885888264
0,E_rho0_C,RAC1P,mlp_1,True,30,360,0.25419879049702265
0,E_rho0_C,RAC1P,catchup,True,5,360,0.17609943643568338
0,E_rho0_D,SEX,mlp_0,True,35,360,0.12881203351715187
0,E_rho0_D,SEX,mlp_1,True,40,360,0.14160949240946796
0,E_rho0_D,SEX,catchup,True,10,360,0.16615455719356442
0,E_rho0_D,RAC1P,mlp_0,True,25,360,0.15374897275375976
0,E_rho0_D,RAC1P,mlp_1,True,30,360,0.21130821499079566
0,E_rho0_D,RAC1P,catchup,True,5,360,0.17135898518565007
1,E_rho0_C,SEX,mlp_0,True,15,360,0.17024394819549638
1,E_rho0_C,SEX,mlp_1,True,25,360,0.177302238092376
1,E_rho0_C,SEX,catchup,True,0,360,0.18054014799625773
1,E_rho0_C,RAC1P,mlp_0,True,50,360,0.1726206022054304
1,E_rho0_C,RAC1P,mlp_1,True,45,360,0.20818667944539726
1,E_rho0_C,RAC1P,catchup,True,5,360,0.13389337670744506
1,E_rho0_D,SEX,mlp_0,True,15,360,0.15851735987654803
1,E_rho0_D,SEX,mlp_1,True,25,360,0.16374531966632433
1,E_rho0_D,SEX,catchup,True,0,360,0.15547185105024097
1,E_rho0_D,RAC1P,mlp_0,True,50,360,0.16826516543750025
1,E_rho0_D,RAC1P,mlp_1,True,35,360,0.20800912471115662
1,E_rho0_D,RAC1P,catchup,True,5,360,0.14640039469351307
2,E_rho0_C,SEX,mlp_0,True,15,360,0.18144561826550232
2,E_rho0_C,SEX,mlp_1,True,20,360,0.1562742567924924
2,E_rho0_C,SEX,catchup,True,20,360,0.14020307514194263
2,E_rho0_C,RAC1P,mlp_0,True,35,360,0.22995749718869796
2,E_rho0_C,RAC1P,mlp_1,True,40,360,0.21964790519253707
2,E_rho0_C,RAC1P,catchup,True,5,360,0.1425915723112574
2,E_rho0_D,SEX,mlp_0,True,15,360,0.16797355832192407
2,E_rho0_D,SEX,mlp_1,True,20,360,0.1730050614336639
2,E_rho0_D,SEX,catchup,True,10,360,0.15095584813175067
2,E_rho0_D,RAC1P,mlp_0,True,35,360,0.2284466620819019
2,E_rho0_D,RAC1P,mlp_1,True,35,360,0.25004977966908126
2,E_rho0_D,RAC1P,catchup,True,5,360,0.1534169933649041
0,S_rho0p1_C,SEX,mlp_0,True,25,360,0.17326136004768167
0,S_rho0p1_C,SEX,mlp_1,True,35,360,0.12469296885238901
0,S_rho0p1_C,SEX,catchup,True,5,360,0.16947680794929187
0,S_rho0p1_C,RAC1P,mlp_0,True,45,360,0.18795572200943278
0,S_rho0p1_C,RAC1P,mlp_1,True,40,360,0.2033893966518161
0,S_rho0p1_C,RAC1P,catchup,True,5,360,0.1451294026647194
0,S_rho0p1_D,SEX,mlp_0,True,25,360,0.16349189861930158
0,S_rho0p1_D,SEX,mlp_1,True,20,360,0.12699718954492178
0,S_rho0p1_D,SEX,catchup,True,5,360,0.16330485550462714
0,S_rho0p1_D,RAC1P,mlp_0,True,45,360,0.1572841482731
0,S_rho0p1_D,RAC1P,mlp_1,True,40,360,0.20783953126932997
0,S_rho0p1_D,RAC1P,catchup,True,5,360,0.15520657241627922
1,S_rho0p1_C,SEX,mlp_0,True,20,360,0.2198625738674882
1,S_rho0p1_C,SEX,mlp_1,True,25,360,0.21795149334628738
1,S_rho0p1_C,SEX,catchup,True,5,360,0.18425163203171457
1,S_rho0p1_C,RAC1P,mlp_0,True,40,360,0.19130442039877216
1,S_rho0p1_C,RAC1P,mlp_1,True,35,360,0.2324072242259947
1,S_rho0p1_C,RAC1P,catchup,True,5,360,0.18197957794309616
1,S_rho0p1_D,SEX,mlp_0,True,20,360,0.21756676433549083
1,S_rho0p1_D,SEX,mlp_1,True,20,360,0.1979964046239966
1,S_rho0p1_D,SEX,catchup,True,5,360,0.17747221861427798
1,S_rho0p1_D,RAC1P,mlp_0,True,40,360,0.21347514973562087
1,S_rho0p1_D,RAC1P,mlp_1,True,40,360,0.24299622172626667
1,S_rho0p1_D,RAC1P,catchup,True,5,360,0.1751830143793356
2,S_rho0p1_C,SEX,mlp_0,True,20,360,0.20460830390078832
2,S_rho0p1_C,SEX,mlp_1,True,30,360,0.14804155105354022
2,S_rho0p1_C,SEX,catchup,True,20,360,0.18921016302665183
2,S_rho0p1_C,RAC1P,mlp_0,True,40,360,0.22532760722417433
2,S_rho0p1_C,RAC1P,mlp_1,True,50,360,0.23749630496023078
2,S_rho0p1_C,RAC1P,catchup,True,5,360,0.18193046696381576
2,S_rho0p1_D,SEX,mlp_0,True,20,360,0.21506489610934376
2,S_rho0p1_D,SEX,mlp_1,True,20,360,0.17743477034823707
2,S_rho0p1_D,SEX,catchup,True,20,360,0.17403710706892828
2,S_rho0p1_D,RAC1P,mlp_0,True,35,360,0.2727099005159852
2,S_rho0p1_D,RAC1P,mlp_1,True,35,360,0.2075146416630913
2,S_rho0p1_D,RAC1P,catchup,True,5,360,0.1956825650625047
0,S_rho0_C,SEX,mlp_0,True,35,360,0.13628153109908792
0,S_rho0_C,SEX,mlp_1,True,45,360,0.12410829714199323
0,S_rho0_C,SEX,catchup,True,15,360,0.1442427150266713
0,S_rho0_C,RAC1P,mlp_0,True,35,360,0.1657267385203265
0,S_rho0_C,RAC1P,mlp_1,True,40,360,0.19362990557654514
0,S_rho0_C,RAC1P,catchup,True,5,360,0.15160254867479983
0,S_rho0_D,SEX,mlp_0,True,30,360,0.12785081389101582
0,S_rho0_D,SEX,mlp_1,True,35,360,0.13182671287482906
0,S_rho0_D,SEX,catchup,True,15,360,0.13486048627484926
0,S_rho0_D,RAC1P,mlp_0,True,45,360,0.17955607819664587
0,S_rho0_D,RAC1P,mlp_1,True,40,360,0.18210281847128296
0,S_rho0_D,RAC1P,catchup,True,5,360,0.15278072927544728
1,S_rho0_C,SEX,mlp_0,True,20,360,0.15631247788657265
1,S_rho0_C,SEX,mlp_1,True,20,360,0.19689263053198192
1,S_rho0_C,SEX,catchup,True,5,360,0.1795013327543571
1,S_rho0_C,RAC1P,mlp_0,True,40,360,0.183911362096302
1,S_rho0_C,RAC1P,mlp_1,True,35,360,0.18463571822668223
1,S_rho0_C,RAC1P,catchup,True,5,360,0.14329438284588703
1,S_rho0_D,SEX,mlp_0,True,20,360,0.16849145213463212
1,S_rho0_D,SEX,mlp_1,True,20,360,0.22366427691740576
1,S_rho0_D,SEX,catchup,True,5,360,0.16062185072192592
1,S_rho0_D,RAC1P,mlp_0,True,40,360,0.1690048372111732
1,S_rho0_D,RAC1P,mlp_1,True,35,360,0.19592789335108085
1,S_rho0_D,RAC1P,catchup,True,5,360,0.1688019159844436
2,S_rho0_C,SEX,mlp_0,True,20,360,0.20604884811269242
2,S_rho0_C,SEX,mlp_1,True,25,360,0.1379729041847133
2,S_rho0_C,SEX,catchup,True,20,360,0.17518694307315674
2,S_rho0_C,RAC1P,mlp_0,True,35,360,0.23397030562473908
2,S_rho0_C,RAC1P,mlp_1,True,25,360,0.19089405694811146
2,S_rho0_C,RAC1P,catchup,True,5,360,0.13184208121829455
2,S_rho0_D,SEX,mlp_0,True,20,360,0.18632293584822435
2,S_rho0_D,SEX,mlp_1,True,25,360,0.1565261006857449
2,S_rho0_D,SEX,catchup,True,10,360,0.1653212773749917
2,S_rho0_D,RAC1P,mlp_0,True,35,360,0.20467110852643078
2,S_rho0_D,RAC1P,mlp_1,True,25,360,0.20014676273770804
2,S_rho0_D,RAC1P,catchup,True,5,360,0.14805319434986952
