unit,seed,stage,point,diagnostic_scope,coefficients,protection_available,raw_protection_definition,protection_absence_reason,cosine_zero_policy,source_loss,reconstruction_mse,preservation_loss,normalized_adversary_ce,source_raw_mapper_l2,teacher_raw_mapper_l2,reconstruction_raw_mapper_l2,protection_raw_mapper_l2,teacher_reconstruction_raw_dot,teacher_reconstruction_raw_cosine,teacher_protection_raw_dot,teacher_protection_raw_cosine,source_protection_raw_dot,source_protection_raw_cosine,source_applied_mapper_l2,teacher_applied_mapper_l2,reconstruction_applied_mapper_l2,protection_applied_mapper_l2,teacher_reconstruction_applied_dot,teacher_reconstruction_applied_cosine,teacher_protection_applied_dot,teacher_protection_applied_cosine,source_protection_applied_dot,source_protection_applied_cosine,training_state_unchanged,torch_rng_unchanged,optimizer_steps,preservation_nonmapper_gradients_all_absent,source_coefficient,reconstruction_coefficient,preservation_coefficient,protection_coefficient,base_mapper_l2,protection_mapper_l2,applied_protection_mapper_l2,preservation_mapper_l2,applied_preservation_mapper_l2,protection_observer_basis,hypothetical_preobserver_warmup,diagnostic_observer_state_sha256
R_rho0,0,shared,initialization,shared-stage diagnostic,"{""source"":1.0,""teacher"":1.0,""reconstruction"":0.0,""protection"":0.0}",True,positive mean prior-entropy-normalized adversary CE,,None if either vector has zero norm,0.6965600848197937,0.980240523815155,1.5287007110073277e-15,1.3740801811218262,0.3163543939590454,3.178401186687552e-08,0.08660498261451721,0.06335291266441345,1.589830350701149e-11,0.005775627699720607,-1.7894449810818003e-11,-0.00888675176854733,-0.0020154397934675217,-0.10056095099598605,0.3163543939590454,3.178401186687552e-08,0.0,0.0,0.0,,0.0,,0.0,,True,True,0,True,1.0,0.0,1.0,0.0,0.3163543939590454,0.006335291266441345,0.0,3.178401186687552e-08,3.178401186687552e-08,disposable original initialization,True,54a70f9f7e480640cb1c6cd2db163d92648326678747e8b91cba46317608d9b4
R_rho0,0,shared,after_base_warmup,shared-stage diagnostic,"{""source"":1.0,""teacher"":1.0,""reconstruction"":0.0,""protection"":0.0}",True,positive mean prior-entropy-normalized adversary CE,,None if either vector has zero norm,0.3643307685852051,0.9811286926269531,0.013636654242873192,1.374639630317688,0.19504159688949585,0.16026613116264343,0.08621516078710556,0.06778238713741302,0.0003167374525219202,0.022923135618674133,0.0006892494857311249,0.06344798555265556,-0.0011395897017791867,-0.08619943362791076,0.19504159688949585,0.16026613116264343,0.0,0.0,0.0,,0.0,,0.0,,True,True,0,True,1.0,0.0,1.0,0.0,0.19504159688949585,0.006778238713741303,0.0,0.16026613116264343,0.16026613116264343,disposable original initialization,True,54a70f9f7e480640cb1c6cd2db163d92648326678747e8b91cba46317608d9b4
R_rho0,0,shared,shared_fork,D-objective hypothetical at frozen fork; no shared-stage update,"{""source"":1.0,""teacher"":1.0,""reconstruction"":0.0,""protection"":-0.1}",True,positive mean prior-entropy-normalized adversary CE,,None if either vector has zero norm,0.3643307685852051,0.9811286926269531,0.013636654242873192,0.9054480791091919,0.19504159688949585,0.16026613116264343,0.08621516078710556,0.2854040265083313,0.0003167374525219202,0.022923135618674133,-0.007014963775873184,-0.15336405527548855,0.006863063666969538,0.12329080488552983,0.19504159688949585,0.16026613116264343,0.0,0.02854040078818798,0.0,,0.0007014963775873184,0.1533640652845566,-0.0006863063899800181,-0.12329081711457622,True,True,0,True,1.0,0.0,1.0,-0.1,0.19504159688949585,0.02854040265083313,0.02854040078818798,0.16026613116264343,0.16026613116264343,actual current observers,False,6eeb7098516c6274983df3299f03a9b3805abe89ba4783fedab98711e104350b
R_rho0,0,C,shared_fork,,"{""source"":1.0,""teacher"":1.0,""reconstruction"":0.0,""protection"":0.0}",True,positive mean prior-entropy-normalized adversary CE,,None if either vector has zero norm,0.3643307685852051,0.9811286926269531,0.013636654242873192,0.9054480791091919,0.19504159688949585,0.16026613116264343,0.08621516078710556,0.2854040265083313,0.0003167374525219202,0.022923135618674133,-0.007014963775873184,-0.15336405527548855,0.006863063666969538,0.12329080488552983,0.19504159688949585,0.16026613116264343,0.0,0.0,0.0,,0.0,,0.0,,True,True,0,True,1.0,0.0,1.0,0.0,0.19504159688949585,0.02854040265083313,0.0,0.16026613116264343,0.16026613116264343,actual current observers,False,6eeb7098516c6274983df3299f03a9b3805abe89ba4783fedab98711e104350b
R_rho0,0,C,final,,"{""source"":1.0,""teacher"":1.0,""reconstruction"":0.0,""protection"":0.0}",True,positive mean prior-entropy-normalized adversary CE,,None if either vector has zero norm,0.34706971049308777,0.9803087711334229,0.009230591356754303,0.8401476144790649,0.2796221077442169,0.12395079433917999,0.08439094573259354,0.8512183427810669,-0.00018824631115421653,-0.017996220528395755,-0.007655818946659565,-0.07256068372101115,-0.004236464388668537,-0.017798814690391938,0.2796221077442169,0.12395079433917999,0.0,0.0,0.0,,0.0,,0.0,,True,True,0,True,1.0,0.0,1.0,0.0,0.2796221077442169,0.0851218342781067,0.0,0.12395079433917999,0.12395079433917999,actual current observers,False,82f0984b0aaa4cd7382949d7a7fa2c40622e8e20637e91b43003ab838c081035
R_rho0,0,D,shared_fork,,"{""source"":1.0,""teacher"":1.0,""reconstruction"":0.0,""protection"":-0.1}",True,positive mean prior-entropy-normalized adversary CE,,None if either vector has zero norm,0.3643307685852051,0.9811286926269531,0.013636654242873192,0.9054480791091919,0.19504159688949585,0.16026613116264343,0.08621516078710556,0.2854040265083313,0.0003167374525219202,0.022923135618674133,-0.007014963775873184,-0.15336405527548855,0.006863063666969538,0.12329080488552983,0.19504159688949585,0.16026613116264343,0.0,0.02854040078818798,0.0,,0.0007014963775873184,0.1533640652845566,-0.0006863063899800181,-0.12329081711457622,True,True,0,True,1.0,0.0,1.0,-0.1,0.19504159688949585,0.02854040265083313,0.02854040078818798,0.16026613116264343,0.16026613116264343,actual current observers,False,6eeb7098516c6274983df3299f03a9b3805abe89ba4783fedab98711e104350b
R_rho0,0,D,final,,"{""source"":1.0,""teacher"":1.0,""reconstruction"":0.0,""protection"":-0.1}",True,positive mean prior-entropy-normalized adversary CE,,None if either vector has zero norm,0.3465312719345093,0.9801440834999084,0.009991146624088287,0.8414548635482788,0.2774514853954315,0.1625138819217682,0.08292003720998764,0.821656346321106,-0.0014766213716939092,-0.10957694728956832,-0.015829961746931076,-0.11854935272437885,-0.003512335941195488,-0.015407024725646019,0.2774514853954315,0.1625138819217682,0.0,0.08216563612222672,0.0,,0.0015829962212592363,0.1185493540617264,0.0003512335824780166,0.015407023935570486,True,True,0,True,1.0,0.0,1.0,-0.1,0.2774514853954315,0.0821656346321106,0.08216563612222672,0.1625138819217682,0.1625138819217682,actual current observers,False,5aeb920d707280afeccd761816e6dc98299f1f139158c397e71645a7a7a12cad
R_rho0,1,shared,initialization,shared-stage diagnostic,"{""source"":1.0,""teacher"":1.0,""reconstruction"":0.0,""protection"":0.0}",True,positive mean prior-entropy-normalized adversary CE,,None if either vector has zero norm,0.7023024559020996,1.0667866468429565,1.4696623028254661e-15,1.3523070812225342,0.28667011857032776,2.9076636209879325e-08,0.08062081784009933,0.042661238461732864,1.3210720711809287e-11,0.005635534968635916,3.3801458160231945e-11,0.027249454579002297,0.0026137661188840866,0.21372279204293185,0.28667011857032776,2.9076636209879325e-08,0.0,0.0,0.0,,0.0,,0.0,,True,True,0,True,1.0,0.0,1.0,0.0,0.28667011857032776,0.004266123846173287,0.0,2.9076636209879325e-08,2.9076636209879325e-08,disposable original initialization,True,461a93d1af3d235cfdb1a278b996a814d1fa027de682e23dae6fc3211ef2158a
R_rho0,1,shared,after_base_warmup,shared-stage diagnostic,"{""source"":1.0,""teacher"":1.0,""reconstruction"":0.0,""protection"":0.0}",True,positive mean prior-entropy-normalized adversary CE,,None if either vector has zero norm,0.365849107503891,1.0667486190795898,0.012478144839406013,1.3509900569915771,0.185069739818573,0.14818882942199707,0.07859901338815689,0.04643410071730614,0.0010895748855546117,0.09354584928923837,-0.002160949632525444,-0.31404518416658006,0.00016090423741843551,0.018723844597658836,0.185069739818573,0.14818882942199707,0.0,0.0,0.0,,0.0,,0.0,,True,True,0,True,1.0,0.0,1.0,0.0,0.185069739818573,0.004643410071730614,0.0,0.14818882942199707,0.14818882942199707,disposable original initialization,True,461a93d1af3d235cfdb1a278b996a814d1fa027de682e23dae6fc3211ef2158a
R_rho0,1,shared,shared_fork,D-objective hypothetical at frozen fork; no shared-stage update,"{""source"":1.0,""teacher"":1.0,""reconstruction"":0.0,""protection"":-0.1}",True,positive mean prior-entropy-normalized adversary CE,,None if either vector has zero norm,0.365849107503891,1.0667486190795898,0.012478144839406013,0.9300244450569153,0.185069739818573,0.14818882942199707,0.07859901338815689,0.3465190827846527,0.0010895748855546117,0.09354584928923837,0.0026562344282865524,0.05172777256678779,0.007294922601431608,0.11375175814740426,0.185069739818573,0.14818882942199707,0.0,0.03465191647410393,0.0,,-0.00026562344282865524,-0.05172776033248228,-0.0007294922834262252,-0.11375173487419422,True,True,0,True,1.0,0.0,1.0,-0.1,0.185069739818573,0.034651908278465274,0.03465191647410393,0.14818882942199707,0.14818882942199707,actual current observers,False,550aa993170761f57710837a4bdbb6d8075a7398873a93224a80bec9bd426321
R_rho0,1,C,shared_fork,,"{""source"":1.0,""teacher"":1.0,""reconstruction"":0.0,""protection"":0.0}",True,positive mean prior-entropy-normalized adversary CE,,None if either vector has zero norm,0.365849107503891,1.0667486190795898,0.012478144839406013,0.9300244450569153,0.185069739818573,0.14818882942199707,0.07859901338815689,0.3465190827846527,0.0010895748855546117,0.09354584928923837,0.0026562344282865524,0.05172777256678779,0.007294922601431608,0.11375175814740426,0.185069739818573,0.14818882942199707,0.0,0.0,0.0,,0.0,,0.0,,True,True,0,True,1.0,0.0,1.0,0.0,0.185069739818573,0.034651908278465274,0.0,0.14818882942199707,0.14818882942199707,actual current observers,False,550aa993170761f57710837a4bdbb6d8075a7398873a93224a80bec9bd426321
R_rho0,1,C,final,,"{""source"":1.0,""teacher"":1.0,""reconstruction"":0.0,""protection"":0.0}",True,positive mean prior-entropy-normalized adversary CE,,None if either vector has zero norm,0.35120734572410583,1.0670493841171265,0.009204070083796978,0.8379167318344116,0.2701861560344696,0.13953033089637756,0.07939204573631287,0.9911701083183289,0.0005819533835165203,0.05253425533817699,0.010141600854694843,0.0733313522596397,-0.0008994229137897491,-0.0033585565005351536,0.2701861560344696,0.13953033089637756,0.0,0.0,0.0,,0.0,,0.0,,True,True,0,True,1.0,0.0,1.0,0.0,0.2701861560344696,0.09911701083183289,0.0,0.13953033089637756,0.13953033089637756,actual current observers,False,3c2a5c02f331230a0b8863e1ba6e22e1790ae425d287ebe19ae13e79cd6feb4c
R_rho0,1,D,shared_fork,,"{""source"":1.0,""teacher"":1.0,""reconstruction"":0.0,""protection"":-0.1}",True,positive mean prior-entropy-normalized adversary CE,,None if either vector has zero norm,0.365849107503891,1.0667486190795898,0.012478144839406013,0.9300244450569153,0.185069739818573,0.14818882942199707,0.07859901338815689,0.3465190827846527,0.0010895748855546117,0.09354584928923837,0.0026562344282865524,0.05172777256678779,0.007294922601431608,0.11375175814740426,0.185069739818573,0.14818882942199707,0.0,0.03465191647410393,0.0,,-0.00026562344282865524,-0.05172776033248228,-0.0007294922834262252,-0.11375173487419422,True,True,0,True,1.0,0.0,1.0,-0.1,0.185069739818573,0.034651908278465274,0.03465191647410393,0.14818882942199707,0.14818882942199707,actual current observers,False,550aa993170761f57710837a4bdbb6d8075a7398873a93224a80bec9bd426321
R_rho0,1,D,final,,"{""source"":1.0,""teacher"":1.0,""reconstruction"":0.0,""protection"":-0.1}",True,positive mean prior-entropy-normalized adversary CE,,None if either vector has zero norm,0.35054996609687805,1.0671405792236328,0.009376432746648788,0.8442424535751343,0.2597086727619171,0.14228393137454987,0.07914162427186966,0.8794728517532349,0.001370466547086835,0.12170477650575469,0.021185141056776047,0.16929848263544828,0.01548435352742672,0.06779289614980959,0.2597086727619171,0.14228393137454987,0.0,0.0879472941160202,0.0,,-0.0021185139194130898,-0.169298450539512,-0.0015484353061765432,-0.06779288721926623,True,True,0,True,1.0,0.0,1.0,-0.1,0.2597086727619171,0.08794728517532349,0.0879472941160202,0.14228393137454987,0.14228393137454987,actual current observers,False,0a0865cc39316bcc6d77d9ac3129aa09e5d248fb4a300a35bd2a4904b010e187
R_rho0,2,shared,initialization,shared-stage diagnostic,"{""source"":1.0,""teacher"":1.0,""reconstruction"":0.0,""protection"":0.0}",True,positive mean prior-entropy-normalized adversary CE,,None if either vector has zero norm,0.7162373065948486,0.986204206943512,1.6932809067247328e-15,1.375321865081787,0.28108012676239014,3.8309252659018966e-08,0.09315593540668488,0.052847426384687424,3.251639790757821e-10,0.09111465153264638,9.140098400362007e-11,0.04514642327282319,-0.0002193513500969857,-0.014766797815101729,0.28108012676239014,3.8309252659018966e-08,0.0,0.0,0.0,,0.0,,0.0,,True,True,0,True,1.0,0.0,1.0,0.0,0.28108012676239014,0.0052847426384687425,0.0,3.8309252659018966e-08,3.8309252659018966e-08,disposable original initialization,True,2bbf69d3625d3fe8f25e63b97e565ff5d9ea0c21e0014a3e29d2f5e0270fc129
R_rho0,2,shared,after_base_warmup,shared-stage diagnostic,"{""source"":1.0,""teacher"":1.0,""reconstruction"":0.0,""protection"":0.0}",True,positive mean prior-entropy-normalized adversary CE,,None if either vector has zero norm,0.3848450481891632,0.9859821796417236,0.011250540614128113,1.375300645828247,0.17373743653297424,0.13623954355716705,0.0870513767004013,0.055817559361457825,0.0008893738267943263,0.07499037421383775,-4.3662214011419564e-05,-0.005741584108034274,0.0005175465485081077,0.05336852063880179,0.17373743653297424,0.13623954355716705,0.0,0.0,0.0,,0.0,,0.0,,True,True,0,True,1.0,0.0,1.0,0.0,0.17373743653297424,0.005581755936145783,0.0,0.13623954355716705,0.13623954355716705,disposable original initialization,True,2bbf69d3625d3fe8f25e63b97e565ff5d9ea0c21e0014a3e29d2f5e0270fc129
R_rho0,2,shared,shared_fork,D-objective hypothetical at frozen fork; no shared-stage update,"{""source"":1.0,""teacher"":1.0,""reconstruction"":0.0,""protection"":-0.1}",True,positive mean prior-entropy-normalized adversary CE,,None if either vector has zero norm,0.3848450481891632,0.9859821796417236,0.011250540614128113,0.8528016805648804,0.17373743653297424,0.13623954355716705,0.0870513767004013,0.23215621709823608,0.0008893738267943263,0.07499037421383775,0.00037278796662576497,0.011786324305670783,-0.00042080681305378675,-0.010432995855696655,0.17373743653297424,0.13623954355716705,0.0,0.02321561984717846,0.0,,-3.727881994564086e-05,-0.011786332612652575,4.208071914035827e-05,0.010433006073127655,True,True,0,True,1.0,0.0,1.0,-0.1,0.17373743653297424,0.02321562170982361,0.02321561984717846,0.13623954355716705,0.13623954355716705,actual current observers,False,9384a433fbc1107b7e26f81d28d20a845345d1181eabc4014d78f34090164952
R_rho0,2,C,shared_fork,,"{""source"":1.0,""teacher"":1.0,""reconstruction"":0.0,""protection"":0.0}",True,positive mean prior-entropy-normalized adversary CE,,None if either vector has zero norm,0.3848450481891632,0.9859821796417236,0.011250540614128113,0.8528016805648804,0.17373743653297424,0.13623954355716705,0.0870513767004013,0.23215621709823608,0.0008893738267943263,0.07499037421383775,0.00037278796662576497,0.011786324305670783,-0.00042080681305378675,-0.010432995855696655,0.17373743653297424,0.13623954355716705,0.0,0.0,0.0,,0.0,,0.0,,True,True,0,True,1.0,0.0,1.0,0.0,0.17373743653297424,0.02321562170982361,0.0,0.13623954355716705,0.13623954355716705,actual current observers,False,9384a433fbc1107b7e26f81d28d20a845345d1181eabc4014d78f34090164952
R_rho0,2,C,final,,"{""source"":1.0,""teacher"":1.0,""reconstruction"":0.0,""protection"":0.0}",True,positive mean prior-entropy-normalized adversary CE,,None if either vector has zero norm,0.37430596351623535,0.9870216846466064,0.00858032051473856,0.7852858901023865,0.2736351788043976,0.11647732555866241,0.08896715939044952,0.7440689206123352,0.00013294830569066107,0.012829557941175391,-0.00402242224663496,-0.04641230131348194,-0.004741719923913479,-0.023288998000681592,0.2736351788043976,0.11647732555866241,0.0,0.0,0.0,,0.0,,0.0,,True,True,0,True,1.0,0.0,1.0,0.0,0.2736351788043976,0.07440689206123352,0.0,0.11647732555866241,0.11647732555866241,actual current observers,False,5029c8b34a9e7f671df37722e57e75800ade0994d7cf48e0c6acab672ca902ae
R_rho0,2,D,shared_fork,,"{""source"":1.0,""teacher"":1.0,""reconstruction"":0.0,""protection"":-0.1}",True,positive mean prior-entropy-normalized adversary CE,,None if either vector has zero norm,0.3848450481891632,0.9859821796417236,0.011250540614128113,0.8528016805648804,0.17373743653297424,0.13623954355716705,0.0870513767004013,0.23215621709823608,0.0008893738267943263,0.07499037421383775,0.00037278796662576497,0.011786324305670783,-0.00042080681305378675,-0.010432995855696655,0.17373743653297424,0.13623954355716705,0.0,0.02321561984717846,0.0,,-3.727881994564086e-05,-0.011786332612652575,4.208071914035827e-05,0.010433006073127655,True,True,0,True,1.0,0.0,1.0,-0.1,0.17373743653297424,0.02321562170982361,0.02321561984717846,0.13623954355716705,0.13623954355716705,actual current observers,False,9384a433fbc1107b7e26f81d28d20a845345d1181eabc4014d78f34090164952
R_rho0,2,D,final,,"{""source"":1.0,""teacher"":1.0,""reconstruction"":0.0,""protection"":-0.1}",True,positive mean prior-entropy-normalized adversary CE,,None if either vector has zero norm,0.3755771219730377,0.9871058464050293,0.00914081186056137,0.7755335569381714,0.2841135859489441,0.13107797503471375,0.08941739052534103,0.7161211967468262,0.0013625884894281626,0.11625536410375244,0.0025019687600433826,0.026654198667631433,0.004369053058326244,0.021473794292044417,0.2841135859489441,0.13107797503471375,0.0,0.07161212712526321,0.0,,-0.00025019689928740263,-0.026654198374920272,-0.0004369053931441158,-0.021473796349233472,True,True,0,True,1.0,0.0,1.0,-0.1,0.2841135859489441,0.07161211967468262,0.07161212712526321,0.13107797503471375,0.13107797503471375,actual current observers,False,25ab9ac592247873b4cf60aedbdd4a38e022cd4fdd21121fc8108cc90e8053b5
E_rho0p1,0,shared,initialization,shared-stage diagnostic,"{""source"":1.0,""teacher"":1.0,""reconstruction"":0.1,""protection"":0.0}",True,positive mean prior-entropy-normalized adversary CE,,None if either vector has zero norm,0.6965600848197937,0.980240523815155,0.5543379187583923,1.3740801811218262,0.3163543939590454,0.9182758927345276,0.08660498261451721,0.06335291266441345,0.004643094725906849,0.05838368220981885,0.012898195534944534,0.2217119935512801,-0.0020154397934675217,-0.10056095099598605,0.3163543939590454,0.9182758927345276,0.008660498075187206,0.0,0.0004643095307983458,0.05838369078470625,0.0,,0.0,,True,True,0,True,1.0,0.1,1.0,0.0,0.3162907063961029,0.006335291266441345,0.0,0.9182758927345276,0.9182758927345276,disposable original initialization,True,54a70f9f7e480640cb1c6cd2db163d92648326678747e8b91cba46317608d9b4
E_rho0p1,0,shared,after_base_warmup,shared-stage diagnostic,"{""source"":1.0,""teacher"":1.0,""reconstruction"":0.1,""protection"":0.0}",True,positive mean prior-entropy-normalized adversary CE,,None if either vector has zero norm,0.3676149845123291,0.4061500132083893,0.035569265484809875,1.3653075695037842,0.3086405396461487,0.2418016642332077,0.6590918898582458,0.06585292518138885,0.005156589671969414,0.03235618583927957,0.0026141004636883736,0.16416777700900884,0.0005609818617813289,0.02760074334994148,0.3086405396461487,0.2418016642332077,0.06590919196605682,0.0,0.0005156590486876667,0.03235618948954118,0.0,,0.0,,True,True,0,True,1.0,0.1,1.0,0.0,0.3210933804512024,0.0065852925181388855,0.0,0.2418016642332077,0.2418016642332077,disposable original initialization,True,54a70f9f7e480640cb1c6cd2db163d92648326678747e8b91cba46317608d9b4
E_rho0p1,0,shared,shared_fork,D-objective hypothetical at frozen fork; no shared-stage update,"{""source"":1.0,""teacher"":1.0,""reconstruction"":0.1,""protection"":-0.1}",True,positive mean prior-entropy-normalized adversary CE,,None if either vector has zero norm,0.3676149845123291,0.4061500132083893,0.035569265484809875,0.9325140714645386,0.3086405396461487,0.2418016642332077,0.6590918898582458,0.7523635029792786,0.005156589671969414,0.03235618583927957,0.008514718152582645,0.046804032409197525,0.0006149479886516929,0.0026482421638907164,0.3086405396461487,0.2418016642332077,0.06590919196605682,0.07523635029792786,0.0005156590486876667,0.03235618948954118,-0.000851471908390522,-0.04680403752852751,-6.14947421126999e-05,-0.0026482397198745538,True,True,0,True,1.0,0.1,1.0,-0.1,0.3210933804512024,0.07523635029792786,0.07523635029792786,0.2418016642332077,0.2418016642332077,actual current observers,False,24dcf92b8ad8d430248cad7ac9ef7afe882fc709a967228f3501d6fbe1124371
E_rho0p1,0,C,shared_fork,,"{""source"":1.0,""teacher"":1.0,""reconstruction"":0.1,""protection"":0.0}",True,positive mean prior-entropy-normalized adversary CE,,None if either vector has zero norm,0.3676149845123291,0.4061500132083893,0.035569265484809875,0.9325140714645386,0.3086405396461487,0.2418016642332077,0.6590918898582458,0.7523635029792786,0.005156589671969414,0.03235618583927957,0.008514718152582645,0.046804032409197525,0.0006149479886516929,0.0026482421638907164,0.3086405396461487,0.2418016642332077,0.06590919196605682,0.0,0.0005156590486876667,0.03235618948954118,0.0,,0.0,,True,True,0,True,1.0,0.1,1.0,0.0,0.3210933804512024,0.07523635029792786,0.0,0.2418016642332077,0.2418016642332077,actual current observers,False,24dcf92b8ad8d430248cad7ac9ef7afe882fc709a967228f3501d6fbe1124371
E_rho0p1,0,C,final,,"{""source"":1.0,""teacher"":1.0,""reconstruction"":0.1,""protection"":0.0}",True,positive mean prior-entropy-normalized adversary CE,,None if either vector has zero norm,0.3424486219882965,0.31186774373054504,0.025206660851836205,0.8824078440666199,0.5136526823043823,0.15445493161678314,1.5968290567398071,1.9181544780731201,0.03205299749970436,0.1299596231949011,0.02033812925219536,0.06864764505986942,0.021631641313433647,0.02195514616055311,0.5136526823043823,0.15445493161678314,0.15968289971351624,0.0,0.003205300075933337,0.12995964126213044,0.0,,0.0,,True,True,0,True,1.0,0.1,1.0,0.0,0.546929121017456,0.19181544780731202,0.0,0.15445493161678314,0.15445493161678314,actual current observers,False,8b6514b44108ac4013cfc728eb55c22ac6acf2db4ed721f853e9bf55936f993b
E_rho0p1,0,D,shared_fork,,"{""source"":1.0,""teacher"":1.0,""reconstruction"":0.1,""protection"":-0.1}",True,positive mean prior-entropy-normalized adversary CE,,None if either vector has zero norm,0.3676149845123291,0.4061500132083893,0.035569265484809875,0.9325140714645386,0.3086405396461487,0.2418016642332077,0.6590918898582458,0.7523635029792786,0.005156589671969414,0.03235618583927957,0.008514718152582645,0.046804032409197525,0.0006149479886516929,0.0026482421638907164,0.3086405396461487,0.2418016642332077,0.06590919196605682,0.07523635029792786,0.0005156590486876667,0.03235618948954118,-0.000851471908390522,-0.04680403752852751,-6.14947421126999e-05,-0.0026482397198745538,True,True,0,True,1.0,0.1,1.0,-0.1,0.3210933804512024,0.07523635029792786,0.07523635029792786,0.2418016642332077,0.2418016642332077,actual current observers,False,24dcf92b8ad8d430248cad7ac9ef7afe882fc709a967228f3501d6fbe1124371
E_rho0p1,0,D,final,,"{""source"":1.0,""teacher"":1.0,""reconstruction"":0.1,""protection"":-0.1}",True,positive mean prior-entropy-normalized adversary CE,,None if either vector has zero norm,0.3441542685031891,0.3194255232810974,0.025202054530382156,0.8795038461685181,0.5064165592193604,0.16277338564395905,2.6747446060180664,1.4631839990615845,0.12763799726963043,0.29316644724207047,0.01883179135620594,0.07906955486283669,0.04660937190055847,0.06290228314165144,0.5064165592193604,0.16277338564395905,0.2674744725227356,0.14631839096546173,0.012763801962137222,0.2931664855148802,-0.001883178949356079,-0.07906955187359463,-0.004660937003791332,-0.06290228447150027,True,True,0,True,1.0,0.1,1.0,-0.1,0.5841469168663025,0.14631839990615844,0.14631839096546173,0.16277338564395905,0.16277338564395905,actual current observers,False,855961f584940609cf0c75988c0c5326b9f85b25722e3a6133708d5737b2c89b
E_rho0p1,1,shared,initialization,shared-stage diagnostic,"{""source"":1.0,""teacher"":1.0,""reconstruction"":0.1,""protection"":0.0}",True,positive mean prior-entropy-normalized adversary CE,,None if either vector has zero norm,0.7023024559020996,1.0667866468429565,0.5797746181488037,1.3523070812225342,0.28667011857032776,1.0656931400299072,0.08062081784009933,0.042661238461732864,0.01780080981552601,0.20718599270213076,-0.003081050468608737,-0.06776932861506824,0.0026137661188840866,0.21372279204293185,0.28667011857032776,1.0656931400299072,0.008062081411480904,0.0,0.0017800810746848583,0.20718601311547566,0.0,,0.0,,True,True,0,True,1.0,0.1,1.0,0.0,0.2865167558193207,0.004266123846173287,0.0,1.0656931400299072,1.0656931400299072,disposable original initialization,True,461a93d1af3d235cfdb1a278b996a814d1fa027de682e23dae6fc3211ef2158a
E_rho0p1,1,shared,after_base_warmup,shared-stage diagnostic,"{""source"":1.0,""teacher"":1.0,""reconstruction"":0.1,""protection"":0.0}",True,positive mean prior-entropy-normalized adversary CE,,None if either vector has zero norm,0.361931174993515,0.45404449105262756,0.037955109030008316,1.3518966436386108,0.3360133469104767,0.27247360348701477,0.6734761595726013,0.048811137676239014,0.0006903540343046188,0.0037620555591997935,-0.003033439628779888,-0.2280825136134936,0.0008233768166974187,0.050202249293285164,0.3360133469104767,0.27247360348701477,0.06734761595726013,0.0,6.903568282723427e-05,0.003762070784810546,0.0,,0.0,,True,True,0,True,1.0,0.1,1.0,0.0,0.34443119168281555,0.004881113767623901,0.0,0.27247360348701477,0.27247360348701477,disposable original initialization,True,461a93d1af3d235cfdb1a278b996a814d1fa027de682e23dae6fc3211ef2158a
E_rho0p1,1,shared,shared_fork,D-objective hypothetical at frozen fork; no shared-stage update,"{""source"":1.0,""teacher"":1.0,""reconstruction"":0.1,""protection"":-0.1}",True,positive mean prior-entropy-normalized adversary CE,,None if either vector has zero norm,0.361931174993515,0.45404449105262756,0.037955109030008316,0.9541836380958557,0.3360133469104767,0.27247360348701477,0.6734761595726013,1.3123900890350342,0.0006903540343046188,0.0037620555591997935,0.0002725226804614067,0.0007621058135020724,-0.01834326609969139,-0.04159653887463932,0.3360133469104767,0.27247360348701477,0.06734761595726013,0.13123901188373566,6.903568282723427e-05,0.003762070784810546,-2.725230297073722e-05,-0.0007621067728572144,0.0018343266565352678,0.041596538986014876,True,True,0,True,1.0,0.1,1.0,-0.1,0.34443119168281555,0.13123900890350343,0.13123901188373566,0.27247360348701477,0.27247360348701477,actual current observers,False,115352c0f77a1442c8f4eda173edb7f9439c6bdecf590dffd81e6ef62e7ba2a9
E_rho0p1,1,C,shared_fork,,"{""source"":1.0,""teacher"":1.0,""reconstruction"":0.1,""protection"":0.0}",True,positive mean prior-entropy-normalized adversary CE,,None if either vector has zero norm,0.361931174993515,0.45404449105262756,0.037955109030008316,0.9541836380958557,0.3360133469104767,0.27247360348701477,0.6734761595726013,1.3123900890350342,0.0006903540343046188,0.0037620555591997935,0.0002725226804614067,0.0007621058135020724,-0.01834326609969139,-0.04159653887463932,0.3360133469104767,0.27247360348701477,0.06734761595726013,0.0,6.903568282723427e-05,0.003762070784810546,0.0,,0.0,,True,True,0,True,1.0,0.1,1.0,0.0,0.34443119168281555,0.13123900890350343,0.0,0.27247360348701477,0.27247360348701477,actual current observers,False,115352c0f77a1442c8f4eda173edb7f9439c6bdecf590dffd81e6ef62e7ba2a9
E_rho0p1,1,C,final,,"{""source"":1.0,""teacher"":1.0,""reconstruction"":0.1,""protection"":0.0}",True,positive mean prior-entropy-normalized adversary CE,,None if either vector has zero norm,0.34739813208580017,0.3042283058166504,0.027677129954099655,0.8905380964279175,0.487805038690567,0.19801652431488037,1.448414921760559,1.6777613162994385,0.00022701954003423452,0.0007915326171540267,0.03551209717988968,0.10689187876362893,0.11770102381706238,0.14381486628716594,0.487805038690567,0.19801652431488037,0.1448414921760559,0.0,2.2701759007759392e-05,0.0007915258183811861,0.0,,0.0,,True,True,0,True,1.0,0.1,1.0,0.0,0.51315838098526,0.16777613162994387,0.0,0.19801652431488037,0.19801652431488037,actual current observers,False,2d4d9a99ae6ce55ba4763814456230f356b7683ecf204d7e44bb2a42d7ea59f0
E_rho0p1,1,D,shared_fork,,"{""source"":1.0,""teacher"":1.0,""reconstruction"":0.1,""protection"":-0.1}",True,positive mean prior-entropy-normalized adversary CE,,None if either vector has zero norm,0.361931174993515,0.45404449105262756,0.037955109030008316,0.9541836380958557,0.3360133469104767,0.27247360348701477,0.6734761595726013,1.3123900890350342,0.0006903540343046188,0.0037620555591997935,0.0002725226804614067,0.0007621058135020724,-0.01834326609969139,-0.04159653887463932,0.3360133469104767,0.27247360348701477,0.06734761595726013,0.13123901188373566,6.903568282723427e-05,0.003762070784810546,-2.725230297073722e-05,-0.0007621067728572144,0.0018343266565352678,0.041596538986014876,True,True,0,True,1.0,0.1,1.0,-0.1,0.34443119168281555,0.13123900890350343,0.13123901188373566,0.27247360348701477,0.27247360348701477,actual current observers,False,115352c0f77a1442c8f4eda173edb7f9439c6bdecf590dffd81e6ef62e7ba2a9
E_rho0p1,1,D,final,,"{""source"":1.0,""teacher"":1.0,""reconstruction"":0.1,""protection"":-0.1}",True,positive mean prior-entropy-normalized adversary CE,,None if either vector has zero norm,0.34803590178489685,0.31208109855651855,0.027649130672216415,0.889481782913208,0.46989065408706665,0.2110789269208908,1.4504601955413818,1.1696642637252808,0.04562530666589737,0.14902361826400454,0.0021973017137497663,0.008899868617217276,0.058536820113658905,0.10650527011501836,0.46989065408706665,0.2110789269208908,0.14504601061344147,0.11696642637252808,0.004562530666589737,0.14902362744988265,-0.00021973004913888872,-0.008899863666212524,-0.005853681825101376,-0.10650526672601424,True,True,0,True,1.0,0.1,1.0,-0.1,0.4982421398162842,0.11696642637252808,0.11696642637252808,0.2110789269208908,0.2110789269208908,actual current observers,False,d40fe98ad03f921ce47cc498bc64bd5e304b1286f1bec8c0b5a724d123d5a585
E_rho0p1,2,shared,initialization,shared-stage diagnostic,"{""source"":1.0,""teacher"":1.0,""reconstruction"":0.1,""protection"":0.0}",True,positive mean prior-entropy-normalized adversary CE,,None if either vector has zero norm,0.7162373065948486,0.986204206943512,0.4793674945831299,1.375321865081787,0.28108012676239014,0.8478884100914001,0.09315593540668488,0.052847426384687424,0.004037006758153439,0.05111051376156148,-0.00020978879183530807,-0.004681874203684489,-0.0002193513500969857,-0.014766797815101729,0.28108012676239014,0.8478884100914001,0.009315592236816883,0.0,0.00040370068745687604,0.05111052238909175,0.0,,0.0,,True,True,0,True,1.0,0.1,1.0,0.0,0.2825962007045746,0.0052847426384687425,0.0,0.8478884100914001,0.8478884100914001,disposable original initialization,True,2bbf69d3625d3fe8f25e63b97e565ff5d9ea0c21e0014a3e29d2f5e0270fc129
E_rho0p1,2,shared,after_base_warmup,shared-stage diagnostic,"{""source"":1.0,""teacher"":1.0,""reconstruction"":0.1,""protection"":0.0}",True,positive mean prior-entropy-normalized adversary CE,,None if either vector has zero norm,0.39037999510765076,0.37129202485084534,0.03512035682797432,1.3719505071640015,0.2873002290725708,0.2643142342567444,0.7503175735473633,0.0663783997297287,-0.004005189053714275,-0.02019562742546943,-0.00071508385008201,-0.04075769730459322,-0.0017269215313717723,-0.09055446185155729,0.2873002290725708,0.2643142342567444,0.07503175735473633,0.0,-0.00040051888208836317,-0.020195626251452208,0.0,,0.0,,True,True,0,True,1.0,0.1,1.0,0.0,0.29769712686538696,0.00663783997297287,0.0,0.2643142342567444,0.2643142342567444,disposable original initialization,True,2bbf69d3625d3fe8f25e63b97e565ff5d9ea0c21e0014a3e29d2f5e0270fc129
E_rho0p1,2,shared,shared_fork,D-objective hypothetical at frozen fork; no shared-stage update,"{""source"":1.0,""teacher"":1.0,""reconstruction"":0.1,""protection"":-0.1}",True,positive mean prior-entropy-normalized adversary CE,,None if either vector has zero norm,0.39037999510765076,0.37129202485084534,0.03512035682797432,0.8787217140197754,0.2873002290725708,0.2643142342567444,0.7503175735473633,0.5650237202644348,-0.004005189053714275,-0.02019562742546943,-0.021013304591178894,-0.14070422011864347,0.010630477219820023,0.06548624801594448,0.2873002290725708,0.2643142342567444,0.07503175735473633,0.05650238320231438,-0.00040051888208836317,-0.020195626251452208,0.002101330552250147,0.14070419852419336,-0.0010630476754158735,-0.06548623219453006,True,True,0,True,1.0,0.1,1.0,-0.1,0.29769712686538696,0.05650237202644348,0.05650238320231438,0.2643142342567444,0.2643142342567444,actual current observers,False,10e8a4c4824091e6edc0e9f7b4503b57910f95e03efe9741b2c009ee5474db34
E_rho0p1,2,C,shared_fork,,"{""source"":1.0,""teacher"":1.0,""reconstruction"":0.1,""protection"":0.0}",True,positive mean prior-entropy-normalized adversary CE,,None if either vector has zero norm,0.39037999510765076,0.37129202485084534,0.03512035682797432,0.8787217140197754,0.2873002290725708,0.2643142342567444,0.7503175735473633,0.5650237202644348,-0.004005189053714275,-0.02019562742546943,-0.021013304591178894,-0.14070422011864347,0.010630477219820023,0.06548624801594448,0.2873002290725708,0.2643142342567444,0.07503175735473633,0.0,-0.00040051888208836317,-0.020195626251452208,0.0,,0.0,,True,True,0,True,1.0,0.1,1.0,0.0,0.29769712686538696,0.05650237202644348,0.0,0.2643142342567444,0.2643142342567444,actual current observers,False,10e8a4c4824091e6edc0e9f7b4503b57910f95e03efe9741b2c009ee5474db34
E_rho0p1,2,C,final,,"{""source"":1.0,""teacher"":1.0,""reconstruction"":0.1,""protection"":0.0}",True,positive mean prior-entropy-normalized adversary CE,,None if either vector has zero norm,0.37254849076271057,0.2507377862930298,0.02529641054570675,0.8170656561851501,0.48106876015663147,0.17046211659908295,1.375342845916748,1.0894553661346436,-0.015229086391627789,-0.06495835239461473,0.0018596393056213856,0.010013626715215891,0.058800067752599716,0.11219182915124402,0.48106876015663147,0.17046211659908295,0.13753429055213928,0.0,-0.0015229085693135858,-0.06495834660009119,0.0,,0.0,,True,True,0,True,1.0,0.1,1.0,0.0,0.5158783793449402,0.10894553661346436,0.0,0.17046211659908295,0.17046211659908295,actual current observers,False,4ed8dcd825910f754de80799ca86a7b791ea1e5a5d4198bc402161076ddc60a8
E_rho0p1,2,D,shared_fork,,"{""source"":1.0,""teacher"":1.0,""reconstruction"":0.1,""protection"":-0.1}",True,positive mean prior-entropy-normalized adversary CE,,None if either vector has zero norm,0.39037999510765076,0.37129202485084534,0.03512035682797432,0.8787217140197754,0.2873002290725708,0.2643142342567444,0.7503175735473633,0.5650237202644348,-0.004005189053714275,-0.02019562742546943,-0.021013304591178894,-0.14070422011864347,0.010630477219820023,0.06548624801594448,0.2873002290725708,0.2643142342567444,0.07503175735473633,0.05650238320231438,-0.00040051888208836317,-0.020195626251452208,0.002101330552250147,0.14070419852419336,-0.0010630476754158735,-0.06548623219453006,True,True,0,True,1.0,0.1,1.0,-0.1,0.29769712686538696,0.05650237202644348,0.05650238320231438,0.2643142342567444,0.2643142342567444,actual current observers,False,10e8a4c4824091e6edc0e9f7b4503b57910f95e03efe9741b2c009ee5474db34
E_rho0p1,2,D,final,,"{""source"":1.0,""teacher"":1.0,""reconstruction"":0.1,""protection"":-0.1}",True,positive mean prior-entropy-normalized adversary CE,,None if either vector has zero norm,0.3727087080478668,0.2523497939109802,0.025611579418182373,0.8270186185836792,0.48484140634536743,0.17734815180301666,1.7926384210586548,0.9100841879844666,0.02255767211318016,0.07095367795672472,0.001633644918911159,0.01012160606576051,0.037579551339149475,0.08516679802325824,0.48484140634536743,0.17734815180301666,0.17926384508609772,0.09100842475891113,0.0022557671181857586,0.07095367384771736,-0.00016336450062226504,-0.01012160594381813,-0.00375795504078269,-0.08516679033471994,True,True,0,True,1.0,0.1,1.0,-0.1,0.5386691689491272,0.09100841879844666,0.09100842475891113,0.17734815180301666,0.17734815180301666,actual current observers,False,0cd4ebe07512811fc581f37ed7b2b7476e741c034c6540a932b712ea61814e2f
E_rho0,0,shared,initialization,shared-stage diagnostic,"{""source"":1.0,""teacher"":1.0,""reconstruction"":0.0,""protection"":0.0}",True,positive mean prior-entropy-normalized adversary CE,,None if either vector has zero norm,0.6965600848197937,0.980240523815155,0.5543379187583923,1.3740801811218262,0.3163543939590454,0.9182758927345276,0.08660498261451721,0.06335291266441345,0.004643094725906849,0.05838368220981885,0.012898195534944534,0.2217119935512801,-0.0020154397934675217,-0.10056095099598605,0.3163543939590454,0.9182758927345276,0.0,0.0,0.0,,0.0,,0.0,,True,True,0,True,1.0,0.0,1.0,0.0,0.3163543939590454,0.006335291266441345,0.0,0.9182758927345276,0.9182758927345276,disposable original initialization,True,54a70f9f7e480640cb1c6cd2db163d92648326678747e8b91cba46317608d9b4
E_rho0,0,shared,after_base_warmup,shared-stage diagnostic,"{""source"":1.0,""teacher"":1.0,""reconstruction"":0.0,""protection"":0.0}",True,positive mean prior-entropy-normalized adversary CE,,None if either vector has zero norm,0.36689209938049316,0.9765790700912476,0.034209225326776505,1.3651869297027588,0.3134337365627289,0.2400345802307129,0.09131621569395065,0.06541009247303009,0.0035306818317621946,0.16107823614262592,0.0022052801214158535,0.14045758190080268,0.000555656326469034,0.027102899842930052,0.3134337365627289,0.2400345802307129,0.0,0.0,0.0,,0.0,,0.0,,True,True,0,True,1.0,0.0,1.0,0.0,0.3134337365627289,0.006541009247303009,0.0,0.2400345802307129,0.2400345802307129,disposable original initialization,True,54a70f9f7e480640cb1c6cd2db163d92648326678747e8b91cba46317608d9b4
E_rho0,0,shared,shared_fork,D-objective hypothetical at frozen fork; no shared-stage update,"{""source"":1.0,""teacher"":1.0,""reconstruction"":0.0,""protection"":-0.1}",True,positive mean prior-entropy-normalized adversary CE,,None if either vector has zero norm,0.36689209938049316,0.9765790700912476,0.034209225326776505,0.943541944026947,0.3134337365627289,0.2400345802307129,0.09131621569395065,0.4472198486328125,0.0035306818317621946,0.16107823614262592,0.01169575471431017,0.10895153895658406,0.005835918243974447,0.04163344886371911,0.3134337365627289,0.2400345802307129,0.0,0.04472198337316513,0.0,,-0.0011695756111294031,-0.10895155560037177,-0.0005835919291712344,-0.04163345772549052,True,True,0,True,1.0,0.0,1.0,-0.1,0.3134337365627289,0.04472198486328125,0.04472198337316513,0.2400345802307129,0.2400345802307129,actual current observers,False,a4947361ff5e16a885ce618cf22ab80b8a708a9ea389175b33e4c6c70cb78c93
E_rho0,0,C,shared_fork,,"{""source"":1.0,""teacher"":1.0,""reconstruction"":0.0,""protection"":0.0}",True,positive mean prior-entropy-normalized adversary CE,,None if either vector has zero norm,0.36689209938049316,0.9765790700912476,0.034209225326776505,0.943541944026947,0.3134337365627289,0.2400345802307129,0.09131621569395065,0.4472198486328125,0.0035306818317621946,0.16107823614262592,0.01169575471431017,0.10895153895658406,0.005835918243974447,0.04163344886371911,0.3134337365627289,0.2400345802307129,0.0,0.0,0.0,,0.0,,0.0,,True,True,0,True,1.0,0.0,1.0,0.0,0.3134337365627289,0.04472198486328125,0.0,0.2400345802307129,0.2400345802307129,actual current observers,False,a4947361ff5e16a885ce618cf22ab80b8a708a9ea389175b33e4c6c70cb78c93
E_rho0,0,C,final,,"{""source"":1.0,""teacher"":1.0,""reconstruction"":0.0,""protection"":0.0}",True,positive mean prior-entropy-normalized adversary CE,,None if either vector has zero norm,0.3417455852031708,0.9753829836845398,0.024490565061569214,0.881889820098877,0.5699359178543091,0.20316393673419952,0.08712298423051834,1.1057089567184448,0.004529096651822329,0.2558775749958106,0.056258685886859894,0.25043910111083045,0.14448636770248413,0.22927675069534073,0.5699359178543091,0.20316393673419952,0.0,0.0,0.0,,0.0,,0.0,,True,True,0,True,1.0,0.0,1.0,0.0,0.5699359178543091,0.11057089567184449,0.0,0.20316393673419952,0.20316393673419952,actual current observers,False,3c590ae3057ea21fb45b845c88bc1b38524d15726a569c6311cd6c85d3d287e2
E_rho0,0,D,shared_fork,,"{""source"":1.0,""teacher"":1.0,""reconstruction"":0.0,""protection"":-0.1}",True,positive mean prior-entropy-normalized adversary CE,,None if either vector has zero norm,0.36689209938049316,0.9765790700912476,0.034209225326776505,0.943541944026947,0.3134337365627289,0.2400345802307129,0.09131621569395065,0.4472198486328125,0.0035306818317621946,0.16107823614262592,0.01169575471431017,0.10895153895658406,0.005835918243974447,0.04163344886371911,0.3134337365627289,0.2400345802307129,0.0,0.04472198337316513,0.0,,-0.0011695756111294031,-0.10895155560037177,-0.0005835919291712344,-0.04163345772549052,True,True,0,True,1.0,0.0,1.0,-0.1,0.3134337365627289,0.04472198486328125,0.04472198337316513,0.2400345802307129,0.2400345802307129,actual current observers,False,a4947361ff5e16a885ce618cf22ab80b8a708a9ea389175b33e4c6c70cb78c93
E_rho0,0,D,final,,"{""source"":1.0,""teacher"":1.0,""reconstruction"":0.0,""protection"":-0.1}",True,positive mean prior-entropy-normalized adversary CE,,None if either vector has zero norm,0.340796560049057,0.975432276725769,0.024402257055044174,0.8956577777862549,0.5461581349372864,0.19237203896045685,0.0868484377861023,1.0556585788726807,0.003694955725222826,0.2211593372777058,0.05134861171245575,0.2528501856206648,0.0968293622136116,0.16794426697018033,0.5461581349372864,0.19237203896045685,0.0,0.10556584596633911,0.0,,-0.005134861450642347,-0.2528502279315685,-0.00968293659389019,-0.16794429239641268,True,True,0,True,1.0,0.0,1.0,-0.1,0.5461581349372864,0.10556585788726808,0.10556584596633911,0.19237203896045685,0.19237203896045685,actual current observers,False,853d9cfa331953020e25da47d108274ae6d60f0474a7c786e08543f227839696
E_rho0,1,shared,initialization,shared-stage diagnostic,"{""source"":1.0,""teacher"":1.0,""reconstruction"":0.0,""protection"":0.0}",True,positive mean prior-entropy-normalized adversary CE,,None if either vector has zero norm,0.7023024559020996,1.0667866468429565,0.5797746181488037,1.3523070812225342,0.28667011857032776,1.0656931400299072,0.08062081784009933,0.042661238461732864,0.01780080981552601,0.20718599270213076,-0.003081050468608737,-0.06776932861506824,0.0026137661188840866,0.21372279204293185,0.28667011857032776,1.0656931400299072,0.0,0.0,0.0,,0.0,,0.0,,True,True,0,True,1.0,0.0,1.0,0.0,0.28667011857032776,0.004266123846173287,0.0,1.0656931400299072,1.0656931400299072,disposable original initialization,True,461a93d1af3d235cfdb1a278b996a814d1fa027de682e23dae6fc3211ef2158a
E_rho0,1,shared,after_base_warmup,shared-stage diagnostic,"{""source"":1.0,""teacher"":1.0,""reconstruction"":0.0,""protection"":0.0}",True,positive mean prior-entropy-normalized adversary CE,,None if either vector has zero norm,0.3612155020236969,1.0562231540679932,0.03683987632393837,1.3519678115844727,0.34166157245635986,0.25739991664886475,0.0760762169957161,0.04960603266954422,0.0011543526779860258,0.05894964639363107,-0.003112977370619774,-0.24379964379742236,0.0003488040529191494,0.020580261666170028,0.34166157245635986,0.25739991664886475,0.0,0.0,0.0,,0.0,,0.0,,True,True,0,True,1.0,0.0,1.0,0.0,0.34166157245635986,0.004960603266954422,0.0,0.25739991664886475,0.25739991664886475,disposable original initialization,True,461a93d1af3d235cfdb1a278b996a814d1fa027de682e23dae6fc3211ef2158a
E_rho0,1,shared,shared_fork,D-objective hypothetical at frozen fork; no shared-stage update,"{""source"":1.0,""teacher"":1.0,""reconstruction"":0.0,""protection"":-0.1}",True,positive mean prior-entropy-normalized adversary CE,,None if either vector has zero norm,0.3612155020236969,1.0562231540679932,0.03683987632393837,0.9625375866889954,0.34166157245635986,0.25739991664886475,0.0760762169957161,0.6814892888069153,0.0011543526779860258,0.05894964639363107,0.02305542677640915,0.13143339605269624,-0.005961609072983265,-0.025604029833146778,0.34166157245635986,0.25739991664886475,0.0,0.06814892590045929,0.0,,-0.0023055425845086575,-0.13143339649118804,0.0005961608840152621,0.025604029952875515,True,True,0,True,1.0,0.0,1.0,-0.1,0.34166157245635986,0.06814892888069153,0.06814892590045929,0.25739991664886475,0.25739991664886475,actual current observers,False,71667ef7e3feeb4b383994a832bc238dfd8b2cab88431a7e6d70e6e614485318
E_rho0,1,C,shared_fork,,"{""source"":1.0,""teacher"":1.0,""reconstruction"":0.0,""protection"":0.0}",True,positive mean prior-entropy-normalized adversary CE,,None if either vector has zero norm,0.3612155020236969,1.0562231540679932,0.03683987632393837,0.9625375866889954,0.34166157245635986,0.25739991664886475,0.0760762169957161,0.6814892888069153,0.0011543526779860258,0.05894964639363107,0.02305542677640915,0.13143339605269624,-0.005961609072983265,-0.025604029833146778,0.34166157245635986,0.25739991664886475,0.0,0.0,0.0,,0.0,,0.0,,True,True,0,True,1.0,0.0,1.0,0.0,0.34166157245635986,0.06814892888069153,0.0,0.25739991664886475,0.25739991664886475,actual current observers,False,71667ef7e3feeb4b383994a832bc238dfd8b2cab88431a7e6d70e6e614485318
E_rho0,1,C,final,,"{""source"":1.0,""teacher"":1.0,""reconstruction"":0.0,""protection"":0.0}",True,positive mean prior-entropy-normalized adversary CE,,None if either vector has zero norm,0.34687289595603943,1.0559438467025757,0.025035494938492775,0.8760949969291687,0.5100454092025757,0.22357690334320068,0.07685432583093643,1.160627841949463,0.00285803759470582,0.16633080265898345,0.07558079063892365,0.291267152144137,0.08281082659959793,0.1398895561584331,0.5100454092025757,0.22357690334320068,0.0,0.0,0.0,,0.0,,0.0,,True,True,0,True,1.0,0.0,1.0,0.0,0.5100454092025757,0.1160627841949463,0.0,0.22357690334320068,0.22357690334320068,actual current observers,False,82f80e8fd8f5c68cf018978a9af975322d684bc98b0a1e0878c9924d48e6a691
E_rho0,1,D,shared_fork,,"{""source"":1.0,""teacher"":1.0,""reconstruction"":0.0,""protection"":-0.1}",True,positive mean prior-entropy-normalized adversary CE,,None if either vector has zero norm,0.3612155020236969,1.0562231540679932,0.03683987632393837,0.9625375866889954,0.34166157245635986,0.25739991664886475,0.0760762169957161,0.6814892888069153,0.0011543526779860258,0.05894964639363107,0.02305542677640915,0.13143339605269624,-0.005961609072983265,-0.025604029833146778,0.34166157245635986,0.25739991664886475,0.0,0.06814892590045929,0.0,,-0.0023055425845086575,-0.13143339649118804,0.0005961608840152621,0.025604029952875515,True,True,0,True,1.0,0.0,1.0,-0.1,0.34166157245635986,0.06814892888069153,0.06814892590045929,0.25739991664886475,0.25739991664886475,actual current observers,False,71667ef7e3feeb4b383994a832bc238dfd8b2cab88431a7e6d70e6e614485318
E_rho0,1,D,final,,"{""source"":1.0,""teacher"":1.0,""reconstruction"":0.0,""protection"":-0.1}",True,positive mean prior-entropy-normalized adversary CE,,None if either vector has zero norm,0.3480778634548187,1.0560176372528076,0.025365859270095825,0.8945664167404175,0.49982768297195435,0.2304806262254715,0.07605769485235214,1.0621367692947388,0.0035086588468402624,0.20015367061860223,0.06515860557556152,0.2661686566684674,0.10097668319940567,0.19020430912636685,0.49982768297195435,0.2304806262254715,0.0,0.10621367394924164,0.0,,-0.006515860557556152,-0.26616866413685053,-0.010097667574882507,-0.19020430042902314,True,True,0,True,1.0,0.0,1.0,-0.1,0.49982768297195435,0.10621367692947388,0.10621367394924164,0.2304806262254715,0.2304806262254715,actual current observers,False,e520ed6c2f0692df8b8af0f3bdc003bba1e56277abac09d1c2e6b3e2c077f16e
E_rho0,2,shared,initialization,shared-stage diagnostic,"{""source"":1.0,""teacher"":1.0,""reconstruction"":0.0,""protection"":0.0}",True,positive mean prior-entropy-normalized adversary CE,,None if either vector has zero norm,0.7162373065948486,0.986204206943512,0.4793674945831299,1.375321865081787,0.28108012676239014,0.8478884100914001,0.09315593540668488,0.052847426384687424,0.004037006758153439,0.05111051376156148,-0.00020978879183530807,-0.004681874203684489,-0.0002193513500969857,-0.014766797815101729,0.28108012676239014,0.8478884100914001,0.0,0.0,0.0,,0.0,,0.0,,True,True,0,True,1.0,0.0,1.0,0.0,0.28108012676239014,0.0052847426384687425,0.0,0.8478884100914001,0.8478884100914001,disposable original initialization,True,2bbf69d3625d3fe8f25e63b97e565ff5d9ea0c21e0014a3e29d2f5e0270fc129
E_rho0,2,shared,after_base_warmup,shared-stage diagnostic,"{""source"":1.0,""teacher"":1.0,""reconstruction"":0.0,""protection"":0.0}",True,positive mean prior-entropy-normalized adversary CE,,None if either vector has zero norm,0.3892127573490143,0.9793522357940674,0.03412078693509102,1.3719546794891357,0.2921735644340515,0.2969870865345001,0.08894770592451096,0.06398297846317291,0.0009762052213773131,0.036954625777942986,-1.5493424143642187e-05,-0.0008153524701209185,-0.0012618089094758034,-0.06749758239837142,0.2921735644340515,0.2969870865345001,0.0,0.0,0.0,,0.0,,0.0,,True,True,0,True,1.0,0.0,1.0,0.0,0.2921735644340515,0.006398297846317291,0.0,0.2969870865345001,0.2969870865345001,disposable original initialization,True,2bbf69d3625d3fe8f25e63b97e565ff5d9ea0c21e0014a3e29d2f5e0270fc129
E_rho0,2,shared,shared_fork,D-objective hypothetical at frozen fork; no shared-stage update,"{""source"":1.0,""teacher"":1.0,""reconstruction"":0.0,""protection"":-0.1}",True,positive mean prior-entropy-normalized adversary CE,,None if either vector has zero norm,0.3892127573490143,0.9793522357940674,0.03412078693509102,0.8790363073348999,0.2921735644340515,0.2969870865345001,0.08894770592451096,0.44466856122016907,0.0009762052213773131,0.036954625777942986,-0.0070521775633096695,-0.053400982503342034,0.0067155263386666775,0.05168954540617532,0.2921735644340515,0.2969870865345001,0.0,0.044466856867074966,0.0,,0.0007052176515571773,0.053400973674836906,-0.0006715526105836034,-0.051689542747996274,True,True,0,True,1.0,0.0,1.0,-0.1,0.2921735644340515,0.04446685612201691,0.044466856867074966,0.2969870865345001,0.2969870865345001,actual current observers,False,cfe8e7186c0d5f47ae2360c2450aabb948cfad2397fce8ffaab67cd444aad48d
E_rho0,2,C,shared_fork,,"{""source"":1.0,""teacher"":1.0,""reconstruction"":0.0,""protection"":0.0}",True,positive mean prior-entropy-normalized adversary CE,,None if either vector has zero norm,0.3892127573490143,0.9793522357940674,0.03412078693509102,0.8790363073348999,0.2921735644340515,0.2969870865345001,0.08894770592451096,0.44466856122016907,0.0009762052213773131,0.036954625777942986,-0.0070521775633096695,-0.053400982503342034,0.0067155263386666775,0.05168954540617532,0.2921735644340515,0.2969870865345001,0.0,0.0,0.0,,0.0,,0.0,,True,True,0,True,1.0,0.0,1.0,0.0,0.2921735644340515,0.04446685612201691,0.0,0.2969870865345001,0.2969870865345001,actual current observers,False,cfe8e7186c0d5f47ae2360c2450aabb948cfad2397fce8ffaab67cd444aad48d
E_rho0,2,C,final,,"{""source"":1.0,""teacher"":1.0,""reconstruction"":0.0,""protection"":0.0}",True,positive mean prior-entropy-normalized adversary CE,,None if either vector has zero norm,0.3656635582447052,0.9778274893760681,0.023797594010829926,0.8270605802536011,0.4866812229156494,0.16474059224128723,0.0851343646645546,0.8277326822280884,-0.0009371830383315682,-0.06682191192197873,-0.028067883104085922,-0.20583486217661867,0.027262873947620392,0.06767635216395129,0.4866812229156494,0.16474059224128723,0.0,0.0,0.0,,0.0,,0.0,,True,True,0,True,1.0,0.0,1.0,0.0,0.4866812229156494,0.08277326822280884,0.0,0.16474059224128723,0.16474059224128723,actual current observers,False,9a12b8bf0aedfecd372f58832a3ce2f98443c7934c8d0c2adce92fd5d8091e27
E_rho0,2,D,shared_fork,,"{""source"":1.0,""teacher"":1.0,""reconstruction"":0.0,""protection"":-0.1}",True,positive mean prior-entropy-normalized adversary CE,,None if either vector has zero norm,0.3892127573490143,0.9793522357940674,0.03412078693509102,0.8790363073348999,0.2921735644340515,0.2969870865345001,0.08894770592451096,0.44466856122016907,0.0009762052213773131,0.036954625777942986,-0.0070521775633096695,-0.053400982503342034,0.0067155263386666775,0.05168954540617532,0.2921735644340515,0.2969870865345001,0.0,0.044466856867074966,0.0,,0.0007052176515571773,0.053400973674836906,-0.0006715526105836034,-0.051689542747996274,True,True,0,True,1.0,0.0,1.0,-0.1,0.2921735644340515,0.04446685612201691,0.044466856867074966,0.2969870865345001,0.2969870865345001,actual current observers,False,cfe8e7186c0d5f47ae2360c2450aabb948cfad2397fce8ffaab67cd444aad48d
E_rho0,2,D,final,,"{""source"":1.0,""teacher"":1.0,""reconstruction"":0.0,""protection"":-0.1}",True,positive mean prior-entropy-normalized adversary CE,,None if either vector has zero norm,0.3667335510253906,0.9777239561080933,0.024022243916988373,0.8312220573425293,0.4900417923927307,0.17034055292606354,0.0841352716088295,0.8533706665039062,-0.0009461835725232959,-0.06602056701397004,-0.0016200164100155234,-0.01114457857739049,0.04399822652339935,0.10521177346004419,0.4900417923927307,0.17034055292606354,0.0,0.0853370875120163,0.0,,0.00016200164100155234,0.011144575852970975,-0.004399823024868965,-0.10521175664800868,True,True,0,True,1.0,0.0,1.0,-0.1,0.4900417923927307,0.08533706665039063,0.0853370875120163,0.17034055292606354,0.17034055292606354,actual current observers,False,a44e2e16456c66827d37b980f3a9c0a3d9a037d8899ba3c321e1c754fb611887
S_rho0p1,0,shared,initialization,shared-stage diagnostic,"{""source"":1.0,""teacher"":1.0,""reconstruction"":0.1,""protection"":0.0}",True,positive mean prior-entropy-normalized adversary CE,,None if either vector has zero norm,0.6965600848197937,0.980240523815155,0.5202836990356445,1.3740801811218262,0.3163543939590454,0.97972172498703,0.08660498261451721,0.06335291266441345,0.0031810766085982323,0.03749112830662672,0.009339865297079086,0.15047740313755234,-0.0020154397934675217,-0.10056095099598605,0.3163543939590454,0.97972172498703,0.008660498075187206,0.0,0.0003181076608598232,0.03749112911296219,0.0,,0.0,,True,True,0,True,1.0,0.1,1.0,0.0,0.3162907063961029,0.006335291266441345,0.0,0.97972172498703,0.97972172498703,disposable original initialization,True,54a70f9f7e480640cb1c6cd2db163d92648326678747e8b91cba46317608d9b4
S_rho0p1,0,shared,after_base_warmup,shared-stage diagnostic,"{""source"":1.0,""teacher"":1.0,""reconstruction"":0.1,""protection"":0.0}",True,positive mean prior-entropy-normalized adversary CE,,None if either vector has zero norm,0.37144234776496887,0.42488276958465576,0.03232252225279808,1.370631456375122,0.29708796739578247,0.241962268948555,0.5770084857940674,0.06647023558616638,-0.0009226356633007526,-0.0066084618799254116,-0.0003191378782503307,-0.01984282430378476,-0.0023111579939723015,-0.1170354299709889,0.29708796739578247,0.241962268948555,0.057700857520103455,0.0,-9.226362453773618e-05,-0.006608465025126127,0.0,,0.0,,True,True,0,True,1.0,0.1,1.0,0.0,0.30793899297714233,0.006647023558616638,0.0,0.241962268948555,0.241962268948555,disposable original initialization,True,54a70f9f7e480640cb1c6cd2db163d92648326678747e8b91cba46317608d9b4
S_rho0p1,0,shared,shared_fork,D-objective hypothetical at frozen fork; no shared-stage update,"{""source"":1.0,""teacher"":1.0,""reconstruction"":0.1,""protection"":-0.1}",True,positive mean prior-entropy-normalized adversary CE,,None if either vector has zero norm,0.37144234776496887,0.42488276958465576,0.03232252225279808,0.9343591928482056,0.29708796739578247,0.241962268948555,0.5770084857940674,0.4044853746891022,-0.0009226356633007526,-0.0066084618799254116,0.0022043478675186634,0.02252317753182407,0.01342527661472559,0.11172113963074515,0.29708796739578247,0.241962268948555,0.057700857520103455,0.04044853895902634,-9.226362453773618e-05,-0.006608465025126127,-0.00022043471108190715,-0.022523168970409985,-0.0013425278011709452,-0.11172114714024238,True,True,0,True,1.0,0.1,1.0,-0.1,0.30793899297714233,0.04044853746891022,0.04044853895902634,0.241962268948555,0.241962268948555,actual current observers,False,9c1bce66de8697ecce728ef70fc7b069061f1804af001b4e406dce3a7697f80a
S_rho0p1,0,C,shared_fork,,"{""source"":1.0,""teacher"":1.0,""reconstruction"":0.1,""protection"":0.0}",True,positive mean prior-entropy-normalized adversary CE,,None if either vector has zero norm,0.37144234776496887,0.42488276958465576,0.03232252225279808,0.9343591928482056,0.29708796739578247,0.241962268948555,0.5770084857940674,0.4044853746891022,-0.0009226356633007526,-0.0066084618799254116,0.0022043478675186634,0.02252317753182407,0.01342527661472559,0.11172113963074515,0.29708796739578247,0.241962268948555,0.057700857520103455,0.0,-9.226362453773618e-05,-0.006608465025126127,0.0,,0.0,,True,True,0,True,1.0,0.1,1.0,0.0,0.30793899297714233,0.04044853746891022,0.0,0.241962268948555,0.241962268948555,actual current observers,False,9c1bce66de8697ecce728ef70fc7b069061f1804af001b4e406dce3a7697f80a
S_rho0p1,0,C,final,,"{""source"":1.0,""teacher"":1.0,""reconstruction"":0.1,""protection"":0.0}",True,positive mean prior-entropy-normalized adversary CE,,None if either vector has zero norm,0.35225042700767517,0.31190985441207886,0.023913037031888962,0.8643728494644165,0.4791760742664337,0.18632148206233978,1.4843510389328003,1.0888231992721558,0.05495605617761612,0.19870830004323445,0.004676688462495804,0.023052506046123515,0.017482392489910126,0.03350798985714328,0.4791760742664337,0.18632148206233978,0.14843511581420898,0.0,0.0054956055246293545,0.1987082807173853,0.0,,0.0,,True,True,0,True,1.0,0.1,1.0,0.0,0.5301569104194641,0.10888231992721559,0.0,0.18632148206233978,0.18632148206233978,actual current observers,False,74bec2828e72f2fc38758fff8332912dbfe833cc6e0282387097256f7ccd1823
S_rho0p1,0,D,shared_fork,,"{""source"":1.0,""teacher"":1.0,""reconstruction"":0.1,""protection"":-0.1}",True,positive mean prior-entropy-normalized adversary CE,,None if either vector has zero norm,0.37144234776496887,0.42488276958465576,0.03232252225279808,0.9343591928482056,0.29708796739578247,0.241962268948555,0.5770084857940674,0.4044853746891022,-0.0009226356633007526,-0.0066084618799254116,0.0022043478675186634,0.02252317753182407,0.01342527661472559,0.11172113963074515,0.29708796739578247,0.241962268948555,0.057700857520103455,0.04044853895902634,-9.226362453773618e-05,-0.006608465025126127,-0.00022043471108190715,-0.022523168970409985,-0.0013425278011709452,-0.11172114714024238,True,True,0,True,1.0,0.1,1.0,-0.1,0.30793899297714233,0.04044853746891022,0.04044853895902634,0.241962268948555,0.241962268948555,actual current observers,False,9c1bce66de8697ecce728ef70fc7b069061f1804af001b4e406dce3a7697f80a
S_rho0p1,0,D,final,,"{""source"":1.0,""teacher"":1.0,""reconstruction"":0.1,""protection"":-0.1}",True,positive mean prior-entropy-normalized adversary CE,,None if either vector has zero norm,0.3536829948425293,0.3213808834552765,0.023996759206056595,0.8692627549171448,0.492777943611145,0.1979232281446457,1.8507499694824219,0.8720541000366211,0.11689475923776627,0.3191174288565031,0.016314461827278137,0.09452192507044713,0.04265180975198746,0.09925280155200868,0.492777943611145,0.1979232281446457,0.18507498502731323,0.08720541000366211,0.011689475737512112,0.3191174443263487,-0.0016314464155584574,-0.09452193856007422,-0.004265180788934231,-0.09925279721754432,True,True,0,True,1.0,0.1,1.0,-0.1,0.5593979358673096,0.08720541000366211,0.08720541000366211,0.1979232281446457,0.1979232281446457,actual current observers,False,9b929200d96b96ce266dedfdd626f8b530d958bdfc0c9307101639f1d1a627da
S_rho0p1,1,shared,initialization,shared-stage diagnostic,"{""source"":1.0,""teacher"":1.0,""reconstruction"":0.1,""protection"":0.0}",True,positive mean prior-entropy-normalized adversary CE,,None if either vector has zero norm,0.7023024559020996,1.0667866468429565,0.6061234474182129,1.3523070812225342,0.28667011857032776,1.13717782497406,0.08062081784009933,0.042661238461732864,0.014180980622768402,0.15467875998890926,-0.0069320970214903355,-0.14289031420032933,0.0026137661188840866,0.21372279204293185,0.28667011857032776,1.13717782497406,0.008062081411480904,0.0,0.0014180979924276471,0.1546787595174488,0.0,,0.0,,True,True,0,True,1.0,0.1,1.0,0.0,0.2865167558193207,0.004266123846173287,0.0,1.13717782497406,1.13717782497406,disposable original initialization,True,461a93d1af3d235cfdb1a278b996a814d1fa027de682e23dae6fc3211ef2158a
S_rho0p1,1,shared,after_base_warmup,shared-stage diagnostic,"{""source"":1.0,""teacher"":1.0,""reconstruction"":0.1,""protection"":0.0}",True,positive mean prior-entropy-normalized adversary CE,,None if either vector has zero norm,0.3749159872531891,0.4515393078327179,0.036247268319129944,1.354665756225586,0.3682769238948822,0.22131672501564026,0.7574037313461304,0.046924203634262085,-0.028260061517357826,-0.1685898512762514,-0.002040967345237732,-0.19652821534872095,0.0016156660858541727,0.09349323583037623,0.3682769238948822,0.22131672501564026,0.07574038952589035,0.0,-0.002826005918905139,-0.16858980090117875,0.0,,0.0,,True,True,0,True,1.0,0.1,1.0,0.0,0.37728065252304077,0.0046924203634262085,0.0,0.22131672501564026,0.22131672501564026,disposable original initialization,True,461a93d1af3d235cfdb1a278b996a814d1fa027de682e23dae6fc3211ef2158a
S_rho0p1,1,shared,shared_fork,D-objective hypothetical at frozen fork; no shared-stage update,"{""source"":1.0,""teacher"":1.0,""reconstruction"":0.1,""protection"":-0.1}",True,positive mean prior-entropy-normalized adversary CE,,None if either vector has zero norm,0.3749159872531891,0.4515393078327179,0.036247268319129944,0.9241144061088562,0.3682769238948822,0.22131672501564026,0.7574037313461304,0.6567323207855225,-0.028260061517357826,-0.1685898512762514,0.004290007054805756,0.029515855868199728,0.0244268961250782,0.10099628244294134,0.3682769238948822,0.22131672501564026,0.07574038952589035,0.06567323207855225,-0.002826005918905139,-0.16858980090117875,-0.0004290007636882365,-0.029515859872969202,-0.00244268961250782,-0.10099628244294134,True,True,0,True,1.0,0.1,1.0,-0.1,0.37728065252304077,0.06567323207855225,0.06567323207855225,0.22131672501564026,0.22131672501564026,actual current observers,False,6206a5f533e25bf794bd1480df5b7922c0b8349def20a64c3ea18653e277ae67
S_rho0p1,1,C,shared_fork,,"{""source"":1.0,""teacher"":1.0,""reconstruction"":0.1,""protection"":0.0}",True,positive mean prior-entropy-normalized adversary CE,,None if either vector has zero norm,0.3749159872531891,0.4515393078327179,0.036247268319129944,0.9241144061088562,0.3682769238948822,0.22131672501564026,0.7574037313461304,0.6567323207855225,-0.028260061517357826,-0.1685898512762514,0.004290007054805756,0.029515855868199728,0.0244268961250782,0.10099628244294134,0.3682769238948822,0.22131672501564026,0.07574038952589035,0.0,-0.002826005918905139,-0.16858980090117875,0.0,,0.0,,True,True,0,True,1.0,0.1,1.0,0.0,0.37728065252304077,0.06567323207855225,0.0,0.22131672501564026,0.22131672501564026,actual current observers,False,6206a5f533e25bf794bd1480df5b7922c0b8349def20a64c3ea18653e277ae67
S_rho0p1,1,C,final,,"{""source"":1.0,""teacher"":1.0,""reconstruction"":0.1,""protection"":0.0}",True,positive mean prior-entropy-normalized adversary CE,,None if either vector has zero norm,0.35141971707344055,0.32352668046951294,0.027342796325683594,0.8647174835205078,0.5701392292976379,0.2374289184808731,1.6511743068695068,1.580207347869873,0.07320135831832886,0.1867207587424571,0.0053616734221577644,0.014290672498856313,0.0885968953371048,0.09833848247491699,0.5701392292976379,0.2374289184808731,0.16511744260787964,0.0,0.007320135831832886,0.18672074526184074,0.0,,0.0,,True,True,0,True,1.0,0.1,1.0,0.0,0.5991523861885071,0.1580207347869873,0.0,0.2374289184808731,0.2374289184808731,actual current observers,False,6e3c5ef581bf008903b785f987af353b4b3284c6ac5e190b40a0f4e38cd7de81
S_rho0p1,1,D,shared_fork,,"{""source"":1.0,""teacher"":1.0,""reconstruction"":0.1,""protection"":-0.1}",True,positive mean prior-entropy-normalized adversary CE,,None if either vector has zero norm,0.3749159872531891,0.4515393078327179,0.036247268319129944,0.9241144061088562,0.3682769238948822,0.22131672501564026,0.7574037313461304,0.6567323207855225,-0.028260061517357826,-0.1685898512762514,0.004290007054805756,0.029515855868199728,0.0244268961250782,0.10099628244294134,0.3682769238948822,0.22131672501564026,0.07574038952589035,0.06567323207855225,-0.002826005918905139,-0.16858980090117875,-0.0004290007636882365,-0.029515859872969202,-0.00244268961250782,-0.10099628244294134,True,True,0,True,1.0,0.1,1.0,-0.1,0.37728065252304077,0.06567323207855225,0.06567323207855225,0.22131672501564026,0.22131672501564026,actual current observers,False,6206a5f533e25bf794bd1480df5b7922c0b8349def20a64c3ea18653e277ae67
S_rho0p1,1,D,final,,"{""source"":1.0,""teacher"":1.0,""reconstruction"":0.1,""protection"":-0.1}",True,positive mean prior-entropy-normalized adversary CE,,None if either vector has zero norm,0.35114946961402893,0.32724153995513916,0.02744445763528347,0.8828352689743042,0.5626328587532043,0.2187730222940445,2.8716068267822266,1.4529863595962524,0.13182972371578217,0.2098430540116389,0.05674125254154205,0.1785022171160929,0.136161208152771,0.16655848691224004,0.5626328587532043,0.2187730222940445,0.2871606945991516,0.14529861509799957,0.013182971626520157,0.20984303344076857,-0.005674125626683235,-0.17850225446439846,-0.01361612044274807,-0.16655850626936441,True,True,0,True,1.0,0.1,1.0,-0.1,0.6444079875946045,0.14529863595962525,0.14529861509799957,0.2187730222940445,0.2187730222940445,actual current observers,False,538c872a30c148d2ef94d72923be292a6b4cd9ccfe33d2eacc7fe6d3e9f826c4
S_rho0p1,2,shared,initialization,shared-stage diagnostic,"{""source"":1.0,""teacher"":1.0,""reconstruction"":0.1,""protection"":0.0}",True,positive mean prior-entropy-normalized adversary CE,,None if either vector has zero norm,0.7162373065948486,0.986204206943512,0.47211068868637085,1.375321865081787,0.28108012676239014,0.9298509955406189,0.09315593540668488,0.052847426384687424,0.010681141167879105,0.12330871259435942,0.0015544495545327663,0.03163293069938828,-0.0002193513500969857,-0.014766797815101729,0.28108012676239014,0.9298509955406189,0.009315592236816883,0.0,0.0010681140702217817,0.12330872447735411,0.0,,0.0,,True,True,0,True,1.0,0.1,1.0,0.0,0.2825962007045746,0.0052847426384687425,0.0,0.9298509955406189,0.9298509955406189,disposable original initialization,True,2bbf69d3625d3fe8f25e63b97e565ff5d9ea0c21e0014a3e29d2f5e0270fc129
S_rho0p1,2,shared,after_base_warmup,shared-stage diagnostic,"{""source"":1.0,""teacher"":1.0,""reconstruction"":0.1,""protection"":0.0}",True,positive mean prior-entropy-normalized adversary CE,,None if either vector has zero norm,0.38682815432548523,0.44302549958229065,0.0265156552195549,1.3742804527282715,0.27019864320755005,0.2785568833351135,0.5423993468284607,0.0597318634390831,0.029858393594622612,0.19762113356884878,4.2969739297404885e-05,0.0025825144522767644,-0.0013027482200413942,-0.08071816141107765,0.27019864320755005,0.2785568833351135,0.05423993617296219,0.0,0.0029858392663300037,0.19762112197560472,0.0,,0.0,,True,True,0,True,1.0,0.1,1.0,0.0,0.27725571393966675,0.00597318634390831,0.0,0.2785568833351135,0.2785568833351135,disposable original initialization,True,2bbf69d3625d3fe8f25e63b97e565ff5d9ea0c21e0014a3e29d2f5e0270fc129
S_rho0p1,2,shared,shared_fork,D-objective hypothetical at frozen fork; no shared-stage update,"{""source"":1.0,""teacher"":1.0,""reconstruction"":0.1,""protection"":-0.1}",True,positive mean prior-entropy-normalized adversary CE,,None if either vector has zero norm,0.38682815432548523,0.44302549958229065,0.0265156552195549,0.8728201389312744,0.27019864320755005,0.2785568833351135,0.5423993468284607,0.32516613602638245,0.029858393594622612,0.19762113356884878,-0.011179979890584946,-0.12343030935010747,-0.005765207577496767,-0.06561852661401414,0.27019864320755005,0.2785568833351135,0.05423993617296219,0.03251660615205765,0.0029858392663300037,0.19762112197560472,0.0011179980356246233,0.12343034277292698,0.0005765208043158054,0.06561854694936119,True,True,0,True,1.0,0.1,1.0,-0.1,0.27725571393966675,0.032516613602638245,0.03251660615205765,0.2785568833351135,0.2785568833351135,actual current observers,False,f431d4c222df44c0fdb9580515826d76ddd3c74bffa0e9f40b4fff280627ab65
S_rho0p1,2,C,shared_fork,,"{""source"":1.0,""teacher"":1.0,""reconstruction"":0.1,""protection"":0.0}",True,positive mean prior-entropy-normalized adversary CE,,None if either vector has zero norm,0.38682815432548523,0.44302549958229065,0.0265156552195549,0.8728201389312744,0.27019864320755005,0.2785568833351135,0.5423993468284607,0.32516613602638245,0.029858393594622612,0.19762113356884878,-0.011179979890584946,-0.12343030935010747,-0.005765207577496767,-0.06561852661401414,0.27019864320755005,0.2785568833351135,0.05423993617296219,0.0,0.0029858392663300037,0.19762112197560472,0.0,,0.0,,True,True,0,True,1.0,0.1,1.0,0.0,0.27725571393966675,0.032516613602638245,0.0,0.2785568833351135,0.2785568833351135,actual current observers,False,f431d4c222df44c0fdb9580515826d76ddd3c74bffa0e9f40b4fff280627ab65
S_rho0p1,2,C,final,,"{""source"":1.0,""teacher"":1.0,""reconstruction"":0.1,""protection"":0.0}",True,positive mean prior-entropy-normalized adversary CE,,None if either vector has zero norm,0.3675064146518707,0.3138231635093689,0.021772028878331184,0.8261029720306396,0.39959946274757385,0.17650748789310455,1.254758596420288,1.2019410133361816,0.020634323358535767,0.09316803122671147,0.05150257796049118,0.24276310272915322,0.011952871456742287,0.024886521565389293,0.39959946274757385,0.17650748789310455,0.12547585368156433,0.0,0.002063432242721319,0.09316803144735639,0.0,,0.0,,True,True,0,True,1.0,0.1,1.0,0.0,0.4310873746871948,0.12019410133361817,0.0,0.17650748789310455,0.17650748789310455,actual current observers,False,55fe6b89cd684afac0e2033285bd9264c9c194b3006c8fbba0a207cb54ddfb3f
S_rho0p1,2,D,shared_fork,,"{""source"":1.0,""teacher"":1.0,""reconstruction"":0.1,""protection"":-0.1}",True,positive mean prior-entropy-normalized adversary CE,,None if either vector has zero norm,0.38682815432548523,0.44302549958229065,0.0265156552195549,0.8728201389312744,0.27019864320755005,0.2785568833351135,0.5423993468284607,0.32516613602638245,0.029858393594622612,0.19762113356884878,-0.011179979890584946,-0.12343030935010747,-0.005765207577496767,-0.06561852661401414,0.27019864320755005,0.2785568833351135,0.05423993617296219,0.03251660615205765,0.0029858392663300037,0.19762112197560472,0.0011179980356246233,0.12343034277292698,0.0005765208043158054,0.06561854694936119,True,True,0,True,1.0,0.1,1.0,-0.1,0.27725571393966675,0.032516613602638245,0.03251660615205765,0.2785568833351135,0.2785568833351135,actual current observers,False,f431d4c222df44c0fdb9580515826d76ddd3c74bffa0e9f40b4fff280627ab65
S_rho0p1,2,D,final,,"{""source"":1.0,""teacher"":1.0,""reconstruction"":0.1,""protection"":-0.1}",True,positive mean prior-entropy-normalized adversary CE,,None if either vector has zero norm,0.366284042596817,0.31992942094802856,0.0221887044608593,0.8315209150314331,0.3914230465888977,0.1904013454914093,1.8562242984771729,0.9127089977264404,0.10814030468463898,0.305975830613628,0.044574592262506485,0.25649862080646485,0.01588577963411808,0.044466178694508536,0.3914230465888977,0.1904013454914093,0.185622438788414,0.09127090126276016,0.010814029723405838,0.3059757947950623,-0.004457459785044193,-0.2564986487738295,-0.0015885779866948724,-0.0444661786202609,True,True,0,True,1.0,0.1,1.0,-0.1,0.4446870982646942,0.09127089977264405,0.09127090126276016,0.1904013454914093,0.1904013454914093,actual current observers,False,e15fb7d8ce54b9473e82570b17ee679fe895cd141603d59c83ae31df80e8c03e
S_rho0,0,shared,initialization,shared-stage diagnostic,"{""source"":1.0,""teacher"":1.0,""reconstruction"":0.0,""protection"":0.0}",True,positive mean prior-entropy-normalized adversary CE,,None if either vector has zero norm,0.6965600848197937,0.980240523815155,0.5202836990356445,1.3740801811218262,0.3163543939590454,0.97972172498703,0.08660498261451721,0.06335291266441345,0.0031810766085982323,0.03749112830662672,0.009339865297079086,0.15047740313755234,-0.0020154397934675217,-0.10056095099598605,0.3163543939590454,0.97972172498703,0.0,0.0,0.0,,0.0,,0.0,,True,True,0,True,1.0,0.0,1.0,0.0,0.3163543939590454,0.006335291266441345,0.0,0.97972172498703,0.97972172498703,disposable original initialization,True,54a70f9f7e480640cb1c6cd2db163d92648326678747e8b91cba46317608d9b4
S_rho0,0,shared,after_base_warmup,shared-stage diagnostic,"{""source"":1.0,""teacher"":1.0,""reconstruction"":0.0,""protection"":0.0}",True,positive mean prior-entropy-normalized adversary CE,,None if either vector has zero norm,0.370853066444397,0.9727525115013123,0.03063294105231762,1.3706053495407104,0.30577370524406433,0.22688058018684387,0.07964424043893814,0.06819843500852585,-0.0009786991868168116,-0.054162353654038625,-2.6825240638572723e-05,-0.0017336917945099356,-0.001954072155058384,-0.09370570912619829,0.30577370524406433,0.22688058018684387,0.0,0.0,0.0,,0.0,,0.0,,True,True,0,True,1.0,0.0,1.0,0.0,0.30577370524406433,0.006819843500852585,0.0,0.22688058018684387,0.22688058018684387,disposable original initialization,True,54a70f9f7e480640cb1c6cd2db163d92648326678747e8b91cba46317608d9b4
S_rho0,0,shared,shared_fork,D-objective hypothetical at frozen fork; no shared-stage update,"{""source"":1.0,""teacher"":1.0,""reconstruction"":0.0,""protection"":-0.1}",True,positive mean prior-entropy-normalized adversary CE,,None if either vector has zero norm,0.370853066444397,0.9727525115013123,0.03063294105231762,0.9359466433525085,0.30577370524406433,0.22688058018684387,0.07964424043893814,0.2929251194000244,-0.0009786991868168116,-0.054162353654038625,-0.005602279212325811,-0.08429674594346423,0.012958257459104061,0.14467378804567615,0.30577370524406433,0.22688058018684387,0.0,0.029292510822415352,0.0,,0.0005602278979495168,0.08429674565623729,-0.0012958258157595992,-0.1446738013637502,True,True,0,True,1.0,0.0,1.0,-0.1,0.30577370524406433,0.029292511940002444,0.029292510822415352,0.22688058018684387,0.22688058018684387,actual current observers,False,455f679ea96a1919bcb5faa5ee5b8e41be69a9106ecd5ace95b5d08ada8d4810
S_rho0,0,C,shared_fork,,"{""source"":1.0,""teacher"":1.0,""reconstruction"":0.0,""protection"":0.0}",True,positive mean prior-entropy-normalized adversary CE,,None if either vector has zero norm,0.370853066444397,0.9727525115013123,0.03063294105231762,0.9359466433525085,0.30577370524406433,0.22688058018684387,0.07964424043893814,0.2929251194000244,-0.0009786991868168116,-0.054162353654038625,-0.005602279212325811,-0.08429674594346423,0.012958257459104061,0.14467378804567615,0.30577370524406433,0.22688058018684387,0.0,0.0,0.0,,0.0,,0.0,,True,True,0,True,1.0,0.0,1.0,0.0,0.30577370524406433,0.029292511940002444,0.0,0.22688058018684387,0.22688058018684387,actual current observers,False,455f679ea96a1919bcb5faa5ee5b8e41be69a9106ecd5ace95b5d08ada8d4810
S_rho0,0,C,final,,"{""source"":1.0,""teacher"":1.0,""reconstruction"":0.0,""protection"":0.0}",True,positive mean prior-entropy-normalized adversary CE,,None if either vector has zero norm,0.35246801376342773,0.9732149839401245,0.02145872637629509,0.8814775347709656,0.5215815305709839,0.17181959748268127,0.07612219452857971,0.8203467726707458,0.0013556128833442926,0.10364579574864002,0.0044152396731078625,0.031324497455670175,0.011039006523787975,0.025799441923140334,0.5215815305709839,0.17181959748268127,0.0,0.0,0.0,,0.0,,0.0,,True,True,0,True,1.0,0.0,1.0,0.0,0.5215815305709839,0.08203467726707458,0.0,0.17181959748268127,0.17181959748268127,actual current observers,False,f472111aa145c543995c2b2c8305d423aa2e8cabe0fb730b62877116d95c16cf
S_rho0,0,D,shared_fork,,"{""source"":1.0,""teacher"":1.0,""reconstruction"":0.0,""protection"":-0.1}",True,positive mean prior-entropy-normalized adversary CE,,None if either vector has zero norm,0.370853066444397,0.9727525115013123,0.03063294105231762,0.9359466433525085,0.30577370524406433,0.22688058018684387,0.07964424043893814,0.2929251194000244,-0.0009786991868168116,-0.054162353654038625,-0.005602279212325811,-0.08429674594346423,0.012958257459104061,0.14467378804567615,0.30577370524406433,0.22688058018684387,0.0,0.029292510822415352,0.0,,0.0005602278979495168,0.08429674565623729,-0.0012958258157595992,-0.1446738013637502,True,True,0,True,1.0,0.0,1.0,-0.1,0.30577370524406433,0.029292511940002444,0.029292510822415352,0.22688058018684387,0.22688058018684387,actual current observers,False,455f679ea96a1919bcb5faa5ee5b8e41be69a9106ecd5ace95b5d08ada8d4810
S_rho0,0,D,final,,"{""source"":1.0,""teacher"":1.0,""reconstruction"":0.0,""protection"":-0.1}",True,positive mean prior-entropy-normalized adversary CE,,None if either vector has zero norm,0.3518180847167969,0.9732649326324463,0.021690353751182556,0.8867181539535522,0.5264801383018494,0.18978597223758698,0.07690522819757462,0.854582667350769,0.0012483799364417791,0.08553164131556296,-0.00017998251132667065,-0.0011097166906815915,-0.009391545318067074,-0.02087377444950134,0.5264801383018494,0.18978597223758698,0.0,0.08545827865600586,0.0,,1.7998158000409603e-05,0.0011097107936354758,0.0009391545318067074,0.020873771537732157,True,True,0,True,1.0,0.0,1.0,-0.1,0.5264801383018494,0.08545826673507691,0.08545827865600586,0.18978597223758698,0.18978597223758698,actual current observers,False,72f3763f230cada6bdf6b8a9209e8c36708b77da1c939b8d5849f18d523e00eb
S_rho0,1,shared,initialization,shared-stage diagnostic,"{""source"":1.0,""teacher"":1.0,""reconstruction"":0.0,""protection"":0.0}",True,positive mean prior-entropy-normalized adversary CE,,None if either vector has zero norm,0.7023024559020996,1.0667866468429565,0.6061234474182129,1.3523070812225342,0.28667011857032776,1.13717782497406,0.08062081784009933,0.042661238461732864,0.014180980622768402,0.15467875998890926,-0.0069320970214903355,-0.14289031420032933,0.0026137661188840866,0.21372279204293185,0.28667011857032776,1.13717782497406,0.0,0.0,0.0,,0.0,,0.0,,True,True,0,True,1.0,0.0,1.0,0.0,0.28667011857032776,0.004266123846173287,0.0,1.13717782497406,1.13717782497406,disposable original initialization,True,461a93d1af3d235cfdb1a278b996a814d1fa027de682e23dae6fc3211ef2158a
S_rho0,1,shared,after_base_warmup,shared-stage diagnostic,"{""source"":1.0,""teacher"":1.0,""reconstruction"":0.0,""protection"":0.0}",True,positive mean prior-entropy-normalized adversary CE,,None if either vector has zero norm,0.3735917806625366,1.0533596277236938,0.033990103751420975,1.3549327850341797,0.37809431552886963,0.22232836484909058,0.07779918611049652,0.046342018991708755,1.13526766654104e-05,0.0006563391969441578,-0.0015132748521864414,-0.14687503739960847,0.0016796223353594542,0.09585980524821196,0.37809431552886963,0.22232836484909058,0.0,0.0,0.0,,0.0,,0.0,,True,True,0,True,1.0,0.0,1.0,0.0,0.37809431552886963,0.004634201899170876,0.0,0.22232836484909058,0.22232836484909058,disposable original initialization,True,461a93d1af3d235cfdb1a278b996a814d1fa027de682e23dae6fc3211ef2158a
S_rho0,1,shared,shared_fork,D-objective hypothetical at frozen fork; no shared-stage update,"{""source"":1.0,""teacher"":1.0,""reconstruction"":0.0,""protection"":-0.1}",True,positive mean prior-entropy-normalized adversary CE,,None if either vector has zero norm,0.3735917806625366,1.0533596277236938,0.033990103751420975,0.9351339340209961,0.37809431552886963,0.22232836484909058,0.07779918611049652,0.4146181643009186,1.13526766654104e-05,0.0006563391969441578,-0.01063065230846405,-0.11532320823126319,0.02144976705312729,0.13682772545904692,0.37809431552886963,0.22232836484909058,0.0,0.041461821645498276,0.0,,0.0010630651377141476,0.1153231836218168,-0.002144976519048214,-0.13682769636595607,True,True,0,True,1.0,0.0,1.0,-0.1,0.37809431552886963,0.04146181643009186,0.041461821645498276,0.22232836484909058,0.22232836484909058,actual current observers,False,bc518c8fa329e37736ed6861755926c0c137e915cf61524e708a453e10d2dcb7
S_rho0,1,C,shared_fork,,"{""source"":1.0,""teacher"":1.0,""reconstruction"":0.0,""protection"":0.0}",True,positive mean prior-entropy-normalized adversary CE,,None if either vector has zero norm,0.3735917806625366,1.0533596277236938,0.033990103751420975,0.9351339340209961,0.37809431552886963,0.22232836484909058,0.07779918611049652,0.4146181643009186,1.13526766654104e-05,0.0006563391969441578,-0.01063065230846405,-0.11532320823126319,0.02144976705312729,0.13682772545904692,0.37809431552886963,0.22232836484909058,0.0,0.0,0.0,,0.0,,0.0,,True,True,0,True,1.0,0.0,1.0,0.0,0.37809431552886963,0.04146181643009186,0.0,0.22232836484909058,0.22232836484909058,actual current observers,False,bc518c8fa329e37736ed6861755926c0c137e915cf61524e708a453e10d2dcb7
S_rho0,1,C,final,,"{""source"":1.0,""teacher"":1.0,""reconstruction"":0.0,""protection"":0.0}",True,positive mean prior-entropy-normalized adversary CE,,None if either vector has zero norm,0.3517512083053589,1.0537102222442627,0.024890437722206116,0.8707504272460938,0.6535345315933228,0.23386038839817047,0.07453786581754684,1.0694750547409058,0.00042129497160203755,0.02416866461906736,-0.009446155279874802,-0.037768327608582127,0.07285961508750916,0.10424318532240877,0.6535345315933228,0.23386038839817047,0.0,0.0,0.0,,0.0,,0.0,,True,True,0,True,1.0,0.0,1.0,0.0,0.6535345315933228,0.10694750547409058,0.0,0.23386038839817047,0.23386038839817047,actual current observers,False,a34e19d1a2374a77b491318a347fa2de15f47bdda6bdd1025cf8e21836c1984f
S_rho0,1,D,shared_fork,,"{""source"":1.0,""teacher"":1.0,""reconstruction"":0.0,""protection"":-0.1}",True,positive mean prior-entropy-normalized adversary CE,,None if either vector has zero norm,0.3735917806625366,1.0533596277236938,0.033990103751420975,0.9351339340209961,0.37809431552886963,0.22232836484909058,0.07779918611049652,0.4146181643009186,1.13526766654104e-05,0.0006563391969441578,-0.01063065230846405,-0.11532320823126319,0.02144976705312729,0.13682772545904692,0.37809431552886963,0.22232836484909058,0.0,0.041461821645498276,0.0,,0.0010630651377141476,0.1153231836218168,-0.002144976519048214,-0.13682769636595607,True,True,0,True,1.0,0.0,1.0,-0.1,0.37809431552886963,0.04146181643009186,0.041461821645498276,0.22232836484909058,0.22232836484909058,actual current observers,False,bc518c8fa329e37736ed6861755926c0c137e915cf61524e708a453e10d2dcb7
S_rho0,1,D,final,,"{""source"":1.0,""teacher"":1.0,""reconstruction"":0.0,""protection"":-0.1}",True,positive mean prior-entropy-normalized adversary CE,,None if either vector has zero norm,0.3511304557323456,1.0536668300628662,0.025594206526875496,0.8829523921012878,0.6497149467468262,0.2586764395236969,0.0751274973154068,0.9280456304550171,0.0007706141332164407,0.0396534678041292,-0.011511893942952156,-0.04795352918500738,0.05998545140028,0.09948411553549309,0.6497149467468262,0.2586764395236969,0.0,0.09280458092689514,0.0,,0.0011511894408613443,0.047953521885162664,-0.005998545326292515,-0.0994840994562427,True,True,0,True,1.0,0.0,1.0,-0.1,0.6497149467468262,0.09280456304550172,0.09280458092689514,0.2586764395236969,0.2586764395236969,actual current observers,False,9ddac579bcbd0d3f1e13ae883b165d7ea735db5270e6f3fb80434611ed915201
S_rho0,2,shared,initialization,shared-stage diagnostic,"{""source"":1.0,""teacher"":1.0,""reconstruction"":0.0,""protection"":0.0}",True,positive mean prior-entropy-normalized adversary CE,,None if either vector has zero norm,0.7162373065948486,0.986204206943512,0.47211068868637085,1.375321865081787,0.28108012676239014,0.9298509955406189,0.09315593540668488,0.052847426384687424,0.010681141167879105,0.12330871259435942,0.0015544495545327663,0.03163293069938828,-0.0002193513500969857,-0.014766797815101729,0.28108012676239014,0.9298509955406189,0.0,0.0,0.0,,0.0,,0.0,,True,True,0,True,1.0,0.0,1.0,0.0,0.28108012676239014,0.0052847426384687425,0.0,0.9298509955406189,0.9298509955406189,disposable original initialization,True,2bbf69d3625d3fe8f25e63b97e565ff5d9ea0c21e0014a3e29d2f5e0270fc129
S_rho0,2,shared,after_base_warmup,shared-stage diagnostic,"{""source"":1.0,""teacher"":1.0,""reconstruction"":0.0,""protection"":0.0}",True,positive mean prior-entropy-normalized adversary CE,,None if either vector has zero norm,0.3858545124530792,0.9741318225860596,0.025623120367527008,1.37406587600708,0.2779347002506256,0.2724461257457733,0.08605960756540298,0.05986105278134346,-0.0009302736725658178,-0.039676260444905395,9.842122381087393e-06,0.0006034812397899327,-0.0013131669256836176,-0.07892831170125576,0.2779347002506256,0.2724461257457733,0.0,0.0,0.0,,0.0,,0.0,,True,True,0,True,1.0,0.0,1.0,0.0,0.2779347002506256,0.0059861052781343465,0.0,0.2724461257457733,0.2724461257457733,disposable original initialization,True,2bbf69d3625d3fe8f25e63b97e565ff5d9ea0c21e0014a3e29d2f5e0270fc129
S_rho0,2,shared,shared_fork,D-objective hypothetical at frozen fork; no shared-stage update,"{""source"":1.0,""teacher"":1.0,""reconstruction"":0.0,""protection"":-0.1}",True,positive mean prior-entropy-normalized adversary CE,,None if either vector has zero norm,0.3858545124530792,0.9741318225860596,0.025623120367527008,0.8764318823814392,0.2779347002506256,0.2724461257457733,0.08605960756540298,0.2836703658103943,-0.0009302736725658178,-0.039676260444905395,0.0008457574876956642,0.01094337410746683,-0.008067834191024303,-0.1023293518558186,0.2779347002506256,0.2724461257457733,0.0,0.028367038816213608,0.0,,-8.45758113428019e-05,-0.010943381341623815,0.0008067834423854947,0.10232934674593672,True,True,0,True,1.0,0.0,1.0,-0.1,0.2779347002506256,0.02836703658103943,0.028367038816213608,0.2724461257457733,0.2724461257457733,actual current observers,False,bd0eecb1d366c160a35c9dd31a4d49f62a3741826337c5dfa5fcc201ff64c81c
S_rho0,2,C,shared_fork,,"{""source"":1.0,""teacher"":1.0,""reconstruction"":0.0,""protection"":0.0}",True,positive mean prior-entropy-normalized adversary CE,,None if either vector has zero norm,0.3858545124530792,0.9741318225860596,0.025623120367527008,0.8764318823814392,0.2779347002506256,0.2724461257457733,0.08605960756540298,0.2836703658103943,-0.0009302736725658178,-0.039676260444905395,0.0008457574876956642,0.01094337410746683,-0.008067834191024303,-0.1023293518558186,0.2779347002506256,0.2724461257457733,0.0,0.0,0.0,,0.0,,0.0,,True,True,0,True,1.0,0.0,1.0,0.0,0.2779347002506256,0.02836703658103943,0.0,0.2724461257457733,0.2724461257457733,actual current observers,False,bd0eecb1d366c160a35c9dd31a4d49f62a3741826337c5dfa5fcc201ff64c81c
S_rho0,2,C,final,,"{""source"":1.0,""teacher"":1.0,""reconstruction"":0.0,""protection"":0.0}",True,positive mean prior-entropy-normalized adversary CE,,None if either vector has zero norm,0.3673287332057953,0.9731382727622986,0.019921734929084778,0.8201239705085754,0.40533822774887085,0.17551451921463013,0.08355548232793808,0.9766675233840942,-0.0005152901285327971,-0.035136930808433504,0.036876048892736435,0.2151218810666738,0.02985604852437973,0.0754167854212751,0.40533822774887085,0.17551451921463013,0.0,0.0,0.0,,0.0,,0.0,,True,True,0,True,1.0,0.0,1.0,0.0,0.40533822774887085,0.09766675233840943,0.0,0.17551451921463013,0.17551451921463013,actual current observers,False,ed67c3c51197de384950b276df70a1cbfb3507a39df97789b54b6690a7b76d26
S_rho0,2,D,shared_fork,,"{""source"":1.0,""teacher"":1.0,""reconstruction"":0.0,""protection"":-0.1}",True,positive mean prior-entropy-normalized adversary CE,,None if either vector has zero norm,0.3858545124530792,0.9741318225860596,0.025623120367527008,0.8764318823814392,0.2779347002506256,0.2724461257457733,0.08605960756540298,0.2836703658103943,-0.0009302736725658178,-0.039676260444905395,0.0008457574876956642,0.01094337410746683,-0.008067834191024303,-0.1023293518558186,0.2779347002506256,0.2724461257457733,0.0,0.028367038816213608,0.0,,-8.45758113428019e-05,-0.010943381341623815,0.0008067834423854947,0.10232934674593672,True,True,0,True,1.0,0.0,1.0,-0.1,0.2779347002506256,0.02836703658103943,0.028367038816213608,0.2724461257457733,0.2724461257457733,actual current observers,False,bd0eecb1d366c160a35c9dd31a4d49f62a3741826337c5dfa5fcc201ff64c81c
S_rho0,2,D,final,,"{""source"":1.0,""teacher"":1.0,""reconstruction"":0.0,""protection"":-0.1}",True,positive mean prior-entropy-normalized adversary CE,,None if either vector has zero norm,0.368730753660202,0.9728477597236633,0.020561568439006805,0.8247789740562439,0.40569740533828735,0.18671339750289917,0.08282650262117386,0.8324336409568787,-0.000647800276055932,-0.04188864610632539,0.031545281410217285,0.20295946129589634,0.04018212854862213,0.11898195089841863,0.40569740533828735,0.18671339750289917,0.0,0.08324337005615234,0.0,,-0.0031545283272862434,-0.20295945874750376,-0.004018212668597698,-0.1189819368635535,True,True,0,True,1.0,0.0,1.0,-0.1,0.40569740533828735,0.08324336409568787,0.08324337005615234,0.18671339750289917,0.18671339750289917,actual current observers,False,53698d90503c2dca40399580ea139765fc42933707cb4b742b833e7a02d0b8fc
