seed,release,target,split,audit_budget,independent_loss,independent_candidate,independent_epoch,pooled_loss,pooled_candidate,pooled_epoch,catchup_loss,catchup_candidate,catchup_epoch,saved_loss,saved_candidate,saved_epoch
0,E_F_C,SEX,validation,120,0.6736821573001165,mlp_1,35,0.6597168715240799,catchup,10,0.6597168715240799,catchup,10,0.6723746674265132,saved_adversary,0
0,E_F_C,SEX,validation,360,0.6736821573001165,mlp_1,35,0.6597168715240799,catchup,10,0.6597168715240799,catchup,10,0.6723746674265132,saved_adversary,0
0,E_F_C,SEX,development_evaluation,120,0.6812109668901247,mlp_1,35,0.6690627973168664,catchup,10,0.6690627973168664,catchup,10,0.6821178942035939,saved_adversary,0
0,E_F_C,SEX,development_evaluation,360,0.6812109668901247,mlp_1,35,0.6690627973168664,catchup,10,0.6690627973168664,catchup,10,0.6821178942035939,saved_adversary,0
0,E_F_C,SEX,validation_person_weighted,120,0.6724362572637164,mlp_1,35,0.6606331120276733,catchup,10,0.6606331120276733,catchup,10,0.6677862084560675,saved_adversary,0
0,E_F_C,SEX,validation_person_weighted,360,0.6724362572637164,mlp_1,35,0.6606331120276733,catchup,10,0.6606331120276733,catchup,10,0.6677862084560675,saved_adversary,0
0,E_F_C,SEX,development_evaluation_person_weighted,120,0.6847815142068717,mlp_1,35,0.6716429527741451,catchup,10,0.6716429527741451,catchup,10,0.6801578308939934,saved_adversary,0
0,E_F_C,SEX,development_evaluation_person_weighted,360,0.6847815142068717,mlp_1,35,0.6716429527741451,catchup,10,0.6716429527741451,catchup,10,0.6801578308939934,saved_adversary,0
0,E_F_C,RAC1P,validation,120,1.2462505527254966,mlp_0,30,1.2214579202162996,catchup,5,1.2214579202162996,catchup,5,1.2282968334662645,saved_adversary,0
0,E_F_C,RAC1P,validation,360,1.2462505527254966,mlp_0,30,1.2214579202162996,catchup,5,1.2214579202162996,catchup,5,1.2282968334662645,saved_adversary,0
0,E_F_C,RAC1P,development_evaluation,120,1.2308692561384535,mlp_0,30,1.219496106810147,catchup,5,1.219496106810147,catchup,5,1.22913269533672,saved_adversary,0
0,E_F_C,RAC1P,development_evaluation,360,1.2308692561384535,mlp_0,30,1.219496106810147,catchup,5,1.219496106810147,catchup,5,1.22913269533672,saved_adversary,0
0,E_F_C,RAC1P,validation_person_weighted,120,1.2551885940234588,mlp_0,30,1.2307355777717603,catchup,5,1.2307355777717603,catchup,5,1.2491745432710522,saved_adversary,0
0,E_F_C,RAC1P,validation_person_weighted,360,1.2551885940234588,mlp_0,30,1.2307355777717603,catchup,5,1.2307355777717603,catchup,5,1.2491745432710522,saved_adversary,0
0,E_F_C,RAC1P,development_evaluation_person_weighted,120,1.2136239833684748,mlp_0,30,1.2053688429288785,catchup,5,1.2053688429288785,catchup,5,1.219743824163333,saved_adversary,0
0,E_F_C,RAC1P,development_evaluation_person_weighted,360,1.2136239833684748,mlp_0,30,1.2053688429288785,catchup,5,1.2053688429288785,catchup,5,1.219743824163333,saved_adversary,0
0,E_F_D,SEX,validation,120,0.6758554457769218,mlp_1,20,0.6623720131017078,catchup,5,0.6623720131017078,catchup,5,0.6740528528295745,saved_adversary,0
0,E_F_D,SEX,validation,360,0.6758554457769218,mlp_1,20,0.6623720131017078,catchup,5,0.6623720131017078,catchup,5,0.6740528528295745,saved_adversary,0
0,E_F_D,SEX,development_evaluation,120,0.6816838573897842,mlp_1,20,0.6712540370450266,catchup,5,0.6712540370450266,catchup,5,0.6823988395109396,saved_adversary,0
0,E_F_D,SEX,development_evaluation,360,0.6816838573897842,mlp_1,20,0.6712540370450266,catchup,5,0.6712540370450266,catchup,5,0.6823988395109396,saved_adversary,0
0,E_F_D,SEX,validation_person_weighted,120,0.6730926898774319,mlp_1,20,0.6591917742819782,catchup,5,0.6591917742819782,catchup,5,0.6678093867338698,saved_adversary,0
0,E_F_D,SEX,validation_person_weighted,360,0.6730926898774319,mlp_1,20,0.6591917742819782,catchup,5,0.6591917742819782,catchup,5,0.6678093867338698,saved_adversary,0
0,E_F_D,SEX,development_evaluation_person_weighted,120,0.6834332333085297,mlp_1,20,0.6716379110130878,catchup,5,0.6716379110130878,catchup,5,0.6813435635924376,saved_adversary,0
0,E_F_D,SEX,development_evaluation_person_weighted,360,0.6834332333085297,mlp_1,20,0.6716379110130878,catchup,5,0.6716379110130878,catchup,5,0.6813435635924376,saved_adversary,0
0,E_F_D,RAC1P,validation,120,1.2487641825857096,mlp_0,30,1.2291893064086064,catchup,5,1.2291893064086064,catchup,5,1.2364668670499468,saved_adversary,0
0,E_F_D,RAC1P,validation,360,1.2487641825857096,mlp_0,30,1.2291893064086064,catchup,5,1.2291893064086064,catchup,5,1.2364668670499468,saved_adversary,0
0,E_F_D,RAC1P,development_evaluation,120,1.2318067695594441,mlp_0,30,1.2174342617050875,catchup,5,1.2174342617050875,catchup,5,1.2258134773760259,saved_adversary,0
0,E_F_D,RAC1P,development_evaluation,360,1.2318067695594441,mlp_0,30,1.2174342617050875,catchup,5,1.2174342617050875,catchup,5,1.2258134773760259,saved_adversary,0
0,E_F_D,RAC1P,validation_person_weighted,120,1.2581063565151662,mlp_0,30,1.2380061945237018,catchup,5,1.2380061945237018,catchup,5,1.2558004766639217,saved_adversary,0
0,E_F_D,RAC1P,validation_person_weighted,360,1.2581063565151662,mlp_0,30,1.2380061945237018,catchup,5,1.2380061945237018,catchup,5,1.2558004766639217,saved_adversary,0
0,E_F_D,RAC1P,development_evaluation_person_weighted,120,1.2150538433352902,mlp_0,30,1.2028837854049805,catchup,5,1.2028837854049805,catchup,5,1.2174544478948957,saved_adversary,0
0,E_F_D,RAC1P,development_evaluation_person_weighted,360,1.2150538433352902,mlp_0,30,1.2028837854049805,catchup,5,1.2028837854049805,catchup,5,1.2174544478948957,saved_adversary,0
0,E_K_C,SEX,validation,120,0.6830412377910033,mlp_0,25,0.6745759477786555,catchup,15,0.6745759477786555,catchup,15,0.6831831524807433,saved_adversary,0
0,E_K_C,SEX,validation,360,0.6830412377910033,mlp_0,25,0.6745759477786555,catchup,15,0.6745759477786555,catchup,15,0.6831831524807433,saved_adversary,0
0,E_K_C,SEX,development_evaluation,120,0.6872099166564384,mlp_0,25,0.6773455389504729,catchup,15,0.6773455389504729,catchup,15,0.6806873463050599,saved_adversary,0
0,E_K_C,SEX,development_evaluation,360,0.6872099166564384,mlp_0,25,0.6773455389504729,catchup,15,0.6773455389504729,catchup,15,0.6806873463050599,saved_adversary,0
0,E_K_C,SEX,validation_person_weighted,120,0.6844064992012836,mlp_0,25,0.6758142205965004,catchup,15,0.6758142205965004,catchup,15,0.6820743558741641,saved_adversary,0
0,E_K_C,SEX,validation_person_weighted,360,0.6844064992012836,mlp_0,25,0.6758142205965004,catchup,15,0.6758142205965004,catchup,15,0.6820743558741641,saved_adversary,0
0,E_K_C,SEX,development_evaluation_person_weighted,120,0.6914150036289739,mlp_0,25,0.6812504794898354,catchup,15,0.6812504794898354,catchup,15,0.6810520723952981,saved_adversary,0
0,E_K_C,SEX,development_evaluation_person_weighted,360,0.6914150036289739,mlp_0,25,0.6812504794898354,catchup,15,0.6812504794898354,catchup,15,0.6810520723952981,saved_adversary,0
0,E_K_C,RAC1P,validation,120,1.2541465303068167,mlp_0,25,1.2301156343997715,catchup,5,1.2301156343997715,catchup,5,1.2317047996341788,saved_adversary,0
0,E_K_C,RAC1P,validation,360,1.2541465303068167,mlp_0,25,1.2301156343997715,catchup,5,1.2301156343997715,catchup,5,1.2317047996341788,saved_adversary,0
0,E_K_C,RAC1P,development_evaluation,120,1.2348383268997085,mlp_0,25,1.2048883767202472,catchup,5,1.2048883767202472,catchup,5,1.2114144338615591,saved_adversary,0
0,E_K_C,RAC1P,development_evaluation,360,1.2348383268997085,mlp_0,25,1.2048883767202472,catchup,5,1.2048883767202472,catchup,5,1.2114144338615591,saved_adversary,0
0,E_K_C,RAC1P,validation_person_weighted,120,1.2616344943800877,mlp_0,25,1.2391615781058314,catchup,5,1.2391615781058314,catchup,5,1.249652771599737,saved_adversary,0
0,E_K_C,RAC1P,validation_person_weighted,360,1.2616344943800877,mlp_0,25,1.2391615781058314,catchup,5,1.2391615781058314,catchup,5,1.249652771599737,saved_adversary,0
0,E_K_C,RAC1P,development_evaluation_person_weighted,120,1.2144491410253866,mlp_0,25,1.1873505768092065,catchup,5,1.1873505768092065,catchup,5,1.1985067043282212,saved_adversary,0
0,E_K_C,RAC1P,development_evaluation_person_weighted,360,1.2144491410253866,mlp_0,25,1.1873505768092065,catchup,5,1.1873505768092065,catchup,5,1.1985067043282212,saved_adversary,0
0,E_K_D,SEX,validation,120,0.6833150010880634,mlp_0,25,0.6742990498859284,catchup,10,0.6742990498859284,catchup,10,0.6819230542637726,saved_adversary,0
0,E_K_D,SEX,validation,360,0.6833150010880634,mlp_0,25,0.6742990498859284,catchup,10,0.6742990498859284,catchup,10,0.6819230542637726,saved_adversary,0
0,E_K_D,SEX,development_evaluation,120,0.6870015006590626,mlp_0,25,0.6765520032637388,catchup,10,0.6765520032637388,catchup,10,0.6794326887201433,saved_adversary,0
0,E_K_D,SEX,development_evaluation,360,0.6870015006590626,mlp_0,25,0.6765520032637388,catchup,10,0.6765520032637388,catchup,10,0.6794326887201433,saved_adversary,0
0,E_K_D,SEX,validation_person_weighted,120,0.6845757927720975,mlp_0,25,0.6740467673389321,catchup,10,0.6740467673389321,catchup,10,0.6814018800927288,saved_adversary,0
0,E_K_D,SEX,validation_person_weighted,360,0.6845757927720975,mlp_0,25,0.6740467673389321,catchup,10,0.6740467673389321,catchup,10,0.6814018800927288,saved_adversary,0
0,E_K_D,SEX,development_evaluation_person_weighted,120,0.690732459388844,mlp_0,25,0.6809571029583842,catchup,10,0.6809571029583842,catchup,10,0.6809086299962377,saved_adversary,0
0,E_K_D,SEX,development_evaluation_person_weighted,360,0.690732459388844,mlp_0,25,0.6809571029583842,catchup,10,0.6809571029583842,catchup,10,0.6809086299962377,saved_adversary,0
0,E_K_D,RAC1P,validation,120,1.254366165971582,mlp_0,25,1.2255670427003669,catchup,0,1.2255670427003669,catchup,0,1.2255670427003669,saved_adversary,0
0,E_K_D,RAC1P,validation,360,1.254366165971582,mlp_0,25,1.2255670427003669,catchup,0,1.2255670427003669,catchup,0,1.2255670427003669,saved_adversary,0
0,E_K_D,RAC1P,development_evaluation,120,1.235303073758682,mlp_0,25,1.2089217957900915,catchup,0,1.2089217957900915,catchup,0,1.2089217957900915,saved_adversary,0
0,E_K_D,RAC1P,development_evaluation,360,1.235303073758682,mlp_0,25,1.2089217957900915,catchup,0,1.2089217957900915,catchup,0,1.2089217957900915,saved_adversary,0
0,E_K_D,RAC1P,validation_person_weighted,120,1.2624475325810964,mlp_0,25,1.2430332102668953,catchup,0,1.2430332102668953,catchup,0,1.2430332102668953,saved_adversary,0
0,E_K_D,RAC1P,validation_person_weighted,360,1.2624475325810964,mlp_0,25,1.2430332102668953,catchup,0,1.2430332102668953,catchup,0,1.2430332102668953,saved_adversary,0
0,E_K_D,RAC1P,development_evaluation_person_weighted,120,1.2151369873816082,mlp_0,25,1.1959214610581375,catchup,0,1.1959214610581375,catchup,0,1.1959214610581375,saved_adversary,0
0,E_K_D,RAC1P,development_evaluation_person_weighted,360,1.2151369873816082,mlp_0,25,1.1959214610581375,catchup,0,1.1959214610581375,catchup,0,1.1959214610581375,saved_adversary,0
0,S_F_C,SEX,validation,120,0.6621930496740007,mlp_1,20,0.65682541270438,catchup,5,0.65682541270438,catchup,5,0.6720752094967308,saved_adversary,0
0,S_F_C,SEX,validation,360,0.6621930496740007,mlp_1,20,0.65682541270438,catchup,5,0.65682541270438,catchup,5,0.6720752094967308,saved_adversary,0
0,S_F_C,SEX,development_evaluation,120,0.6704934090078273,mlp_1,20,0.6708711526645388,catchup,5,0.6708711526645388,catchup,5,0.6841865053346511,saved_adversary,0
0,S_F_C,SEX,development_evaluation,360,0.6704934090078273,mlp_1,20,0.6708711526645388,catchup,5,0.6708711526645388,catchup,5,0.6841865053346511,saved_adversary,0
0,S_F_C,SEX,validation_person_weighted,120,0.6583674167936244,mlp_1,20,0.6533451000320348,catchup,5,0.6533451000320348,catchup,5,0.6679256730440247,saved_adversary,0
0,S_F_C,SEX,validation_person_weighted,360,0.6583674167936244,mlp_1,20,0.6533451000320348,catchup,5,0.6533451000320348,catchup,5,0.6679256730440247,saved_adversary,0
0,S_F_C,SEX,development_evaluation_person_weighted,120,0.6716086156442873,mlp_1,20,0.6728390516959329,catchup,5,0.6728390516959329,catchup,5,0.6824872833386251,saved_adversary,0
0,S_F_C,SEX,development_evaluation_person_weighted,360,0.6716086156442873,mlp_1,20,0.6728390516959329,catchup,5,0.6728390516959329,catchup,5,0.6824872833386251,saved_adversary,0
0,S_F_C,RAC1P,validation,120,1.2248470696780205,logistic,,1.2072080344317377,catchup,5,1.2072080344317377,catchup,5,1.2086794691260216,saved_adversary,0
0,S_F_C,RAC1P,validation,360,1.2248470696780205,logistic,,1.2072080344317377,catchup,5,1.2072080344317377,catchup,5,1.2086794691260216,saved_adversary,0
0,S_F_C,RAC1P,development_evaluation,120,1.216262470245854,logistic,,1.2014682308622475,catchup,5,1.2014682308622475,catchup,5,1.2132344352313076,saved_adversary,0
0,S_F_C,RAC1P,development_evaluation,360,1.216262470245854,logistic,,1.2014682308622475,catchup,5,1.2014682308622475,catchup,5,1.2132344352313076,saved_adversary,0
0,S_F_C,RAC1P,validation_person_weighted,120,1.2338153727931582,logistic,,1.2214429644614404,catchup,5,1.2214429644614404,catchup,5,1.2330137308549443,saved_adversary,0
0,S_F_C,RAC1P,validation_person_weighted,360,1.2338153727931582,logistic,,1.2214429644614404,catchup,5,1.2214429644614404,catchup,5,1.2330137308549443,saved_adversary,0
0,S_F_C,RAC1P,development_evaluation_person_weighted,120,1.19751616114572,logistic,,1.1825650048600647,catchup,5,1.1825650048600647,catchup,5,1.1950778922607062,saved_adversary,0
0,S_F_C,RAC1P,development_evaluation_person_weighted,360,1.19751616114572,logistic,,1.1825650048600647,catchup,5,1.1825650048600647,catchup,5,1.1950778922607062,saved_adversary,0
0,S_F_D,SEX,validation,120,0.6631882343591036,mlp_0,30,0.6597109172683756,catchup,15,0.6597109172683756,catchup,15,0.6735455472887862,saved_adversary,0
0,S_F_D,SEX,validation,360,0.6631882343591036,mlp_0,30,0.6597109172683756,catchup,15,0.6597109172683756,catchup,15,0.6735455472887862,saved_adversary,0
0,S_F_D,SEX,development_evaluation,120,0.6736102560407039,mlp_0,30,0.673813610328822,catchup,15,0.673813610328822,catchup,15,0.6881930163175475,saved_adversary,0
0,S_F_D,SEX,development_evaluation,360,0.6736102560407039,mlp_0,30,0.673813610328822,catchup,15,0.673813610328822,catchup,15,0.6881930163175475,saved_adversary,0
0,S_F_D,SEX,validation_person_weighted,120,0.6593254902186247,mlp_0,30,0.6584673507766651,catchup,15,0.6584673507766651,catchup,15,0.6703648555639697,saved_adversary,0
0,S_F_D,SEX,validation_person_weighted,360,0.6593254902186247,mlp_0,30,0.6584673507766651,catchup,15,0.6584673507766651,catchup,15,0.6703648555639697,saved_adversary,0
0,S_F_D,SEX,development_evaluation_person_weighted,120,0.6769335716558349,mlp_0,30,0.6744328441156667,catchup,15,0.6744328441156667,catchup,15,0.6879312330165339,saved_adversary,0
0,S_F_D,SEX,development_evaluation_person_weighted,360,0.6769335716558349,mlp_0,30,0.6744328441156667,catchup,15,0.6744328441156667,catchup,15,0.6879312330165339,saved_adversary,0
0,S_F_D,RAC1P,validation,120,1.2279621535293161,logistic,,1.2126320171463074,catchup,5,1.2126320171463074,catchup,5,1.2155912663746482,saved_adversary,0
0,S_F_D,RAC1P,validation,360,1.2279621535293161,logistic,,1.2126320171463074,catchup,5,1.2126320171463074,catchup,5,1.2155912663746482,saved_adversary,0
0,S_F_D,RAC1P,development_evaluation,120,1.221304039709394,logistic,,1.211890920019821,catchup,5,1.211890920019821,catchup,5,1.2221053887734354,saved_adversary,0
0,S_F_D,RAC1P,development_evaluation,360,1.221304039709394,logistic,,1.211890920019821,catchup,5,1.211890920019821,catchup,5,1.2221053887734354,saved_adversary,0
0,S_F_D,RAC1P,validation_person_weighted,120,1.2382193155324104,logistic,,1.2246305936765896,catchup,5,1.2246305936765896,catchup,5,1.2380840197646867,saved_adversary,0
0,S_F_D,RAC1P,validation_person_weighted,360,1.2382193155324104,logistic,,1.2246305936765896,catchup,5,1.2246305936765896,catchup,5,1.2380840197646867,saved_adversary,0
0,S_F_D,RAC1P,development_evaluation_person_weighted,120,1.2027256470792431,logistic,,1.1900222044355937,catchup,5,1.1900222044355937,catchup,5,1.2022906983305306,saved_adversary,0
0,S_F_D,RAC1P,development_evaluation_person_weighted,360,1.2027256470792431,logistic,,1.1900222044355937,catchup,5,1.1900222044355937,catchup,5,1.2022906983305306,saved_adversary,0
0,S_K_C,SEX,validation,120,0.6635191353936915,mlp_1,45,0.6584347830315372,catchup,5,0.6584347830315372,catchup,5,0.6702150381208136,saved_adversary,0
0,S_K_C,SEX,validation,360,0.6635191353936915,mlp_1,45,0.6584347830315372,catchup,5,0.6584347830315372,catchup,5,0.6702150381208136,saved_adversary,0
0,S_K_C,SEX,development_evaluation,120,0.6759448511225805,mlp_1,45,0.6739058095029973,catchup,5,0.6739058095029973,catchup,5,0.6840711555104295,saved_adversary,0
0,S_K_C,SEX,development_evaluation,360,0.6759448511225805,mlp_1,45,0.6739058095029973,catchup,5,0.6739058095029973,catchup,5,0.6840711555104295,saved_adversary,0
0,S_K_C,SEX,validation_person_weighted,120,0.6631781700354,mlp_1,45,0.6557115834312154,catchup,5,0.6557115834312154,catchup,5,0.6648885270201674,saved_adversary,0
0,S_K_C,SEX,validation_person_weighted,360,0.6631781700354,mlp_1,45,0.6557115834312154,catchup,5,0.6557115834312154,catchup,5,0.6648885270201674,saved_adversary,0
0,S_K_C,SEX,development_evaluation_person_weighted,120,0.6752854353163845,mlp_1,45,0.6825143179841616,catchup,5,0.6825143179841616,catchup,5,0.6883304893611931,saved_adversary,0
0,S_K_C,SEX,development_evaluation_person_weighted,360,0.6752854353163845,mlp_1,45,0.6825143179841616,catchup,5,0.6825143179841616,catchup,5,0.6883304893611931,saved_adversary,0
0,S_K_C,RAC1P,validation,120,1.232104940937748,mlp_0,30,1.2154028263122152,catchup,5,1.2154028263122152,catchup,5,1.2235913635353106,saved_adversary,0
0,S_K_C,RAC1P,validation,360,1.232104940937748,mlp_0,30,1.2154028263122152,catchup,5,1.2154028263122152,catchup,5,1.2235913635353106,saved_adversary,0
0,S_K_C,RAC1P,development_evaluation,120,1.2217175138816956,mlp_0,30,1.2161448252546563,catchup,5,1.2161448252546563,catchup,5,1.2284512440728395,saved_adversary,0
0,S_K_C,RAC1P,development_evaluation,360,1.2217175138816956,mlp_0,30,1.2161448252546563,catchup,5,1.2161448252546563,catchup,5,1.2284512440728395,saved_adversary,0
0,S_K_C,RAC1P,validation_person_weighted,120,1.244158612320546,mlp_0,30,1.2308288649562382,catchup,5,1.2308288649562382,catchup,5,1.2481521160048241,saved_adversary,0
0,S_K_C,RAC1P,validation_person_weighted,360,1.244158612320546,mlp_0,30,1.2308288649562382,catchup,5,1.2308288649562382,catchup,5,1.2481521160048241,saved_adversary,0
0,S_K_C,RAC1P,development_evaluation_person_weighted,120,1.204818490725381,mlp_0,30,1.2003200717680733,catchup,5,1.2003200717680733,catchup,5,1.213349629703449,saved_adversary,0
0,S_K_C,RAC1P,development_evaluation_person_weighted,360,1.204818490725381,mlp_0,30,1.2003200717680733,catchup,5,1.2003200717680733,catchup,5,1.213349629703449,saved_adversary,0
0,S_K_D,SEX,validation,120,0.6634022465051647,mlp_0,30,0.6554104260438783,catchup,5,0.6554104260438783,catchup,5,0.6677689169005213,saved_adversary,0
0,S_K_D,SEX,validation,360,0.6634022465051647,mlp_0,30,0.6554104260438783,catchup,5,0.6554104260438783,catchup,5,0.6677689169005213,saved_adversary,0
0,S_K_D,SEX,development_evaluation,120,0.6769313379276406,mlp_0,30,0.6741072523016436,catchup,5,0.6741072523016436,catchup,5,0.6839942705817977,saved_adversary,0
0,S_K_D,SEX,development_evaluation,360,0.6769313379276406,mlp_0,30,0.6741072523016436,catchup,5,0.6741072523016436,catchup,5,0.6839942705817977,saved_adversary,0
0,S_K_D,SEX,validation_person_weighted,120,0.6607168927941094,mlp_0,30,0.6527007477612543,catchup,5,0.6527007477612543,catchup,5,0.6621773489303411,saved_adversary,0
0,S_K_D,SEX,validation_person_weighted,360,0.6607168927941094,mlp_0,30,0.6527007477612543,catchup,5,0.6527007477612543,catchup,5,0.6621773489303411,saved_adversary,0
0,S_K_D,SEX,development_evaluation_person_weighted,120,0.6771927703573098,mlp_0,30,0.6782667343443992,catchup,5,0.6782667343443992,catchup,5,0.6866572695706549,saved_adversary,0
0,S_K_D,SEX,development_evaluation_person_weighted,360,0.6771927703573098,mlp_0,30,0.6782667343443992,catchup,5,0.6782667343443992,catchup,5,0.6866572695706549,saved_adversary,0
0,S_K_D,RAC1P,validation,120,1.2334866559024977,mlp_0,30,1.2139462947719264,catchup,5,1.2139462947719264,catchup,5,1.2223260330589425,saved_adversary,0
0,S_K_D,RAC1P,validation,360,1.2334866559024977,mlp_0,30,1.2139462947719264,catchup,5,1.2139462947719264,catchup,5,1.2223260330589425,saved_adversary,0
0,S_K_D,RAC1P,development_evaluation,120,1.2232134200906506,mlp_0,30,1.214920398875055,catchup,5,1.214920398875055,catchup,5,1.2253612843939086,saved_adversary,0
0,S_K_D,RAC1P,development_evaluation,360,1.2232134200906506,mlp_0,30,1.214920398875055,catchup,5,1.214920398875055,catchup,5,1.2253612843939086,saved_adversary,0
0,S_K_D,RAC1P,validation_person_weighted,120,1.2450348816258787,mlp_0,30,1.229068590816219,catchup,5,1.229068590816219,catchup,5,1.2465567641167057,saved_adversary,0
0,S_K_D,RAC1P,validation_person_weighted,360,1.2450348816258787,mlp_0,30,1.229068590816219,catchup,5,1.229068590816219,catchup,5,1.2465567641167057,saved_adversary,0
0,S_K_D,RAC1P,development_evaluation_person_weighted,120,1.2071689769189582,mlp_0,30,1.1995617195548456,catchup,5,1.1995617195548456,catchup,5,1.2102066952870942,saved_adversary,0
0,S_K_D,RAC1P,development_evaluation_person_weighted,360,1.2071689769189582,mlp_0,30,1.1995617195548456,catchup,5,1.1995617195548456,catchup,5,1.2102066952870942,saved_adversary,0
0,E_bank,SEX,validation,120,0.6888579849069636,mlp_1,120,0.6888579849069636,mlp_1,120,,,,,,
0,E_bank,SEX,validation,360,0.6884456381433328,mlp_1,130,0.6884456381433328,mlp_1,130,,,,,,
0,E_bank,SEX,development_evaluation,120,0.6841040731883976,mlp_1,120,0.6841040731883976,mlp_1,120,,,,,,
0,E_bank,SEX,development_evaluation,360,0.6837693745801905,mlp_1,130,0.6837693745801905,mlp_1,130,,,,,,
0,E_bank,SEX,validation_person_weighted,120,0.6893940250689228,mlp_1,120,0.6893940250689228,mlp_1,120,,,,,,
0,E_bank,SEX,validation_person_weighted,360,0.6887060141512592,mlp_1,130,0.6887060141512592,mlp_1,130,,,,,,
0,E_bank,SEX,development_evaluation_person_weighted,120,0.6833197625757559,mlp_1,120,0.6833197625757559,mlp_1,120,,,,,,
0,E_bank,SEX,development_evaluation_person_weighted,360,0.6831102010178348,mlp_1,130,0.6831102010178348,mlp_1,130,,,,,,
0,E_bank,RAC1P,validation,120,1.2535177468988281,mlp_1,40,1.2535177468988281,mlp_1,40,,,,,,
0,E_bank,RAC1P,validation,360,1.2535177468988281,mlp_1,40,1.2535177468988281,mlp_1,40,,,,,,
0,E_bank,RAC1P,development_evaluation,120,1.2599088482625627,mlp_1,40,1.2599088482625627,mlp_1,40,,,,,,
0,E_bank,RAC1P,development_evaluation,360,1.2599088482625627,mlp_1,40,1.2599088482625627,mlp_1,40,,,,,,
0,E_bank,RAC1P,validation_person_weighted,120,1.2618488275262623,mlp_1,40,1.2618488275262623,mlp_1,40,,,,,,
0,E_bank,RAC1P,validation_person_weighted,360,1.2618488275262623,mlp_1,40,1.2618488275262623,mlp_1,40,,,,,,
0,E_bank,RAC1P,development_evaluation_person_weighted,120,1.229363120300978,mlp_1,40,1.229363120300978,mlp_1,40,,,,,,
0,E_bank,RAC1P,development_evaluation_person_weighted,360,1.229363120300978,mlp_1,40,1.229363120300978,mlp_1,40,,,,,,
0,S_bank,SEX,validation,120,0.681585187297104,mlp_0,105,0.681585187297104,mlp_0,105,,,,,,
0,S_bank,SEX,validation,360,0.6802692090461149,mlp_0,195,0.6802692090461149,mlp_0,195,,,,,,
0,S_bank,SEX,development_evaluation,120,0.6860697606611668,mlp_0,105,0.6860697606611668,mlp_0,105,,,,,,
0,S_bank,SEX,development_evaluation,360,0.6879515439177577,mlp_0,195,0.6879515439177577,mlp_0,195,,,,,,
0,S_bank,SEX,validation_person_weighted,120,0.6804712788653774,mlp_0,105,0.6804712788653774,mlp_0,105,,,,,,
0,S_bank,SEX,validation_person_weighted,360,0.6794794049685857,mlp_0,195,0.6794794049685857,mlp_0,195,,,,,,
0,S_bank,SEX,development_evaluation_person_weighted,120,0.685089189588365,mlp_0,105,0.685089189588365,mlp_0,105,,,,,,
0,S_bank,SEX,development_evaluation_person_weighted,360,0.6862100983157529,mlp_0,195,0.6862100983157529,mlp_0,195,,,,,,
0,S_bank,RAC1P,validation,120,1.2591842500730401,mlp_1,120,1.2591842500730401,mlp_1,120,,,,,,
0,S_bank,RAC1P,validation,360,1.2579026024215825,mlp_1,220,1.2579026024215825,mlp_1,220,,,,,,
0,S_bank,RAC1P,development_evaluation,120,1.2669891118226173,mlp_1,120,1.2669891118226173,mlp_1,120,,,,,,
0,S_bank,RAC1P,development_evaluation,360,1.264254629074477,mlp_1,220,1.264254629074477,mlp_1,220,,,,,,
0,S_bank,RAC1P,validation_person_weighted,120,1.2639015064249377,mlp_1,120,1.2639015064249377,mlp_1,120,,,,,,
0,S_bank,RAC1P,validation_person_weighted,360,1.2642887397870881,mlp_1,220,1.2642887397870881,mlp_1,220,,,,,,
0,S_bank,RAC1P,development_evaluation_person_weighted,120,1.2343076729089517,mlp_1,120,1.2343076729089517,mlp_1,120,,,,,,
0,S_bank,RAC1P,development_evaluation_person_weighted,360,1.2342670574547885,mlp_1,220,1.2342670574547885,mlp_1,220,,,,,,
1,E_F_C,SEX,validation,120,0.6803447788055718,mlp_1,25,0.666967997560988,catchup,5,0.666967997560988,catchup,5,0.6690660501912712,saved_adversary,0
1,E_F_C,SEX,validation,360,0.6803447788055718,mlp_1,25,0.666967997560988,catchup,5,0.666967997560988,catchup,5,0.6690660501912712,saved_adversary,0
1,E_F_C,SEX,development_evaluation,120,0.6730716443448735,mlp_1,25,0.663306577550155,catchup,5,0.663306577550155,catchup,5,0.6659413152191674,saved_adversary,0
1,E_F_C,SEX,development_evaluation,360,0.6730716443448735,mlp_1,25,0.663306577550155,catchup,5,0.663306577550155,catchup,5,0.6659413152191674,saved_adversary,0
1,E_F_C,SEX,validation_person_weighted,120,0.6789407823479064,mlp_1,25,0.6696684824438092,catchup,5,0.6696684824438092,catchup,5,0.669852653491366,saved_adversary,0
1,E_F_C,SEX,validation_person_weighted,360,0.6789407823479064,mlp_1,25,0.6696684824438092,catchup,5,0.6696684824438092,catchup,5,0.669852653491366,saved_adversary,0
1,E_F_C,SEX,development_evaluation_person_weighted,120,0.6757065455130876,mlp_1,25,0.6618771720061507,catchup,5,0.6618771720061507,catchup,5,0.6653129051972339,saved_adversary,0
1,E_F_C,SEX,development_evaluation_person_weighted,360,0.6757065455130876,mlp_1,25,0.6618771720061507,catchup,5,0.6618771720061507,catchup,5,0.6653129051972339,saved_adversary,0
1,E_F_C,RAC1P,validation,120,1.238376491054936,mlp_0,50,1.2123977080725847,catchup,5,1.2123977080725847,catchup,5,1.2178001335123314,saved_adversary,0
1,E_F_C,RAC1P,validation,360,1.238376491054936,mlp_0,50,1.2123977080725847,catchup,5,1.2123977080725847,catchup,5,1.2178001335123314,saved_adversary,0
1,E_F_C,RAC1P,development_evaluation,120,1.257333218171122,mlp_0,50,1.2376246296554185,catchup,5,1.2376246296554185,catchup,5,1.2453448224018628,saved_adversary,0
1,E_F_C,RAC1P,development_evaluation,360,1.257333218171122,mlp_0,50,1.2376246296554185,catchup,5,1.2376246296554185,catchup,5,1.2453448224018628,saved_adversary,0
1,E_F_C,RAC1P,validation_person_weighted,120,1.2336712633917215,mlp_0,50,1.2095703194254515,catchup,5,1.2095703194254515,catchup,5,1.2177207385996365,saved_adversary,0
1,E_F_C,RAC1P,validation_person_weighted,360,1.2336712633917215,mlp_0,50,1.2095703194254515,catchup,5,1.2095703194254515,catchup,5,1.2177207385996365,saved_adversary,0
1,E_F_C,RAC1P,development_evaluation_person_weighted,120,1.277838763508625,mlp_0,50,1.2628725696633436,catchup,5,1.2628725696633436,catchup,5,1.2739982612825071,saved_adversary,0
1,E_F_C,RAC1P,development_evaluation_person_weighted,360,1.277838763508625,mlp_0,50,1.2628725696633436,catchup,5,1.2628725696633436,catchup,5,1.2739982612825071,saved_adversary,0
1,E_F_D,SEX,validation,120,0.6814156832046009,mlp_1,25,0.6735964302674746,catchup,5,0.6735964302674746,catchup,5,0.6757370188026768,saved_adversary,0
1,E_F_D,SEX,validation,360,0.6814156832046009,mlp_1,25,0.6735964302674746,catchup,5,0.6735964302674746,catchup,5,0.6757370188026768,saved_adversary,0
1,E_F_D,SEX,development_evaluation,120,0.6733564318129254,mlp_1,25,0.6628389018911159,catchup,5,0.6628389018911159,catchup,5,0.6682786083292273,saved_adversary,0
1,E_F_D,SEX,development_evaluation,360,0.6733564318129254,mlp_1,25,0.6628389018911159,catchup,5,0.6628389018911159,catchup,5,0.6682786083292273,saved_adversary,0
1,E_F_D,SEX,validation_person_weighted,120,0.6808354510777711,mlp_1,25,0.6744447056006431,catchup,5,0.6744447056006431,catchup,5,0.6720344576332297,saved_adversary,0
1,E_F_D,SEX,validation_person_weighted,360,0.6808354510777711,mlp_1,25,0.6744447056006431,catchup,5,0.6744447056006431,catchup,5,0.6720344576332297,saved_adversary,0
1,E_F_D,SEX,development_evaluation_person_weighted,120,0.676053041217866,mlp_1,25,0.6620465437828538,catchup,5,0.6620465437828538,catchup,5,0.6655424584485368,saved_adversary,0
1,E_F_D,SEX,development_evaluation_person_weighted,360,0.676053041217866,mlp_1,25,0.6620465437828538,catchup,5,0.6620465437828538,catchup,5,0.6655424584485368,saved_adversary,0
1,E_F_D,RAC1P,validation,120,1.2373158951739704,mlp_0,50,1.2142499076577618,catchup,5,1.2142499076577618,catchup,5,1.2179590518482644,saved_adversary,0
1,E_F_D,RAC1P,validation,360,1.2373158951739704,mlp_0,50,1.2142499076577618,catchup,5,1.2142499076577618,catchup,5,1.2179590518482644,saved_adversary,0
1,E_F_D,RAC1P,development_evaluation,120,1.257207978780339,mlp_0,50,1.2359198263210753,catchup,5,1.2359198263210753,catchup,5,1.2422643237154403,saved_adversary,0
1,E_F_D,RAC1P,development_evaluation,360,1.257207978780339,mlp_0,50,1.2359198263210753,catchup,5,1.2359198263210753,catchup,5,1.2422643237154403,saved_adversary,0
1,E_F_D,RAC1P,validation_person_weighted,120,1.2344667502536757,mlp_0,50,1.212121945909872,catchup,5,1.212121945909872,catchup,5,1.216467945609078,saved_adversary,0
1,E_F_D,RAC1P,validation_person_weighted,360,1.2344667502536757,mlp_0,50,1.212121945909872,catchup,5,1.212121945909872,catchup,5,1.216467945609078,saved_adversary,0
1,E_F_D,RAC1P,development_evaluation_person_weighted,120,1.277768140075972,mlp_0,50,1.2625504334401692,catchup,5,1.2625504334401692,catchup,5,1.2712499886081505,saved_adversary,0
1,E_F_D,RAC1P,development_evaluation_person_weighted,360,1.277768140075972,mlp_0,50,1.2625504334401692,catchup,5,1.2625504334401692,catchup,5,1.2712499886081505,saved_adversary,0
1,E_K_C,SEX,validation,120,0.6869352828808236,mlp_1,20,0.6656380350874115,catchup,15,0.6656380350874115,catchup,15,0.670778123280524,saved_adversary,0
1,E_K_C,SEX,validation,360,0.6869352828808236,mlp_1,20,0.6656380350874115,catchup,15,0.6656380350874115,catchup,15,0.670778123280524,saved_adversary,0
1,E_K_C,SEX,development_evaluation,120,0.6802451460544376,mlp_1,20,0.6650386385200294,catchup,15,0.6650386385200294,catchup,15,0.6707517572941388,saved_adversary,0
1,E_K_C,SEX,development_evaluation,360,0.6802451460544376,mlp_1,20,0.6650386385200294,catchup,15,0.6650386385200294,catchup,15,0.6707517572941388,saved_adversary,0
1,E_K_C,SEX,validation_person_weighted,120,0.6860306397487164,mlp_1,20,0.6642933095351683,catchup,15,0.6642933095351683,catchup,15,0.6695139759986795,saved_adversary,0
1,E_K_C,SEX,validation_person_weighted,360,0.6860306397487164,mlp_1,20,0.6642933095351683,catchup,15,0.6642933095351683,catchup,15,0.6695139759986795,saved_adversary,0
1,E_K_C,SEX,development_evaluation_person_weighted,120,0.6826496237017509,mlp_1,20,0.6689800094086693,catchup,15,0.6689800094086693,catchup,15,0.6701927555377192,saved_adversary,0
1,E_K_C,SEX,development_evaluation_person_weighted,360,0.6826496237017509,mlp_1,20,0.6689800094086693,catchup,15,0.6689800094086693,catchup,15,0.6701927555377192,saved_adversary,0
1,E_K_C,RAC1P,validation,120,1.2423026638067132,mlp_1,40,1.2150640512132305,catchup,5,1.2150640512132305,catchup,5,1.2225737861017572,saved_adversary,0
1,E_K_C,RAC1P,validation,360,1.2423026638067132,mlp_1,40,1.2150640512132305,catchup,5,1.2150640512132305,catchup,5,1.2225737861017572,saved_adversary,0
1,E_K_C,RAC1P,development_evaluation,120,1.2682354243751468,mlp_1,40,1.2450300136543597,catchup,5,1.2450300136543597,catchup,5,1.2550099668953918,saved_adversary,0
1,E_K_C,RAC1P,development_evaluation,360,1.2682354243751468,mlp_1,40,1.2450300136543597,catchup,5,1.2450300136543597,catchup,5,1.2550099668953918,saved_adversary,0
1,E_K_C,RAC1P,validation_person_weighted,120,1.2371713205588788,mlp_1,40,1.2096717613589683,catchup,5,1.2096717613589683,catchup,5,1.220399600177394,saved_adversary,0
1,E_K_C,RAC1P,validation_person_weighted,360,1.2371713205588788,mlp_1,40,1.2096717613589683,catchup,5,1.2096717613589683,catchup,5,1.220399600177394,saved_adversary,0
1,E_K_C,RAC1P,development_evaluation_person_weighted,120,1.2928139908152068,mlp_1,40,1.2761177448965924,catchup,5,1.2761177448965924,catchup,5,1.2877777642499044,saved_adversary,0
1,E_K_C,RAC1P,development_evaluation_person_weighted,360,1.2928139908152068,mlp_1,40,1.2761177448965924,catchup,5,1.2761177448965924,catchup,5,1.2877777642499044,saved_adversary,0
1,E_K_D,SEX,validation,120,0.6874609607892367,mlp_1,25,0.6681650044563113,catchup,5,0.6681650044563113,catchup,5,0.6725599492320775,saved_adversary,0
1,E_K_D,SEX,validation,360,0.6874609607892367,mlp_1,25,0.6681650044563113,catchup,5,0.6681650044563113,catchup,5,0.6725599492320775,saved_adversary,0
1,E_K_D,SEX,development_evaluation,120,0.6798741452689006,mlp_1,25,0.6657261989125826,catchup,5,0.6657261989125826,catchup,5,0.6689212217683939,saved_adversary,0
1,E_K_D,SEX,development_evaluation,360,0.6798741452689006,mlp_1,25,0.6657261989125826,catchup,5,0.6657261989125826,catchup,5,0.6689212217683939,saved_adversary,0
1,E_K_D,SEX,validation_person_weighted,120,0.6862129815719414,mlp_1,25,0.6665513844032277,catchup,5,0.6665513844032277,catchup,5,0.6715997098255394,saved_adversary,0
1,E_K_D,SEX,validation_person_weighted,360,0.6862129815719414,mlp_1,25,0.6665513844032277,catchup,5,0.6665513844032277,catchup,5,0.6715997098255394,saved_adversary,0
1,E_K_D,SEX,development_evaluation_person_weighted,120,0.6822852958368589,mlp_1,25,0.66799929838785,catchup,5,0.66799929838785,catchup,5,0.6692466363465613,saved_adversary,0
1,E_K_D,SEX,development_evaluation_person_weighted,360,0.6822852958368589,mlp_1,25,0.66799929838785,catchup,5,0.66799929838785,catchup,5,0.6692466363465613,saved_adversary,0
1,E_K_D,RAC1P,validation,120,1.2426473750922382,mlp_1,35,1.2144990294019071,catchup,5,1.2144990294019071,catchup,5,1.2201510890571372,saved_adversary,0
1,E_K_D,RAC1P,validation,360,1.2426473750922382,mlp_1,35,1.2144990294019071,catchup,5,1.2144990294019071,catchup,5,1.2201510890571372,saved_adversary,0
1,E_K_D,RAC1P,development_evaluation,120,1.2683766727722952,mlp_1,35,1.2463283438955186,catchup,5,1.2463283438955186,catchup,5,1.2547090073319145,saved_adversary,0
1,E_K_D,RAC1P,development_evaluation,360,1.2683766727722952,mlp_1,35,1.2463283438955186,catchup,5,1.2463283438955186,catchup,5,1.2547090073319145,saved_adversary,0
1,E_K_D,RAC1P,validation_person_weighted,120,1.2397727498456497,mlp_1,35,1.2094184693166088,catchup,5,1.2094184693166088,catchup,5,1.2185033778402246,saved_adversary,0
1,E_K_D,RAC1P,validation_person_weighted,360,1.2397727498456497,mlp_1,35,1.2094184693166088,catchup,5,1.2094184693166088,catchup,5,1.2185033778402246,saved_adversary,0
1,E_K_D,RAC1P,development_evaluation_person_weighted,120,1.2942878455559126,mlp_1,35,1.2746964508859686,catchup,5,1.2746964508859686,catchup,5,1.2858299094537702,saved_adversary,0
1,E_K_D,RAC1P,development_evaluation_person_weighted,360,1.2942878455559126,mlp_1,35,1.2746964508859686,catchup,5,1.2746964508859686,catchup,5,1.2858299094537702,saved_adversary,0
1,S_F_C,SEX,validation,120,0.6614795903371773,mlp_0,20,0.6581306574189367,catchup,5,0.6581306574189367,catchup,5,0.6587052083298663,saved_adversary,0
1,S_F_C,SEX,validation,360,0.6614795903371773,mlp_0,20,0.6581306574189367,catchup,5,0.6581306574189367,catchup,5,0.6587052083298663,saved_adversary,0
1,S_F_C,SEX,development_evaluation,120,0.6647882137610069,mlp_0,20,0.668165901860495,catchup,5,0.668165901860495,catchup,5,0.6738425380621882,saved_adversary,0
1,S_F_C,SEX,development_evaluation,360,0.6647882137610069,mlp_0,20,0.668165901860495,catchup,5,0.668165901860495,catchup,5,0.6738425380621882,saved_adversary,0
1,S_F_C,SEX,validation_person_weighted,120,0.6626799310506102,mlp_0,20,0.669778422926937,catchup,5,0.669778422926937,catchup,5,0.6722625822127857,saved_adversary,0
1,S_F_C,SEX,validation_person_weighted,360,0.6626799310506102,mlp_0,20,0.669778422926937,catchup,5,0.669778422926937,catchup,5,0.6722625822127857,saved_adversary,0
1,S_F_C,SEX,development_evaluation_person_weighted,120,0.6695607291338461,mlp_0,20,0.6721365961478005,catchup,5,0.6721365961478005,catchup,5,0.6756421763263106,saved_adversary,0
1,S_F_C,SEX,development_evaluation_person_weighted,360,0.6695607291338461,mlp_0,20,0.6721365961478005,catchup,5,0.6721365961478005,catchup,5,0.6756421763263106,saved_adversary,0
1,S_F_C,RAC1P,validation,120,1.2153657275848029,logistic,,1.2153657275848029,logistic,,1.2167710891593793,catchup,5,1.2208547131164276,saved_adversary,0
1,S_F_C,RAC1P,validation,360,1.2153657275848029,logistic,,1.2153657275848029,logistic,,1.2167710891593793,catchup,5,1.2208547131164276,saved_adversary,0
1,S_F_C,RAC1P,development_evaluation,120,1.253336939509402,logistic,,1.253336939509402,logistic,,1.237919523746615,catchup,5,1.245188664776374,saved_adversary,0
1,S_F_C,RAC1P,development_evaluation,360,1.253336939509402,logistic,,1.253336939509402,logistic,,1.237919523746615,catchup,5,1.245188664776374,saved_adversary,0
1,S_F_C,RAC1P,validation_person_weighted,120,1.2161170424131271,logistic,,1.2161170424131271,logistic,,1.21888220109084,catchup,5,1.224947721178324,saved_adversary,0
1,S_F_C,RAC1P,validation_person_weighted,360,1.2161170424131271,logistic,,1.2161170424131271,logistic,,1.21888220109084,catchup,5,1.224947721178324,saved_adversary,0
1,S_F_C,RAC1P,development_evaluation_person_weighted,120,1.2835297600090374,logistic,,1.2835297600090374,logistic,,1.2718821037338626,catchup,5,1.2823874888688247,saved_adversary,0
1,S_F_C,RAC1P,development_evaluation_person_weighted,360,1.2835297600090374,logistic,,1.2835297600090374,logistic,,1.2718821037338626,catchup,5,1.2823874888688247,saved_adversary,0
1,S_F_D,SEX,validation,120,0.6618026881936536,mlp_0,20,0.6558237883321308,catchup,5,0.6558237883321308,catchup,5,0.6592777906807381,saved_adversary,0
1,S_F_D,SEX,validation,360,0.6618026881936536,mlp_0,20,0.6558237883321308,catchup,5,0.6558237883321308,catchup,5,0.6592777906807381,saved_adversary,0
1,S_F_D,SEX,development_evaluation,120,0.6650608274173101,mlp_0,20,0.663460886157766,catchup,5,0.663460886157766,catchup,5,0.6719625944234165,saved_adversary,0
1,S_F_D,SEX,development_evaluation,360,0.6650608274173101,mlp_0,20,0.663460886157766,catchup,5,0.663460886157766,catchup,5,0.6719625944234165,saved_adversary,0
1,S_F_D,SEX,validation_person_weighted,120,0.6629248698527686,mlp_0,20,0.662475337952312,catchup,5,0.662475337952312,catchup,5,0.6677300566741031,saved_adversary,0
1,S_F_D,SEX,validation_person_weighted,360,0.6629248698527686,mlp_0,20,0.662475337952312,catchup,5,0.662475337952312,catchup,5,0.6677300566741031,saved_adversary,0
1,S_F_D,SEX,development_evaluation_person_weighted,120,0.6690980686263079,mlp_0,20,0.6691758759674743,catchup,5,0.6691758759674743,catchup,5,0.6765273786846585,saved_adversary,0
1,S_F_D,SEX,development_evaluation_person_weighted,360,0.6690980686263079,mlp_0,20,0.6691758759674743,catchup,5,0.6691758759674743,catchup,5,0.6765273786846585,saved_adversary,0
1,S_F_D,RAC1P,validation,120,1.2152726661880495,logistic,,1.2152726661880495,logistic,,1.2163786655160136,catchup,5,1.222544884675715,saved_adversary,0
1,S_F_D,RAC1P,validation,360,1.2152726661880495,logistic,,1.2152726661880495,logistic,,1.2163786655160136,catchup,5,1.222544884675715,saved_adversary,0
1,S_F_D,RAC1P,development_evaluation,120,1.2543772402449094,logistic,,1.2543772402449094,logistic,,1.2377113073914652,catchup,5,1.2468989668592507,saved_adversary,0
1,S_F_D,RAC1P,development_evaluation,360,1.2543772402449094,logistic,,1.2543772402449094,logistic,,1.2377113073914652,catchup,5,1.2468989668592507,saved_adversary,0
1,S_F_D,RAC1P,validation_person_weighted,120,1.2159852523398595,logistic,,1.2159852523398595,logistic,,1.2173638678983036,catchup,5,1.2261911326422905,saved_adversary,0
1,S_F_D,RAC1P,validation_person_weighted,360,1.2159852523398595,logistic,,1.2159852523398595,logistic,,1.2173638678983036,catchup,5,1.2261911326422905,saved_adversary,0
1,S_F_D,RAC1P,development_evaluation_person_weighted,120,1.2858115078049002,logistic,,1.2858115078049002,logistic,,1.2725048901690168,catchup,5,1.2833134285826668,saved_adversary,0
1,S_F_D,RAC1P,development_evaluation_person_weighted,360,1.2858115078049002,logistic,,1.2858115078049002,logistic,,1.2725048901690168,catchup,5,1.2833134285826668,saved_adversary,0
1,S_K_C,SEX,validation,120,0.6635070747550578,mlp_1,25,0.6635070747550578,mlp_1,25,0.6650367387698605,catchup,5,0.6704786512486361,saved_adversary,0
1,S_K_C,SEX,validation,360,0.6635070747550578,mlp_1,25,0.6635070747550578,mlp_1,25,0.6650367387698605,catchup,5,0.6704786512486361,saved_adversary,0
1,S_K_C,SEX,development_evaluation,120,0.6656286757351221,mlp_1,25,0.6656286757351221,mlp_1,25,0.6620300683184079,catchup,5,0.6692554547887484,saved_adversary,0
1,S_K_C,SEX,development_evaluation,360,0.6656286757351221,mlp_1,25,0.6656286757351221,mlp_1,25,0.6620300683184079,catchup,5,0.6692554547887484,saved_adversary,0
1,S_K_C,SEX,validation_person_weighted,120,0.6661235085281303,mlp_1,25,0.6661235085281303,mlp_1,25,0.6677770574359095,catchup,5,0.6775315284645032,saved_adversary,0
1,S_K_C,SEX,validation_person_weighted,360,0.6661235085281303,mlp_1,25,0.6661235085281303,mlp_1,25,0.6677770574359095,catchup,5,0.6775315284645032,saved_adversary,0
1,S_K_C,SEX,development_evaluation_person_weighted,120,0.6701023223194451,mlp_1,25,0.6701023223194451,mlp_1,25,0.6699319940060913,catchup,5,0.6759762249270073,saved_adversary,0
1,S_K_C,SEX,development_evaluation_person_weighted,360,0.6701023223194451,mlp_1,25,0.6701023223194451,mlp_1,25,0.6699319940060913,catchup,5,0.6759762249270073,saved_adversary,0
1,S_K_C,RAC1P,validation,120,1.2179569081702444,logistic,,1.2179569081702444,logistic,,1.2230165149212902,catchup,5,1.229022456132887,saved_adversary,0
1,S_K_C,RAC1P,validation,360,1.2179569081702444,logistic,,1.2179569081702444,logistic,,1.2230165149212902,catchup,5,1.229022456132887,saved_adversary,0
1,S_K_C,RAC1P,development_evaluation,120,1.2606424150921118,logistic,,1.2606424150921118,logistic,,1.2505698634901565,catchup,5,1.2567824216907062,saved_adversary,0
1,S_K_C,RAC1P,development_evaluation,360,1.2606424150921118,logistic,,1.2606424150921118,logistic,,1.2505698634901565,catchup,5,1.2567824216907062,saved_adversary,0
1,S_K_C,RAC1P,validation_person_weighted,120,1.2137058903104099,logistic,,1.2137058903104099,logistic,,1.2231985588400702,catchup,5,1.2302213999161036,saved_adversary,0
1,S_K_C,RAC1P,validation_person_weighted,360,1.2137058903104099,logistic,,1.2137058903104099,logistic,,1.2231985588400702,catchup,5,1.2302213999161036,saved_adversary,0
1,S_K_C,RAC1P,development_evaluation_person_weighted,120,1.2924760120811614,logistic,,1.2924760120811614,logistic,,1.2849253915126777,catchup,5,1.29244467535508,saved_adversary,0
1,S_K_C,RAC1P,development_evaluation_person_weighted,360,1.2924760120811614,logistic,,1.2924760120811614,logistic,,1.2849253915126777,catchup,5,1.29244467535508,saved_adversary,0
1,S_K_D,SEX,validation,120,0.6633903386814619,mlp_1,25,0.6633903386814619,mlp_1,25,0.6640554140083077,catchup,5,0.6728016505321183,saved_adversary,0
1,S_K_D,SEX,validation,360,0.6633903386814619,mlp_1,25,0.6633903386814619,mlp_1,25,0.6640554140083077,catchup,5,0.6728016505321183,saved_adversary,0
1,S_K_D,SEX,development_evaluation,120,0.6658323935994208,mlp_1,25,0.6658323935994208,mlp_1,25,0.6624739681475679,catchup,5,0.6719631047025479,saved_adversary,0
1,S_K_D,SEX,development_evaluation,360,0.6658323935994208,mlp_1,25,0.6658323935994208,mlp_1,25,0.6624739681475679,catchup,5,0.6719631047025479,saved_adversary,0
1,S_K_D,SEX,validation_person_weighted,120,0.6665579852698126,mlp_1,25,0.6665579852698126,mlp_1,25,0.6682348182647339,catchup,5,0.6823578718493385,saved_adversary,0
1,S_K_D,SEX,validation_person_weighted,360,0.6665579852698126,mlp_1,25,0.6665579852698126,mlp_1,25,0.6682348182647339,catchup,5,0.6823578718493385,saved_adversary,0
1,S_K_D,SEX,development_evaluation_person_weighted,120,0.6702920414237409,mlp_1,25,0.6702920414237409,mlp_1,25,0.6674220102096995,catchup,5,0.6769617385782233,saved_adversary,0
1,S_K_D,SEX,development_evaluation_person_weighted,360,0.6702920414237409,mlp_1,25,0.6702920414237409,mlp_1,25,0.6674220102096995,catchup,5,0.6769617385782233,saved_adversary,0
1,S_K_D,RAC1P,validation,120,1.2177593205845065,logistic,,1.2177593205845065,logistic,,1.2214941897233043,catchup,5,1.2296549613392804,saved_adversary,0
1,S_K_D,RAC1P,validation,360,1.2177593205845065,logistic,,1.2177593205845065,logistic,,1.2214941897233043,catchup,5,1.2296549613392804,saved_adversary,0
1,S_K_D,RAC1P,development_evaluation,120,1.2608028535243623,logistic,,1.2608028535243623,logistic,,1.2489161371698607,catchup,5,1.2558938614836004,saved_adversary,0
1,S_K_D,RAC1P,development_evaluation,360,1.2608028535243623,logistic,,1.2608028535243623,logistic,,1.2489161371698607,catchup,5,1.2558938614836004,saved_adversary,0
1,S_K_D,RAC1P,validation_person_weighted,120,1.213207586569199,logistic,,1.213207586569199,logistic,,1.2223848030554052,catchup,5,1.232496385355071,saved_adversary,0
1,S_K_D,RAC1P,validation_person_weighted,360,1.213207586569199,logistic,,1.213207586569199,logistic,,1.2223848030554052,catchup,5,1.232496385355071,saved_adversary,0
1,S_K_D,RAC1P,development_evaluation_person_weighted,120,1.2922772943083103,logistic,,1.2922772943083103,logistic,,1.284898489456528,catchup,5,1.2940883732962412,saved_adversary,0
1,S_K_D,RAC1P,development_evaluation_person_weighted,360,1.2922772943083103,logistic,,1.2922772943083103,logistic,,1.284898489456528,catchup,5,1.2940883732962412,saved_adversary,0
1,E_bank,SEX,validation,120,0.6905075100030448,mlp_1,70,0.6905075100030448,mlp_1,70,,,,,,
1,E_bank,SEX,validation,360,0.6905075100030448,mlp_1,70,0.6905075100030448,mlp_1,70,,,,,,
1,E_bank,SEX,development_evaluation,120,0.6865003432767134,mlp_1,70,0.6865003432767134,mlp_1,70,,,,,,
1,E_bank,SEX,development_evaluation,360,0.6865003432767134,mlp_1,70,0.6865003432767134,mlp_1,70,,,,,,
1,E_bank,SEX,validation_person_weighted,120,0.6918957791520631,mlp_1,70,0.6918957791520631,mlp_1,70,,,,,,
1,E_bank,SEX,validation_person_weighted,360,0.6918957791520631,mlp_1,70,0.6918957791520631,mlp_1,70,,,,,,
1,E_bank,SEX,development_evaluation_person_weighted,120,0.6871403161462512,mlp_1,70,0.6871403161462512,mlp_1,70,,,,,,
1,E_bank,SEX,development_evaluation_person_weighted,360,0.6871403161462512,mlp_1,70,0.6871403161462512,mlp_1,70,,,,,,
1,E_bank,RAC1P,validation,120,1.267481300890565,mlp_0,40,1.267481300890565,mlp_0,40,,,,,,
1,E_bank,RAC1P,validation,360,1.267481300890565,mlp_0,40,1.267481300890565,mlp_0,40,,,,,,
1,E_bank,RAC1P,development_evaluation,120,1.2997867576596471,mlp_0,40,1.2997867576596471,mlp_0,40,,,,,,
1,E_bank,RAC1P,development_evaluation,360,1.2997867576596471,mlp_0,40,1.2997867576596471,mlp_0,40,,,,,,
1,E_bank,RAC1P,validation_person_weighted,120,1.2650250279484634,mlp_0,40,1.2650250279484634,mlp_0,40,,,,,,
1,E_bank,RAC1P,validation_person_weighted,360,1.2650250279484634,mlp_0,40,1.2650250279484634,mlp_0,40,,,,,,
1,E_bank,RAC1P,development_evaluation_person_weighted,120,1.3173881591711145,mlp_0,40,1.3173881591711145,mlp_0,40,,,,,,
1,E_bank,RAC1P,development_evaluation_person_weighted,360,1.3173881591711145,mlp_0,40,1.3173881591711145,mlp_0,40,,,,,,
1,S_bank,SEX,validation,120,0.6823062590165853,mlp_1,100,0.6823062590165853,mlp_1,100,,,,,,
1,S_bank,SEX,validation,360,0.6823062590165853,mlp_1,100,0.6823062590165853,mlp_1,100,,,,,,
1,S_bank,SEX,development_evaluation,120,0.6761469345461459,mlp_1,100,0.6761469345461459,mlp_1,100,,,,,,
1,S_bank,SEX,development_evaluation,360,0.6761469345461459,mlp_1,100,0.6761469345461459,mlp_1,100,,,,,,
1,S_bank,SEX,validation_person_weighted,120,0.6832490201941682,mlp_1,100,0.6832490201941682,mlp_1,100,,,,,,
1,S_bank,SEX,validation_person_weighted,360,0.6832490201941682,mlp_1,100,0.6832490201941682,mlp_1,100,,,,,,
1,S_bank,SEX,development_evaluation_person_weighted,120,0.6772503380214542,mlp_1,100,0.6772503380214542,mlp_1,100,,,,,,
1,S_bank,SEX,development_evaluation_person_weighted,360,0.6772503380214542,mlp_1,100,0.6772503380214542,mlp_1,100,,,,,,
1,S_bank,RAC1P,validation,120,1.2665382805375693,mlp_1,75,1.2665382805375693,mlp_1,75,,,,,,
1,S_bank,RAC1P,validation,360,1.2665382805375693,mlp_1,75,1.2665382805375693,mlp_1,75,,,,,,
1,S_bank,RAC1P,development_evaluation,120,1.3034410301616417,mlp_1,75,1.3034410301616417,mlp_1,75,,,,,,
1,S_bank,RAC1P,development_evaluation,360,1.3034410301616417,mlp_1,75,1.3034410301616417,mlp_1,75,,,,,,
1,S_bank,RAC1P,validation_person_weighted,120,1.2602363309076932,mlp_1,75,1.2602363309076932,mlp_1,75,,,,,,
1,S_bank,RAC1P,validation_person_weighted,360,1.2602363309076932,mlp_1,75,1.2602363309076932,mlp_1,75,,,,,,
1,S_bank,RAC1P,development_evaluation_person_weighted,120,1.3234294487618277,mlp_1,75,1.3234294487618277,mlp_1,75,,,,,,
1,S_bank,RAC1P,development_evaluation_person_weighted,360,1.3234294487618277,mlp_1,75,1.3234294487618277,mlp_1,75,,,,,,
2,E_F_C,SEX,validation,120,0.6736902786183053,mlp_1,20,0.6736902786183053,mlp_1,20,0.6800835153623631,catchup,10,0.6889870552135723,saved_adversary,0
2,E_F_C,SEX,validation,360,0.6736902786183053,mlp_1,20,0.6736902786183053,mlp_1,20,0.6800835153623631,catchup,10,0.6889870552135723,saved_adversary,0
2,E_F_C,SEX,development_evaluation,120,0.6738896880415248,mlp_1,20,0.6738896880415248,mlp_1,20,0.6731498215428517,catchup,10,0.6797630473681352,saved_adversary,0
2,E_F_C,SEX,development_evaluation,360,0.6738896880415248,mlp_1,20,0.6738896880415248,mlp_1,20,0.6731498215428517,catchup,10,0.6797630473681352,saved_adversary,0
2,E_F_C,SEX,validation_person_weighted,120,0.6783157404310928,mlp_1,20,0.6783157404310928,mlp_1,20,0.6817699319267138,catchup,10,0.687643171200955,saved_adversary,0
2,E_F_C,SEX,validation_person_weighted,360,0.6783157404310928,mlp_1,20,0.6783157404310928,mlp_1,20,0.6817699319267138,catchup,10,0.687643171200955,saved_adversary,0
2,E_F_C,SEX,development_evaluation_person_weighted,120,0.6727867976140384,mlp_1,20,0.6727867976140384,mlp_1,20,0.6784462872443636,catchup,10,0.6875388750892436,saved_adversary,0
2,E_F_C,SEX,development_evaluation_person_weighted,360,0.6727867976140384,mlp_1,20,0.6727867976140384,mlp_1,20,0.6784462872443636,catchup,10,0.6875388750892436,saved_adversary,0
2,E_F_C,RAC1P,validation,120,1.2268314220234688,mlp_0,35,1.198974839919045,catchup,5,1.198974839919045,catchup,5,1.2072713164200317,saved_adversary,0
2,E_F_C,RAC1P,validation,360,1.2268314220234688,mlp_0,35,1.198974839919045,catchup,5,1.198974839919045,catchup,5,1.2072713164200317,saved_adversary,0
2,E_F_C,RAC1P,development_evaluation,120,1.2136852536099747,mlp_0,35,1.1894196440440434,catchup,5,1.1894196440440434,catchup,5,1.1960886539259152,saved_adversary,0
2,E_F_C,RAC1P,development_evaluation,360,1.2136852536099747,mlp_0,35,1.1894196440440434,catchup,5,1.1894196440440434,catchup,5,1.1960886539259152,saved_adversary,0
2,E_F_C,RAC1P,validation_person_weighted,120,1.2311492791198981,mlp_0,35,1.206524416468873,catchup,5,1.206524416468873,catchup,5,1.2182994887898173,saved_adversary,0
2,E_F_C,RAC1P,validation_person_weighted,360,1.2311492791198981,mlp_0,35,1.206524416468873,catchup,5,1.206524416468873,catchup,5,1.2182994887898173,saved_adversary,0
2,E_F_C,RAC1P,development_evaluation_person_weighted,120,1.2195909368851972,mlp_0,35,1.1904111077173747,catchup,5,1.1904111077173747,catchup,5,1.2000445782923403,saved_adversary,0
2,E_F_C,RAC1P,development_evaluation_person_weighted,360,1.2195909368851972,mlp_0,35,1.1904111077173747,catchup,5,1.1904111077173747,catchup,5,1.2000445782923403,saved_adversary,0
2,E_F_D,SEX,validation,120,0.6752412155079354,mlp_1,20,0.6752412155079354,mlp_1,20,0.684170492719415,catchup,5,0.6947799497868662,saved_adversary,0
2,E_F_D,SEX,validation,360,0.6752412155079354,mlp_1,20,0.6752412155079354,mlp_1,20,0.684170492719415,catchup,5,0.6947799497868662,saved_adversary,0
2,E_F_D,SEX,development_evaluation,120,0.6747292513280935,mlp_1,20,0.6747292513280935,mlp_1,20,0.6684243028881844,catchup,5,0.6772260996389754,saved_adversary,0
2,E_F_D,SEX,development_evaluation,360,0.6747292513280935,mlp_1,20,0.6747292513280935,mlp_1,20,0.6684243028881844,catchup,5,0.6772260996389754,saved_adversary,0
2,E_F_D,SEX,validation_person_weighted,120,0.6797125053545853,mlp_1,20,0.6797125053545853,mlp_1,20,0.6827185556327227,catchup,5,0.690787870069974,saved_adversary,0
2,E_F_D,SEX,validation_person_weighted,360,0.6797125053545853,mlp_1,20,0.6797125053545853,mlp_1,20,0.6827185556327227,catchup,5,0.690787870069974,saved_adversary,0
2,E_F_D,SEX,development_evaluation_person_weighted,120,0.674120978911466,mlp_1,20,0.674120978911466,mlp_1,20,0.6732193225338267,catchup,5,0.6846868997222025,saved_adversary,0
2,E_F_D,SEX,development_evaluation_person_weighted,360,0.674120978911466,mlp_1,20,0.674120978911466,mlp_1,20,0.6732193225338267,catchup,5,0.6846868997222025,saved_adversary,0
2,E_F_D,RAC1P,validation,120,1.2260860983064548,mlp_0,40,1.19973248041995,catchup,5,1.19973248041995,catchup,5,1.2093096902115394,saved_adversary,0
2,E_F_D,RAC1P,validation,360,1.2260860983064548,mlp_0,40,1.19973248041995,catchup,5,1.19973248041995,catchup,5,1.2093096902115394,saved_adversary,0
2,E_F_D,RAC1P,development_evaluation,120,1.215987550001901,mlp_0,40,1.1912981237576072,catchup,5,1.1912981237576072,catchup,5,1.196303100141002,saved_adversary,0
2,E_F_D,RAC1P,development_evaluation,360,1.215987550001901,mlp_0,40,1.1912981237576072,catchup,5,1.1912981237576072,catchup,5,1.196303100141002,saved_adversary,0
2,E_F_D,RAC1P,validation_person_weighted,120,1.2306482212566725,mlp_0,40,1.2075981818043917,catchup,5,1.2075981818043917,catchup,5,1.2215081575305906,saved_adversary,0
2,E_F_D,RAC1P,validation_person_weighted,360,1.2306482212566725,mlp_0,40,1.2075981818043917,catchup,5,1.2075981818043917,catchup,5,1.2215081575305906,saved_adversary,0
2,E_F_D,RAC1P,development_evaluation_person_weighted,120,1.221122336348664,mlp_0,40,1.1901775674055919,catchup,5,1.1901775674055919,catchup,5,1.1998044335730231,saved_adversary,0
2,E_F_D,RAC1P,development_evaluation_person_weighted,360,1.221122336348664,mlp_0,40,1.1901775674055919,catchup,5,1.1901775674055919,catchup,5,1.1998044335730231,saved_adversary,0
2,E_K_C,SEX,validation,120,0.6736499371670619,mlp_0,25,0.6736499371670619,mlp_0,25,0.6762371585897469,catchup,20,0.6837599854323511,saved_adversary,0
2,E_K_C,SEX,validation,360,0.6736499371670619,mlp_0,25,0.6736499371670619,mlp_0,25,0.6762371585897469,catchup,20,0.6837599854323511,saved_adversary,0
2,E_K_C,SEX,development_evaluation,120,0.680304814942909,mlp_0,25,0.680304814942909,mlp_0,25,0.6775604592844655,catchup,20,0.6771804382396439,saved_adversary,0
2,E_K_C,SEX,development_evaluation,360,0.680304814942909,mlp_0,25,0.680304814942909,mlp_0,25,0.6775604592844655,catchup,20,0.6771804382396439,saved_adversary,0
2,E_K_C,SEX,validation_person_weighted,120,0.6799885000449089,mlp_0,25,0.6799885000449089,mlp_0,25,0.6801990901901831,catchup,20,0.683445594334544,saved_adversary,0
2,E_K_C,SEX,validation_person_weighted,360,0.6799885000449089,mlp_0,25,0.6799885000449089,mlp_0,25,0.6801990901901831,catchup,20,0.683445594334544,saved_adversary,0
2,E_K_C,SEX,development_evaluation_person_weighted,120,0.6812343494104254,mlp_0,25,0.6812343494104254,mlp_0,25,0.6787915742087772,catchup,20,0.6806314188009638,saved_adversary,0
2,E_K_C,SEX,development_evaluation_person_weighted,360,0.6812343494104254,mlp_0,25,0.6812343494104254,mlp_0,25,0.6787915742087772,catchup,20,0.6806314188009638,saved_adversary,0
2,E_K_C,RAC1P,validation,120,1.2248587022807937,mlp_0,50,1.202506481623845,catchup,5,1.202506481623845,catchup,5,1.207135674057368,saved_adversary,0
2,E_K_C,RAC1P,validation,360,1.2248587022807937,mlp_0,50,1.202506481623845,catchup,5,1.202506481623845,catchup,5,1.207135674057368,saved_adversary,0
2,E_K_C,RAC1P,development_evaluation,120,1.213487945172037,mlp_0,50,1.187211540982423,catchup,5,1.187211540982423,catchup,5,1.195909743323842,saved_adversary,0
2,E_K_C,RAC1P,development_evaluation,360,1.213487945172037,mlp_0,50,1.187211540982423,catchup,5,1.187211540982423,catchup,5,1.195909743323842,saved_adversary,0
2,E_K_C,RAC1P,validation_person_weighted,120,1.2334809963504545,mlp_0,50,1.2136211610525744,catchup,5,1.2136211610525744,catchup,5,1.2236735881224625,saved_adversary,0
2,E_K_C,RAC1P,validation_person_weighted,360,1.2334809963504545,mlp_0,50,1.2136211610525744,catchup,5,1.2136211610525744,catchup,5,1.2236735881224625,saved_adversary,0
2,E_K_C,RAC1P,development_evaluation_person_weighted,120,1.218571748009611,mlp_0,50,1.189572085753243,catchup,5,1.189572085753243,catchup,5,1.1991315391368629,saved_adversary,0
2,E_K_C,RAC1P,development_evaluation_person_weighted,360,1.218571748009611,mlp_0,50,1.189572085753243,catchup,5,1.189572085753243,catchup,5,1.1991315391368629,saved_adversary,0
2,E_K_D,SEX,validation,120,0.6732176159614958,mlp_0,25,0.6732176159614958,mlp_0,25,0.6743039871025559,catchup,20,0.682943456552047,saved_adversary,0
2,E_K_D,SEX,validation,360,0.6732176159614958,mlp_0,25,0.6732176159614958,mlp_0,25,0.6743039871025559,catchup,20,0.682943456552047,saved_adversary,0
2,E_K_D,SEX,development_evaluation,120,0.6800540963489645,mlp_0,25,0.6800540963489645,mlp_0,25,0.6761224367639773,catchup,20,0.6788585329347704,saved_adversary,0
2,E_K_D,SEX,development_evaluation,360,0.6800540963489645,mlp_0,25,0.6800540963489645,mlp_0,25,0.6761224367639773,catchup,20,0.6788585329347704,saved_adversary,0
2,E_K_D,SEX,validation_person_weighted,120,0.6797620024577674,mlp_0,25,0.6797620024577674,mlp_0,25,0.6785225328995974,catchup,20,0.6819245782130967,saved_adversary,0
2,E_K_D,SEX,validation_person_weighted,360,0.6797620024577674,mlp_0,25,0.6797620024577674,mlp_0,25,0.6785225328995974,catchup,20,0.6819245782130967,saved_adversary,0
2,E_K_D,SEX,development_evaluation_person_weighted,120,0.6809126817421626,mlp_0,25,0.6809126817421626,mlp_0,25,0.6793753937032628,catchup,20,0.6803966094346896,saved_adversary,0
2,E_K_D,SEX,development_evaluation_person_weighted,360,0.6809126817421626,mlp_0,25,0.6809126817421626,mlp_0,25,0.6793753937032628,catchup,20,0.6803966094346896,saved_adversary,0
2,E_K_D,RAC1P,validation,120,1.2253679112442861,mlp_1,35,1.2025249080786857,catchup,5,1.2025249080786857,catchup,5,1.2076909564640943,saved_adversary,0
2,E_K_D,RAC1P,validation,360,1.2253679112442861,mlp_1,35,1.2025249080786857,catchup,5,1.2025249080786857,catchup,5,1.2076909564640943,saved_adversary,0
2,E_K_D,RAC1P,development_evaluation,120,1.210780731344435,mlp_1,35,1.1890681017772136,catchup,5,1.1890681017772136,catchup,5,1.1959313028234329,saved_adversary,0
2,E_K_D,RAC1P,development_evaluation,360,1.210780731344435,mlp_1,35,1.1890681017772136,catchup,5,1.1890681017772136,catchup,5,1.1959313028234329,saved_adversary,0
2,E_K_D,RAC1P,validation_person_weighted,120,1.2308797970736012,mlp_1,35,1.2135179508780964,catchup,5,1.2135179508780964,catchup,5,1.2249578494918365,saved_adversary,0
2,E_K_D,RAC1P,validation_person_weighted,360,1.2308797970736012,mlp_1,35,1.2135179508780964,catchup,5,1.2135179508780964,catchup,5,1.2249578494918365,saved_adversary,0
2,E_K_D,RAC1P,development_evaluation_person_weighted,120,1.2148872786241687,mlp_1,35,1.1892885896952756,catchup,5,1.1892885896952756,catchup,5,1.1981402529966185,saved_adversary,0
2,E_K_D,RAC1P,development_evaluation_person_weighted,360,1.2148872786241687,mlp_1,35,1.1892885896952756,catchup,5,1.1892885896952756,catchup,5,1.1981402529966185,saved_adversary,0
2,S_F_C,SEX,validation,120,0.6738622074160502,mlp_0,20,0.6738622074160502,mlp_0,20,0.6828940984389228,catchup,20,0.6942638082927615,saved_adversary,0
2,S_F_C,SEX,validation,360,0.6738622074160502,mlp_0,20,0.6738622074160502,mlp_0,20,0.6828940984389228,catchup,20,0.6942638082927615,saved_adversary,0
2,S_F_C,SEX,development_evaluation,120,0.6755129733556267,mlp_0,20,0.6755129733556267,mlp_0,20,0.6764201982482732,catchup,20,0.6886287651829187,saved_adversary,0
2,S_F_C,SEX,development_evaluation,360,0.6755129733556267,mlp_0,20,0.6755129733556267,mlp_0,20,0.6764201982482732,catchup,20,0.6886287651829187,saved_adversary,0
2,S_F_C,SEX,validation_person_weighted,120,0.675978675272777,mlp_0,20,0.675978675272777,mlp_0,20,0.6826226259892735,catchup,20,0.6956261227254915,saved_adversary,0
2,S_F_C,SEX,validation_person_weighted,360,0.675978675272777,mlp_0,20,0.675978675272777,mlp_0,20,0.6826226259892735,catchup,20,0.6956261227254915,saved_adversary,0
2,S_F_C,SEX,development_evaluation_person_weighted,120,0.6761068185475021,mlp_0,20,0.6761068185475021,mlp_0,20,0.6869984573086165,catchup,20,0.6964658374778343,saved_adversary,0
2,S_F_C,SEX,development_evaluation_person_weighted,360,0.6761068185475021,mlp_0,20,0.6761068185475021,mlp_0,20,0.6869984573086165,catchup,20,0.6964658374778343,saved_adversary,0
2,S_F_C,RAC1P,validation,120,1.2271753633973745,mlp_0,25,1.2006261256636936,catchup,5,1.2006261256636936,catchup,5,1.2051450238981296,saved_adversary,0
2,S_F_C,RAC1P,validation,360,1.2271753633973745,mlp_0,25,1.2006261256636936,catchup,5,1.2006261256636936,catchup,5,1.2051450238981296,saved_adversary,0
2,S_F_C,RAC1P,development_evaluation,120,1.2116522065121318,mlp_0,25,1.1961748744625686,catchup,5,1.1961748744625686,catchup,5,1.200306322008342,saved_adversary,0
2,S_F_C,RAC1P,development_evaluation,360,1.2116522065121318,mlp_0,25,1.1961748744625686,catchup,5,1.1961748744625686,catchup,5,1.200306322008342,saved_adversary,0
2,S_F_C,RAC1P,validation_person_weighted,120,1.2326101540590464,mlp_0,25,1.2128403129138583,catchup,5,1.2128403129138583,catchup,5,1.2211168562804628,saved_adversary,0
2,S_F_C,RAC1P,validation_person_weighted,360,1.2326101540590464,mlp_0,25,1.2128403129138583,catchup,5,1.2128403129138583,catchup,5,1.2211168562804628,saved_adversary,0
2,S_F_C,RAC1P,development_evaluation_person_weighted,120,1.213060106285165,mlp_0,25,1.1977057779454368,catchup,5,1.1977057779454368,catchup,5,1.2011357618600842,saved_adversary,0
2,S_F_C,RAC1P,development_evaluation_person_weighted,360,1.213060106285165,mlp_0,25,1.1977057779454368,catchup,5,1.1977057779454368,catchup,5,1.2011357618600842,saved_adversary,0
2,S_F_D,SEX,validation,120,0.6749605987645103,mlp_0,20,0.6749605987645103,mlp_0,20,0.6867686325028267,catchup,10,0.6945434860944977,saved_adversary,0
2,S_F_D,SEX,validation,360,0.6749605987645103,mlp_0,20,0.6749605987645103,mlp_0,20,0.6867686325028267,catchup,10,0.6945434860944977,saved_adversary,0
2,S_F_D,SEX,development_evaluation,120,0.6751686377169529,mlp_0,20,0.6751686377169529,mlp_0,20,0.67753064334137,catchup,10,0.6874104817322594,saved_adversary,0
2,S_F_D,SEX,development_evaluation,360,0.6751686377169529,mlp_0,20,0.6751686377169529,mlp_0,20,0.67753064334137,catchup,10,0.6874104817322594,saved_adversary,0
2,S_F_D,SEX,validation_person_weighted,120,0.6771690824582209,mlp_0,20,0.6771690824582209,mlp_0,20,0.6859631232396158,catchup,10,0.6984262810063311,saved_adversary,0
2,S_F_D,SEX,validation_person_weighted,360,0.6771690824582209,mlp_0,20,0.6771690824582209,mlp_0,20,0.6859631232396158,catchup,10,0.6984262810063311,saved_adversary,0
2,S_F_D,SEX,development_evaluation_person_weighted,120,0.6751383329525121,mlp_0,20,0.6751383329525121,mlp_0,20,0.6872373681448547,catchup,10,0.693684675455862,saved_adversary,0
2,S_F_D,SEX,development_evaluation_person_weighted,360,0.6751383329525121,mlp_0,20,0.6751383329525121,mlp_0,20,0.6872373681448547,catchup,10,0.693684675455862,saved_adversary,0
2,S_F_D,RAC1P,validation,120,1.231886573136711,mlp_0,35,1.2046605702167834,catchup,5,1.2046605702167834,catchup,5,1.2080224757587568,saved_adversary,0
2,S_F_D,RAC1P,validation,360,1.231886573136711,mlp_0,35,1.2046605702167834,catchup,5,1.2046605702167834,catchup,5,1.2080224757587568,saved_adversary,0
2,S_F_D,RAC1P,development_evaluation,120,1.2117569647054678,mlp_0,35,1.1983010221887096,catchup,5,1.1983010221887096,catchup,5,1.206399707239216,saved_adversary,0
2,S_F_D,RAC1P,development_evaluation,360,1.2117569647054678,mlp_0,35,1.1983010221887096,catchup,5,1.1983010221887096,catchup,5,1.206399707239216,saved_adversary,0
2,S_F_D,RAC1P,validation_person_weighted,120,1.2370430104173533,mlp_0,35,1.2142721090053603,catchup,5,1.2142721090053603,catchup,5,1.2205345740918745,saved_adversary,0
2,S_F_D,RAC1P,validation_person_weighted,360,1.2370430104173533,mlp_0,35,1.2142721090053603,catchup,5,1.2142721090053603,catchup,5,1.2205345740918745,saved_adversary,0
2,S_F_D,RAC1P,development_evaluation_person_weighted,120,1.2131983881627215,mlp_0,35,1.1998790744544034,catchup,5,1.1998790744544034,catchup,5,1.206657017452851,saved_adversary,0
2,S_F_D,RAC1P,development_evaluation_person_weighted,360,1.2131983881627215,mlp_0,35,1.1998790744544034,catchup,5,1.1998790744544034,catchup,5,1.206657017452851,saved_adversary,0
2,S_K_C,SEX,validation,120,0.6737401167067977,mlp_0,20,0.6737401167067977,mlp_0,20,0.6836261021716822,catchup,20,0.69312909852842,saved_adversary,0
2,S_K_C,SEX,validation,360,0.6737401167067977,mlp_0,20,0.6737401167067977,mlp_0,20,0.6836261021716822,catchup,20,0.69312909852842,saved_adversary,0
2,S_K_C,SEX,development_evaluation,120,0.6752252853974122,mlp_0,20,0.6752252853974122,mlp_0,20,0.6709200235192229,catchup,20,0.6835839366034473,saved_adversary,0
2,S_K_C,SEX,development_evaluation,360,0.6752252853974122,mlp_0,20,0.6752252853974122,mlp_0,20,0.6709200235192229,catchup,20,0.6835839366034473,saved_adversary,0
2,S_K_C,SEX,validation_person_weighted,120,0.6764584311706399,mlp_0,20,0.6764584311706399,mlp_0,20,0.685574705315843,catchup,20,0.6982940470072219,saved_adversary,0
2,S_K_C,SEX,validation_person_weighted,360,0.6764584311706399,mlp_0,20,0.6764584311706399,mlp_0,20,0.685574705315843,catchup,20,0.6982940470072219,saved_adversary,0
2,S_K_C,SEX,development_evaluation_person_weighted,120,0.6745387059391279,mlp_0,20,0.6745387059391279,mlp_0,20,0.6737454705074517,catchup,20,0.683771183825222,saved_adversary,0
2,S_K_C,SEX,development_evaluation_person_weighted,360,0.6745387059391279,mlp_0,20,0.6745387059391279,mlp_0,20,0.6737454705074517,catchup,20,0.683771183825222,saved_adversary,0
2,S_K_C,RAC1P,validation,120,1.232329536001547,mlp_0,25,1.202302469732283,catchup,5,1.202302469732283,catchup,5,1.2061165177875053,saved_adversary,0
2,S_K_C,RAC1P,validation,360,1.232329536001547,mlp_0,25,1.202302469732283,catchup,5,1.202302469732283,catchup,5,1.2061165177875053,saved_adversary,0
2,S_K_C,RAC1P,development_evaluation,120,1.2185603316031726,mlp_0,25,1.198776793053339,catchup,5,1.198776793053339,catchup,5,1.2091572948697784,saved_adversary,0
2,S_K_C,RAC1P,development_evaluation,360,1.2185603316031726,mlp_0,25,1.198776793053339,catchup,5,1.198776793053339,catchup,5,1.2091572948697784,saved_adversary,0
2,S_K_C,RAC1P,validation_person_weighted,120,1.2389860439786764,mlp_0,25,1.2119803044595596,catchup,5,1.2119803044595596,catchup,5,1.2175206842371398,saved_adversary,0
2,S_K_C,RAC1P,validation_person_weighted,360,1.2389860439786764,mlp_0,25,1.2119803044595596,catchup,5,1.2119803044595596,catchup,5,1.2175206842371398,saved_adversary,0
2,S_K_C,RAC1P,development_evaluation_person_weighted,120,1.2191393404554263,mlp_0,25,1.2029972574741452,catchup,5,1.2029972574741452,catchup,5,1.212809945698848,saved_adversary,0
2,S_K_C,RAC1P,development_evaluation_person_weighted,360,1.2191393404554263,mlp_0,25,1.2029972574741452,catchup,5,1.2029972574741452,catchup,5,1.212809945698848,saved_adversary,0
2,S_K_D,SEX,validation,120,0.6736981129795244,mlp_0,20,0.6736981129795244,mlp_0,20,0.6896799745713912,catchup,5,0.6935101159060493,saved_adversary,0
2,S_K_D,SEX,validation,360,0.6736981129795244,mlp_0,20,0.6736981129795244,mlp_0,20,0.6896799745713912,catchup,5,0.6935101159060493,saved_adversary,0
2,S_K_D,SEX,development_evaluation,120,0.6752390165393085,mlp_0,20,0.6752390165393085,mlp_0,20,0.6727846433115413,catchup,5,0.6827669456788134,saved_adversary,0
2,S_K_D,SEX,development_evaluation,360,0.6752390165393085,mlp_0,20,0.6752390165393085,mlp_0,20,0.6727846433115413,catchup,5,0.6827669456788134,saved_adversary,0
2,S_K_D,SEX,validation_person_weighted,120,0.6764180544208064,mlp_0,20,0.6764180544208064,mlp_0,20,0.6943333467020851,catchup,5,0.7002256850824908,saved_adversary,0
2,S_K_D,SEX,validation_person_weighted,360,0.6764180544208064,mlp_0,20,0.6764180544208064,mlp_0,20,0.6943333467020851,catchup,5,0.7002256850824908,saved_adversary,0
2,S_K_D,SEX,development_evaluation_person_weighted,120,0.674917514081717,mlp_0,20,0.674917514081717,mlp_0,20,0.6775577643955394,catchup,5,0.6840787402136339,saved_adversary,0
2,S_K_D,SEX,development_evaluation_person_weighted,360,0.674917514081717,mlp_0,20,0.674917514081717,mlp_0,20,0.6775577643955394,catchup,5,0.6840787402136339,saved_adversary,0
2,S_K_D,RAC1P,validation,120,1.2331131370374802,mlp_0,25,1.1984377556993697,catchup,5,1.1984377556993697,catchup,5,1.203962451351867,saved_adversary,0
2,S_K_D,RAC1P,validation,360,1.2331131370374802,mlp_0,25,1.1984377556993697,catchup,5,1.1984377556993697,catchup,5,1.203962451351867,saved_adversary,0
2,S_K_D,RAC1P,development_evaluation,120,1.218468845889553,mlp_0,25,1.2001724643766416,catchup,5,1.2001724643766416,catchup,5,1.2107764206321412,saved_adversary,0
2,S_K_D,RAC1P,development_evaluation,360,1.218468845889553,mlp_0,25,1.2001724643766416,catchup,5,1.2001724643766416,catchup,5,1.2107764206321412,saved_adversary,0
2,S_K_D,RAC1P,validation_person_weighted,120,1.2391543470428246,mlp_0,25,1.2092634435957925,catchup,5,1.2092634435957925,catchup,5,1.2177197118002296,saved_adversary,0
2,S_K_D,RAC1P,validation_person_weighted,360,1.2391543470428246,mlp_0,25,1.2092634435957925,catchup,5,1.2092634435957925,catchup,5,1.2177197118002296,saved_adversary,0
2,S_K_D,RAC1P,development_evaluation_person_weighted,120,1.2190697678135576,mlp_0,25,1.2034547574781231,catchup,5,1.2034547574781231,catchup,5,1.2142712128317958,saved_adversary,0
2,S_K_D,RAC1P,development_evaluation_person_weighted,360,1.2190697678135576,mlp_0,25,1.2034547574781231,catchup,5,1.2034547574781231,catchup,5,1.2142712128317958,saved_adversary,0
2,E_bank,SEX,validation,120,0.6873932877974203,mlp_1,65,0.6873932877974203,mlp_1,65,,,,,,
2,E_bank,SEX,validation,360,0.6873932877974203,mlp_1,65,0.6873932877974203,mlp_1,65,,,,,,
2,E_bank,SEX,development_evaluation,120,0.6887184145854156,mlp_1,65,0.6887184145854156,mlp_1,65,,,,,,
2,E_bank,SEX,development_evaluation,360,0.6887184145854156,mlp_1,65,0.6887184145854156,mlp_1,65,,,,,,
2,E_bank,SEX,validation_person_weighted,120,0.6890614523635368,mlp_1,65,0.6890614523635368,mlp_1,65,,,,,,
2,E_bank,SEX,validation_person_weighted,360,0.6890614523635368,mlp_1,65,0.6890614523635368,mlp_1,65,,,,,,
2,E_bank,SEX,development_evaluation_person_weighted,120,0.6880145753856324,mlp_1,65,0.6880145753856324,mlp_1,65,,,,,,
2,E_bank,SEX,development_evaluation_person_weighted,360,0.6880145753856324,mlp_1,65,0.6880145753856324,mlp_1,65,,,,,,
2,E_bank,RAC1P,validation,120,1.2613779725211947,mlp_0,80,1.2613779725211947,mlp_0,80,,,,,,
2,E_bank,RAC1P,validation,360,1.2613779725211947,mlp_0,80,1.2613779725211947,mlp_0,80,,,,,,
2,E_bank,RAC1P,development_evaluation,120,1.2347618292936262,mlp_0,80,1.2347618292936262,mlp_0,80,,,,,,
2,E_bank,RAC1P,development_evaluation,360,1.2347618292936262,mlp_0,80,1.2347618292936262,mlp_0,80,,,,,,
2,E_bank,RAC1P,validation_person_weighted,120,1.2574243482609981,mlp_0,80,1.2574243482609981,mlp_0,80,,,,,,
2,E_bank,RAC1P,validation_person_weighted,360,1.2574243482609981,mlp_0,80,1.2574243482609981,mlp_0,80,,,,,,
2,E_bank,RAC1P,development_evaluation_person_weighted,120,1.2421667207137277,mlp_0,80,1.2421667207137277,mlp_0,80,,,,,,
2,E_bank,RAC1P,development_evaluation_person_weighted,360,1.2421667207137277,mlp_0,80,1.2421667207137277,mlp_0,80,,,,,,
2,S_bank,SEX,validation,120,0.6823153262894373,mlp_1,65,0.6823153262894373,mlp_1,65,,,,,,
2,S_bank,SEX,validation,360,0.6823153262894373,mlp_1,65,0.6823153262894373,mlp_1,65,,,,,,
2,S_bank,SEX,development_evaluation,120,0.6842078079458584,mlp_1,65,0.6842078079458584,mlp_1,65,,,,,,
2,S_bank,SEX,development_evaluation,360,0.6842078079458584,mlp_1,65,0.6842078079458584,mlp_1,65,,,,,,
2,S_bank,SEX,validation_person_weighted,120,0.6803974044830283,mlp_1,65,0.6803974044830283,mlp_1,65,,,,,,
2,S_bank,SEX,validation_person_weighted,360,0.6803974044830283,mlp_1,65,0.6803974044830283,mlp_1,65,,,,,,
2,S_bank,SEX,development_evaluation_person_weighted,120,0.6829327261204317,mlp_1,65,0.6829327261204317,mlp_1,65,,,,,,
2,S_bank,SEX,development_evaluation_person_weighted,360,0.6829327261204317,mlp_1,65,0.6829327261204317,mlp_1,65,,,,,,
2,S_bank,RAC1P,validation,120,1.2656263597364426,mlp_1,85,1.2656263597364426,mlp_1,85,,,,,,
2,S_bank,RAC1P,validation,360,1.2656263597364426,mlp_1,85,1.2656263597364426,mlp_1,85,,,,,,
2,S_bank,RAC1P,development_evaluation,120,1.2426298335509296,mlp_1,85,1.2426298335509296,mlp_1,85,,,,,,
2,S_bank,RAC1P,development_evaluation,360,1.2426298335509296,mlp_1,85,1.2426298335509296,mlp_1,85,,,,,,
2,S_bank,RAC1P,validation_person_weighted,120,1.2600872732944586,mlp_1,85,1.2600872732944586,mlp_1,85,,,,,,
2,S_bank,RAC1P,validation_person_weighted,360,1.2600872732944586,mlp_1,85,1.2600872732944586,mlp_1,85,,,,,,
2,S_bank,RAC1P,development_evaluation_person_weighted,120,1.2439707929191828,mlp_1,85,1.2439707929191828,mlp_1,85,,,,,,
2,S_bank,RAC1P,development_evaluation_person_weighted,360,1.2439707929191828,mlp_1,85,1.2439707929191828,mlp_1,85,,,,,,
