comparison,left,right,target,split,n_seeds,n_defined,complete,mean,sample_sd,per_seed
native_main_minus_equal_exposure_bank,E_F_C,E_bank,income_binary,source_validation,3,3,True,-0.025316121018252053,0.011097789656958006,"{""0"":-0.02970172979373592,""1"":-0.03355096075664826,""2"":-0.01269567250437198}"
native_main_minus_equal_exposure_bank,E_F_C,E_bank,income_binary,source_validation_person_weighted,3,3,True,-0.026923361414380526,0.009942088301425704,"{""0"":-0.034188240792470126,""1"":-0.030989055623216577,""2"":-0.01559278782745488}"
native_main_minus_equal_exposure_bank,E_F_C,E_bank,income_binary,development_evaluation,3,3,True,-0.027072268544551543,0.01641935101298525,"{""0"":-0.030307076100030805,""1"":-0.04163346491475056,""2"":-0.009276264618873264}"
native_main_minus_equal_exposure_bank,E_F_C,E_bank,income_binary,development_evaluation_person_weighted,3,3,True,-0.02576566589137097,0.013847276265467312,"{""0"":-0.026531422039222763,""1"":-0.039214175062175616,""2"":-0.011551400572714532}"
native_main_minus_equal_exposure_bank,E_F_C,E_bank,civilian_at_work,source_validation,3,3,True,-0.0642594785798113,0.03302191308117959,"{""0"":-0.10238878752199887,""1"":-0.04494264711850743,""2"":-0.04544700109892763}"
native_main_minus_equal_exposure_bank,E_F_C,E_bank,civilian_at_work,source_validation_person_weighted,3,3,True,-0.05855140361306386,0.027925656698424506,"{""0"":-0.0905214603501564,""1"":-0.038922351889958184,""2"":-0.046210398599076996}"
native_main_minus_equal_exposure_bank,E_F_C,E_bank,civilian_at_work,development_evaluation,3,3,True,-0.06020715730216627,0.02702065626285445,"{""0"":-0.0913672081174246,""1"":-0.04600709195490987,""2"":-0.04324717183416432}"
native_main_minus_equal_exposure_bank,E_F_C,E_bank,civilian_at_work,development_evaluation_person_weighted,3,3,True,-0.0565567237146574,0.026287082536870565,"{""0"":-0.08690130570732113,""1"":-0.04202899929217696,""2"":-0.04073986614447411}"
native_main_minus_equal_exposure_bank,E_F_C,E_bank,public_coverage,source_validation,3,3,True,-0.011280044331922867,0.0021222738738102434,"{""0"":-0.013683101696160382,""1"":-0.009662543446892158,""2"":-0.010494487852716061}"
native_main_minus_equal_exposure_bank,E_F_C,E_bank,public_coverage,source_validation_person_weighted,3,3,True,-0.014388297650983891,0.004744926319914148,"{""0"":-0.0173195005333735,""1"":-0.016931481939672532,""2"":-0.00891391047990564}"
native_main_minus_equal_exposure_bank,E_F_C,E_bank,public_coverage,development_evaluation,3,3,True,-0.0002611154108602502,0.006325548818700049,"{""0"":-0.003206444124165042,""1"":-0.004576917771370037,""2"":0.007000015662954329}"
native_main_minus_equal_exposure_bank,E_F_C,E_bank,public_coverage,development_evaluation_person_weighted,3,3,True,0.0037560733358422693,0.009242407123575042,"{""0"":0.003671700025630442,""1"":-0.0054438582887701426,""2"":0.013040378270666508}"
native_main_minus_equal_exposure_bank,E_F_D,E_bank,income_binary,source_validation,3,3,True,-0.024999683504251746,0.010012994395778572,"{""0"":-0.030577647253794915,""1"":-0.030981379885834104,""2"":-0.01344002337312622}"
native_main_minus_equal_exposure_bank,E_F_D,E_bank,income_binary,source_validation_person_weighted,3,3,True,-0.02661641471904756,0.009994214243340736,"{""0"":-0.03498851163710165,""1"":-0.02930897900081547,""2"":-0.015551753519225553}"
native_main_minus_equal_exposure_bank,E_F_D,E_bank,income_binary,development_evaluation,3,3,True,-0.02648269285217471,0.016292583591752337,"{""0"":-0.030350293841552745,""1"":-0.04049346908546625,""2"":-0.008604315629505144}"
native_main_minus_equal_exposure_bank,E_F_D,E_bank,income_binary,development_evaluation_person_weighted,3,3,True,-0.025032842666196414,0.013842879672723275,"{""0"":-0.027042645296146528,""1"":-0.0377609613277225,""2"":-0.010294921374720212}"
native_main_minus_equal_exposure_bank,E_F_D,E_bank,civilian_at_work,source_validation,3,3,True,-0.0611371011711189,0.030695838180750716,"{""0"":-0.09652835599378223,""1"":-0.0417595721048693,""2"":-0.04512337541470518}"
native_main_minus_equal_exposure_bank,E_F_D,E_bank,civilian_at_work,source_validation_person_weighted,3,3,True,-0.05612245946446106,0.02653806531032506,"{""0"":-0.08634197772172653,""1"":-0.036613331331166676,""2"":-0.04541206934048997}"
native_main_minus_equal_exposure_bank,E_F_D,E_bank,civilian_at_work,development_evaluation,3,3,True,-0.05764161642708796,0.025502267466628308,"{""0"":-0.08707911908206645,""1"":-0.042258994616710954,""2"":-0.04358673558248649}"
native_main_minus_equal_exposure_bank,E_F_D,E_bank,civilian_at_work,development_evaluation_person_weighted,3,3,True,-0.05486162458979954,0.025606504526150566,"{""0"":-0.08442280735374241,""1"":-0.03953749917453797,""2"":-0.04062456724111824}"
native_main_minus_equal_exposure_bank,E_F_D,E_bank,public_coverage,source_validation,3,3,True,-0.012337761722729582,0.0033661129451685516,"{""0"":-0.016164717962230957,""1"":-0.00983562341633687,""2"":-0.011012943789620921}"
native_main_minus_equal_exposure_bank,E_F_D,E_bank,public_coverage,source_validation_person_weighted,3,3,True,-0.01465495317237244,0.00517929168741864,"{""0"":-0.01880111518145633,""1"":-0.016314440697567878,""2"":-0.008849303638093109}"
native_main_minus_equal_exposure_bank,E_F_D,E_bank,public_coverage,development_evaluation,3,3,True,0.001894659999443234,0.006439663328493495,"{""0"":0.001174953396763434,""1"":-0.004154915736883813,""2"":0.008663942338450081}"
native_main_minus_equal_exposure_bank,E_F_D,E_bank,public_coverage,development_evaluation_person_weighted,3,3,True,0.005760203135886617,0.009337995631768745,"{""0"":0.0069303823612321125,""1"":-0.004107729406317984,""2"":0.014457956452745724}"
native_main_minus_equal_exposure_bank,E_K_C,E_bank,income_binary,source_validation,3,3,True,0.007334720928188265,0.0062500251641365865,"{""0"":0.014368842173293539,""1"":0.0024199234619452503,""2"":0.0052153971493260065}"
native_main_minus_equal_exposure_bank,E_K_C,E_bank,income_binary,source_validation_person_weighted,3,3,True,0.010626687160054863,0.006386863560744877,"{""0"":0.01764765430630938,""1"":0.005161327275755523,""2"":0.009071079898099688}"
native_main_minus_equal_exposure_bank,E_K_C,E_bank,income_binary,development_evaluation,3,3,True,0.007286848600945102,0.00398490296106657,"{""0"":0.0065411141932295025,""1"":0.0037274948351753157,""2"":0.011591936774430489}"
native_main_minus_equal_exposure_bank,E_K_C,E_bank,income_binary,development_evaluation_person_weighted,3,3,True,0.008199198282116682,0.002204015430764642,"{""0"":0.006021799649930826,""1"":0.008146895662862863,""2"":0.010428899533556357}"
native_main_minus_equal_exposure_bank,E_K_C,E_bank,civilian_at_work,source_validation,3,3,True,0.007164828367226521,0.004602295370793928,"{""0"":0.012478961091678953,""1"":0.004474329682181755,""2"":0.004541194327818854}"
native_main_minus_equal_exposure_bank,E_K_C,E_bank,civilian_at_work,source_validation_person_weighted,3,3,True,0.007689922021033617,0.011234878022038295,"{""0"":0.02039958656467611,""1"":0.003586934451037249,""2"":-0.0009167549526125085}"
native_main_minus_equal_exposure_bank,E_K_C,E_bank,civilian_at_work,development_evaluation,3,3,True,0.0101543596888517,0.0168285303526004,"{""0"":0.029486485755047975,""1"":0.0021915612121022887,""2"":-0.0012149679005951652}"
native_main_minus_equal_exposure_bank,E_K_C,E_bank,civilian_at_work,development_evaluation_person_weighted,3,3,True,0.011255243183921848,0.020535920345859448,"{""0"":0.03490005535746604,""1"":0.0009872396865217015,""2"":-0.0021215654922221994}"
native_main_minus_equal_exposure_bank,E_K_C,E_bank,public_coverage,source_validation,3,3,True,-0.0003613229518863818,0.005083705763850454,"{""0"":4.158179035540499e-07,""1"":0.00453185172000703,""2"":-0.005616236393569729}"
native_main_minus_equal_exposure_bank,E_K_C,E_bank,public_coverage,source_validation_person_weighted,3,3,True,-0.0009009075259064359,0.005654105527172239,"{""0"":0.00286970126073971,""1"":0.0018296077637682817,""2"":-0.007402031602227299}"
native_main_minus_equal_exposure_bank,E_K_C,E_bank,public_coverage,development_evaluation,3,3,True,0.006102224880386642,0.006197304338392271,"{""0"":-0.00046872437032008385,""1"":0.006933407240924505,""2"":0.011841991770555504}"
native_main_minus_equal_exposure_bank,E_K_C,E_bank,public_coverage,development_evaluation_person_weighted,3,3,True,0.005142686524428545,0.006137188724988206,"{""0"":0.0006363965353770595,""1"":0.0026592612041533847,""2"":0.012132401833755191}"
native_main_minus_equal_exposure_bank,E_K_D,E_bank,income_binary,source_validation,3,3,True,0.007966017348205345,0.005852501358465986,"{""0"":0.014723868810392782,""1"":0.004568253833150904,""2"":0.004605929401072351}"
native_main_minus_equal_exposure_bank,E_K_D,E_bank,income_binary,source_validation_person_weighted,3,3,True,0.010960868213667041,0.0057310552831958675,"{""0"":0.01753481792752465,""1"":0.007016334592215345,""2"":0.00833145212126113}"
native_main_minus_equal_exposure_bank,E_K_D,E_bank,income_binary,development_evaluation,3,3,True,0.007423365471103856,0.003260814589760863,"{""0"":0.005947785175234921,""1"":0.005161170805471793,""2"":0.011161140432604855}"
native_main_minus_equal_exposure_bank,E_K_D,E_bank,income_binary,development_evaluation_person_weighted,3,3,True,0.008372051573067455,0.002284307296515585,"{""0"":0.005734640726921703,""1"":0.009724041322615395,""2"":0.009657472669665268}"
native_main_minus_equal_exposure_bank,E_K_D,E_bank,civilian_at_work,source_validation,3,3,True,0.007465608156452919,0.004699727805997867,"{""0"":0.012775871335904465,""1"":0.005779120037871399,""2"":0.0038418330955828917}"
native_main_minus_equal_exposure_bank,E_K_D,E_bank,civilian_at_work,source_validation_person_weighted,3,3,True,0.007966798022696306,0.011421569110174716,"{""0"":0.02055850245106494,""1"":0.005067852582320842,""2"":-0.0017259609652968688}"
native_main_minus_equal_exposure_bank,E_K_D,E_bank,civilian_at_work,development_evaluation,3,3,True,0.009919516027518357,0.01715149534274867,"{""0"":0.02956951369776256,""1"":0.0022350746342504335,""2"":-0.0020460402494579255}"
native_main_minus_equal_exposure_bank,E_K_D,E_bank,civilian_at_work,development_evaluation_person_weighted,3,3,True,0.010981067201454161,0.020517142193398754,"{""0"":0.034561157592560066,""1"":0.0011753674003826542,""2"":-0.0027933233885802378}"
native_main_minus_equal_exposure_bank,E_K_D,E_bank,public_coverage,source_validation,3,3,True,-0.000242095153048257,0.005482330767582451,"{""0"":0.0007537105617794193,""1"":0.0046740789079902645,""2"":-0.006154074928914455}"
native_main_minus_equal_exposure_bank,E_K_D,E_bank,public_coverage,source_validation_person_weighted,3,3,True,-0.0006723916704073721,0.006095368452288815,"{""0"":0.0040026477613654965,""1"":0.0015465698550463092,""2"":-0.007566392627633922}"
native_main_minus_equal_exposure_bank,E_K_D,E_bank,public_coverage,development_evaluation,3,3,True,0.006742285351297376,0.005354450393117208,"{""0"":0.0009617328920963342,""1"":0.007732811870496126,""2"":0.011532311291299668}"
native_main_minus_equal_exposure_bank,E_K_D,E_bank,public_coverage,development_evaluation_person_weighted,3,3,True,0.005732844282160994,0.005352625093687396,"{""0"":0.002298297471468369,""1"":0.0030000040319426713,""2"":0.011900231343071943}"
native_main_minus_equal_exposure_bank,S_F_C,S_bank,income_binary,source_validation,3,3,True,-0.013517106966398703,0.007593069673304732,"{""0"":-0.004883727733595078,""1"":-0.01650968203692227,""2"":-0.019157911128678762}"
native_main_minus_equal_exposure_bank,S_F_C,S_bank,income_binary,source_validation_person_weighted,3,3,True,-0.012091683855459704,0.008211648128543476,"{""0"":-0.0031416864538098,""1"":-0.013854796705099814,""2"":-0.0192785684074695}"
native_main_minus_equal_exposure_bank,S_F_C,S_bank,income_binary,development_evaluation,3,3,True,-0.017340918729058723,0.009687501334800832,"{""0"":-0.01807508929214524,""1"":-0.026640447503118947,""2"":-0.007307219391911979}"
native_main_minus_equal_exposure_bank,S_F_C,S_bank,income_binary,development_evaluation_person_weighted,3,3,True,-0.015365915142993125,0.011186594413663466,"{""0"":-0.019483329415841688,""1"":-0.023910276871530245,""2"":-0.0027041391416074423}"
native_main_minus_equal_exposure_bank,S_F_C,S_bank,civilian_at_work,source_validation,3,3,True,-0.0343917912099014,0.01367090604643777,"{""0"":-0.0392189908342781,""1"":-0.04499423073271591,""2"":-0.01896215206271018}"
native_main_minus_equal_exposure_bank,S_F_C,S_bank,civilian_at_work,source_validation_person_weighted,3,3,True,-0.03037248478378174,0.012823200243254557,"{""0"":-0.034718641037967624,""1"":-0.040457777626734304,""2"":-0.01594103568664329}"
native_main_minus_equal_exposure_bank,S_F_C,S_bank,civilian_at_work,development_evaluation,3,3,True,-0.0360312556022425,0.010835670808618999,"{""0"":-0.03682849538833122,""1"":-0.046446287655481866,""2"":-0.024818983762914415}"
native_main_minus_equal_exposure_bank,S_F_C,S_bank,civilian_at_work,development_evaluation_person_weighted,3,3,True,-0.029226969573487416,0.012775881886895752,"{""0"":-0.037188691525150475,""1"":-0.036001637206758086,""2"":-0.014490579988553687}"
native_main_minus_equal_exposure_bank,S_F_C,S_bank,public_coverage,source_validation,3,3,True,-0.009826073772804441,0.005312483956178218,"{""0"":-0.0067320311769678565,""1"":-0.01596032311127321,""2"":-0.0067858670301722546}"
native_main_minus_equal_exposure_bank,S_F_C,S_bank,public_coverage,source_validation_person_weighted,3,3,True,-0.006347415418618145,0.007091422951768698,"{""0"":-0.005624022070446766,""1"":-0.013772808435889738,""2"":0.00035458425048207065}"
native_main_minus_equal_exposure_bank,S_F_C,S_bank,public_coverage,development_evaluation,3,3,True,-0.005242976084098812,0.009743591502001494,"{""0"":0.005451071067510194,""1"":-0.013617472532985453,""2"":-0.007562526786821178}"
native_main_minus_equal_exposure_bank,S_F_C,S_bank,public_coverage,development_evaluation_person_weighted,3,3,True,-0.005927071685602063,0.009552372052384999,"{""0"":0.0030997090751805345,""1"":-0.01593006438763378,""2"":-0.004950859744352942}"
native_main_minus_equal_exposure_bank,S_F_D,S_bank,income_binary,source_validation,3,3,True,-0.01332727808820929,0.007666272129522078,"{""0"":-0.004856346268416745,""1"":-0.015336937640354154,""2"":-0.01978855035585697}"
native_main_minus_equal_exposure_bank,S_F_D,S_bank,income_binary,source_validation_person_weighted,3,3,True,-0.012011096246169991,0.008745258767903148,"{""0"":-0.002800026001138878,""1"":-0.01303240347087914,""2"":-0.020200859266491955}"
native_main_minus_equal_exposure_bank,S_F_D,S_bank,income_binary,development_evaluation,3,3,True,-0.017588723936785677,0.009513428809199287,"{""0"":-0.017472661464510764,""1"":-0.027159652987711225,""2"":-0.008133857358135044}"
native_main_minus_equal_exposure_bank,S_F_D,S_bank,income_binary,development_evaluation_person_weighted,3,3,True,-0.016027199210545868,0.010926750160076699,"{""0"":-0.019862040466688546,""1"":-0.02451959911242968,""2"":-0.003699958052519381}"
native_main_minus_equal_exposure_bank,S_F_D,S_bank,civilian_at_work,source_validation,3,3,True,-0.03405885564566519,0.013585182704725293,"{""0"":-0.03776519363556152,""1"":-0.04540623524345572,""2"":-0.01900513805797832}"
native_main_minus_equal_exposure_bank,S_F_D,S_bank,civilian_at_work,source_validation_person_weighted,3,3,True,-0.03033283030172218,0.01278107998776295,"{""0"":-0.033103449411734875,""1"":-0.04150135513960229,""2"":-0.016393686353829373}"
native_main_minus_equal_exposure_bank,S_F_D,S_bank,civilian_at_work,development_evaluation,3,3,True,-0.03658629264978588,0.012160477654365724,"{""0"":-0.036570550631741194,""1"":-0.048754633671269865,""2"":-0.024433693646346566}"
native_main_minus_equal_exposure_bank,S_F_D,S_bank,civilian_at_work,development_evaluation_person_weighted,3,3,True,-0.029885016085828293,0.013807066813055126,"{""0"":-0.03716407370917346,""1"":-0.03852948434624848,""2"":-0.013961490202062943}"
native_main_minus_equal_exposure_bank,S_F_D,S_bank,public_coverage,source_validation,3,3,True,-0.008861319919943655,0.005707244513426547,"{""0"":-0.006028330335494325,""1"":-0.015430800977125625,""2"":-0.005124828447211016}"
native_main_minus_equal_exposure_bank,S_F_D,S_bank,public_coverage,source_validation_person_weighted,3,3,True,-0.006640835473537758,0.006859412239439545,"{""0"":-0.0061940657239033525,""1"":-0.013712711705119729,""2"":-1.5728991590191477e-05}"
native_main_minus_equal_exposure_bank,S_F_D,S_bank,public_coverage,development_evaluation,3,3,True,-0.004392810349539478,0.010728612649333344,"{""0"":0.007363264921480206,""1"":-0.013654507253655579,""2"":-0.00688718871644306}"
native_main_minus_equal_exposure_bank,S_F_D,S_bank,public_coverage,development_evaluation_person_weighted,3,3,True,-0.004659099210084487,0.010923721245542417,"{""0"":0.006143094213542755,""1"":-0.015700421872976933,""2"":-0.004419969970819282}"
native_main_minus_equal_exposure_bank,S_K_C,S_bank,income_binary,source_validation,3,3,True,0.005641018023042528,0.005151497476978034,"{""0"":0.007544651727787843,""1"":0.009569781084361406,""2"":-0.00019137874302166402}"
native_main_minus_equal_exposure_bank,S_K_C,S_bank,income_binary,source_validation_person_weighted,3,3,True,0.006904140333728585,0.0063121685346988685,"{""0"":0.008059926343478852,""1"":0.012558549522681317,""2"":9.394513502558599e-05}"
native_main_minus_equal_exposure_bank,S_K_C,S_bank,income_binary,development_evaluation,3,3,True,0.005667323900023909,0.004788994481845639,"{""0"":0.0021911823165966515,""1"":0.011129880953777427,""2"":0.003680908429697649}"
native_main_minus_equal_exposure_bank,S_K_C,S_bank,income_binary,development_evaluation_person_weighted,3,3,True,0.005894730395095749,0.006489191067730818,"{""0"":0.00010492141226275953,""1"":0.012908880529860944,""2"":0.004670389243163542}"
native_main_minus_equal_exposure_bank,S_K_C,S_bank,civilian_at_work,source_validation,3,3,True,0.006119876454438104,0.007978075196876684,"{""0"":0.004804960877721476,""1"":-0.0011190530081304217,""2"":0.014673721493723257}"
native_main_minus_equal_exposure_bank,S_K_C,S_bank,civilian_at_work,source_validation_person_weighted,3,3,True,0.007524028522490012,0.004136926122517895,"{""0"":0.00823668275323991,""1"":0.0030770717851966167,""2"":0.011258331029033508}"
native_main_minus_equal_exposure_bank,S_K_C,S_bank,civilian_at_work,development_evaluation,3,3,True,0.009457675282095235,0.004659780736450356,"{""0"":0.007303917391495884,""1"":0.006264360821551962,""2"":0.014804747633237858}"
native_main_minus_equal_exposure_bank,S_K_C,S_bank,civilian_at_work,development_evaluation_person_weighted,3,3,True,0.01332720161027423,0.0041589408255133554,"{""0"":0.009548574763049988,""1"":0.012649751867523151,""2"":0.017783278200249553}"
native_main_minus_equal_exposure_bank,S_K_C,S_bank,public_coverage,source_validation,3,3,True,0.0021934558384375338,0.0016131161786154676,"{""0"":0.002674664152945927,""1"":0.0035112074570724516,""2"":0.0003944959052942232}"
native_main_minus_equal_exposure_bank,S_K_C,S_bank,public_coverage,source_validation_person_weighted,3,3,True,0.0023013026528212466,0.0023184690048780048,"{""0"":0.00476418215550245,""1"":0.0019786901364569065,""2"":0.00016103566650438328}"
native_main_minus_equal_exposure_bank,S_K_C,S_bank,public_coverage,development_evaluation,3,3,True,0.003662666660592895,0.004127285099876654,"{""0"":0.007323596984822989,""1"":0.004474676506214581,""2"":-0.0008102735092588853}"
native_main_minus_equal_exposure_bank,S_K_C,S_bank,public_coverage,development_evaluation_person_weighted,3,3,True,0.0031313116954329034,0.0039917320554921955,"{""0"":0.007637105153773693,""1"":3.74073646773887e-05,""2"":0.0017194225678476283}"
native_main_minus_equal_exposure_bank,S_K_D,S_bank,income_binary,source_validation,3,3,True,0.006071686622967846,0.004609997281458588,"{""0"":0.006553679669140111,""1"":0.010421750648669625,""2"":0.0012396295510938016}"
native_main_minus_equal_exposure_bank,S_K_D,S_bank,income_binary,source_validation_person_weighted,3,3,True,0.007106749360215936,0.006050533524231512,"{""0"":0.006812998826266015,""1"":0.013298807742341545,""2"":0.001208441512040248}"
native_main_minus_equal_exposure_bank,S_K_D,S_bank,income_binary,development_evaluation,3,3,True,0.0056427104909213726,0.005044035175321122,"{""0"":0.0018087818701526537,""1"":0.011356783483976618,""2"":0.003762566118634847}"
native_main_minus_equal_exposure_bank,S_K_D,S_bank,income_binary,development_evaluation_person_weighted,3,3,True,0.006268245511572253,0.006688669139523412,"{""0"":0.0002668367106678504,""1"":0.013479129737320905,""2"":0.005058770086728004}"
native_main_minus_equal_exposure_bank,S_K_D,S_bank,civilian_at_work,source_validation,3,3,True,0.005933030693685837,0.007767011245567048,"{""0"":0.005474263235669408,""1"":-0.0015944285564672422,""2"":0.013919257401855345}"
native_main_minus_equal_exposure_bank,S_K_D,S_bank,civilian_at_work,source_validation_person_weighted,3,3,True,0.007537176414882977,0.004210794050284512,"{""0"":0.008834984929635914,""1"":0.0028302484601647193,""2"":0.010946295854848298}"
native_main_minus_equal_exposure_bank,S_K_D,S_bank,civilian_at_work,development_evaluation,3,3,True,0.009430313502167257,0.004308304385391846,"{""0"":0.007745069148483719,""1"":0.006219363146233781,""2"":0.014326508211784272}"
native_main_minus_equal_exposure_bank,S_K_D,S_bank,civilian_at_work,development_evaluation_person_weighted,3,3,True,0.013354883360220615,0.003342992409563484,"{""0"":0.010455052179713265,""1"":0.012598255818374426,""2"":0.017011342082574155}"
native_main_minus_equal_exposure_bank,S_K_D,S_bank,public_coverage,source_validation,3,3,True,0.003018641929850204,0.0017527040140210615,"{""0"":0.0030984833849801996,""1"":0.004730060794510993,""2"":0.0012273816100594193}"
native_main_minus_equal_exposure_bank,S_K_D,S_bank,public_coverage,source_validation_person_weighted,3,3,True,0.0032307613367908625,0.0022809510464785053,"{""0"":0.005572373107531781,""1"":0.0031041673134374337,""2"":0.0010157435894033728}"
native_main_minus_equal_exposure_bank,S_K_D,S_bank,public_coverage,development_evaluation,3,3,True,0.0039843127876731015,0.004390933521615575,"{""0"":0.0076151530247179355,""1"":0.00523370042348692,""2"":-0.0008959150851855502}"
native_main_minus_equal_exposure_bank,S_K_D,S_bank,public_coverage,development_evaluation_person_weighted,3,3,True,0.00334507135269857,0.003880579425045363,"{""0"":0.007821563324392988,""1"":0.0009346005294963433,""2"":0.0012790502042063778}"
