seed,phase,release,epoch,mapper_optimizer_steps,adversary_optimizer_steps,fit_base_loss,fit_source_ce,fit_source_losses_income_binary,fit_source_losses_civilian_at_work,fit_source_losses_public_coverage,fit_reconstruction_mse,fit_adversary_ce,fit_normalized_adversary_ce,source_validation_base_loss,source_validation_ce,source_validation_losses_income_binary,source_validation_losses_civilian_at_work,source_validation_losses_public_coverage,source_validation_reconstruction_mse,selection,fit_adversary_ce_SEX,fit_adversary_ce_RAC1P
0,warm_base,shared,0,0,0,0.7728745341300964,0.6715471148490906,0.6611257791519165,0.6701780557632446,0.683337390422821,1.013274073600769,,,0.7730936408042908,0.6719129681587219,0.6597424745559692,0.6707656979560852,0.6852307319641113,1.011806607246399,none; fixed final iterate,,
0,warm_base,shared,5,210,0,0.42384013533592224,0.3573125898838043,0.2905248701572418,0.2909885346889496,0.49042433500289917,0.6652753353118896,,,0.430740624666214,0.36428001523017883,0.3014616072177887,0.30012884736061096,0.49124959111213684,0.6646061539649963,none; fixed final iterate,,
0,warm_base,shared,10,420,0,0.39290812611579895,0.34334874153137207,0.2834014892578125,0.27197352051734924,0.47467124462127686,0.49559375643730164,,,0.4025142788887024,0.3534252345561981,0.29881957173347473,0.28266406059265137,0.4787920415401459,0.4908904433250427,none; fixed final iterate,,
0,warm_base,shared,15,630,0,0.3799148201942444,0.3392709791660309,0.2792736887931824,0.2674241065979004,0.47111520171165466,0.40643852949142456,,,0.39167067408561707,0.35170257091522217,0.29631030559539795,0.28109145164489746,0.4777059555053711,0.3996809124946594,none; fixed final iterate,,
0,warm_base,shared,20,840,0,0.37049901485443115,0.33691129088401794,0.27773356437683105,0.2645163834095001,0.46848395466804504,0.3358772099018097,,,0.384044349193573,0.35109710693359375,0.29613715410232544,0.2814292013645172,0.475724995136261,0.3294723331928253,none; fixed final iterate,,
0,warm_base,shared,25,1050,0,0.36212944984436035,0.3350459635257721,0.2760108411312103,0.2630893886089325,0.46603769063949585,0.270834743976593,,,0.3771231770515442,0.3504672944545746,0.29447782039642334,0.28221726417541504,0.474706768989563,0.2665589451789856,none; fixed final iterate,,
0,warm_base,shared,30,1260,0,0.3549204170703888,0.3333216607570648,0.27495983242988586,0.2604268491268158,0.4645782709121704,0.21598748862743378,,,0.37222906947135925,0.3508446514606476,0.29489317536354065,0.28156599402427673,0.47607478499412537,0.2138441950082779,none; fixed final iterate,,
0,warm_base,shared,35,1470,0,0.3498062193393707,0.3319995701313019,0.2739860713481903,0.25942203402519226,0.46259063482284546,0.17806647717952728,,,0.3676746189594269,0.34983769059181213,0.29386937618255615,0.2814924418926239,0.47415128350257874,0.1783691644668579,none; fixed final iterate,,
0,warm_base,shared,40,1680,0,0.3458746075630188,0.33038511872291565,0.2729852795600891,0.25753772258758545,0.4606323540210724,0.15489473938941956,,,0.365936815738678,0.3502120077610016,0.29331716895103455,0.28243643045425415,0.4748825430870056,0.1572480946779251,none; fixed final iterate,,
0,warm_base,shared,45,1890,0,0.34295588731765747,0.3291324973106384,0.2722408175468445,0.25645989179611206,0.45869678258895874,0.1382339596748352,,,0.3649211823940277,0.3507002592086792,0.2936755418777466,0.28391388058662415,0.47451135516166687,0.1422092765569687,none; fixed final iterate,,
0,warm_base,shared,50,2100,0,0.3406336009502411,0.32787588238716125,0.2711857259273529,0.2552047371864319,0.45723727345466614,0.1275772750377655,,,0.3639732897281647,0.3507063090801239,0.29279690980911255,0.2843374013900757,0.4749845564365387,0.13266976177692413,none; fixed final iterate,,
0,warm_base,shared,55,2310,0,0.3394232392311096,0.32738518714904785,0.27109742164611816,0.25413423776626587,0.4569239020347595,0.1203804537653923,,,0.36377575993537903,0.3511541783809662,0.29303181171417236,0.2857540547847748,0.47467657923698425,0.12621594965457916,none; fixed final iterate,,
0,warm_base,shared,60,2520,0,0.3371860980987549,0.32589399814605713,0.2696363925933838,0.25374746322631836,0.45429810881614685,0.11292096227407455,,,0.36385154724121094,0.35198846459388733,0.29315218329429626,0.28629499673843384,0.47651827335357666,0.11863082647323608,none; fixed final iterate,,
0,warm_adversary,shared,0,2520,0,0.3371860980987549,0.32589399814605713,0.2696363925933838,0.25374746322631836,0.45429810881614685,0.11292096227407455,,1.429612636566162,0.36385154724121094,0.35198846459388733,0.29315218329429626,0.28629499673843384,0.47651827335357666,0.11863082647323608,none; fixed final iterate,0.7271617650985718,2.3446640968322754
0,warm_adversary,shared,5,2520,210,0.3371860980987549,0.32589399814605713,0.2696363925933838,0.25374746322631836,0.45429810881614685,0.11292096227407455,,0.9480345249176025,0.36385154724121094,0.35198846459388733,0.29315218329429626,0.28629499673843384,0.47651827335357666,0.11863082647323608,none; fixed final iterate,0.6524151563644409,1.2365435361862183
0,warm_adversary,shared,10,2520,420,0.3371860980987549,0.32589399814605713,0.2696363925933838,0.25374746322631836,0.45429810881614685,0.11292096227407455,,0.9306326508522034,0.36385154724121094,0.35198846459388733,0.29315218329429626,0.28629499673843384,0.47651827335357666,0.11863082647323608,none; fixed final iterate,0.6425855159759521,1.209832787513733
0,warm_adversary,shared,15,2520,630,0.3371860980987549,0.32589399814605713,0.2696363925933838,0.25374746322631836,0.45429810881614685,0.11292096227407455,,0.9217005968093872,0.36385154724121094,0.35198846459388733,0.29315218329429626,0.28629499673843384,0.47651827335357666,0.11863082647323608,none; fixed final iterate,0.6361472606658936,1.1987274885177612
0,warm_adversary,shared,20,2520,840,0.3371860980987549,0.32589399814605713,0.2696363925933838,0.25374746322631836,0.45429810881614685,0.11292096227407455,,0.919617235660553,0.36385154724121094,0.35198846459388733,0.29315218329429626,0.28629499673843384,0.47651827335357666,0.11863082647323608,none; fixed final iterate,0.6374082565307617,1.190970778465271
0,continuation,C_bottleneck,0,2520,840,0.3371860980987549,0.32589399814605713,0.2696363925933838,0.25374746322631836,0.45429810881614685,0.11292096227407455,,0.919617235660553,0.36385154724121094,0.35198846459388733,0.29315218329429626,0.28629499673843384,0.47651827335357666,0.11863082647323608,none; fixed final iterate,0.6374082565307617,1.190970778465271
0,continuation,C_bottleneck,5,2730,1470,0.3359796404838562,0.32532843947410583,0.2697254717350006,0.25305700302124023,0.45320284366607666,0.10651186853647232,,0.913550615310669,0.36389195919036865,0.3526071608066559,0.2931690812110901,0.2876285910606384,0.47702381014823914,0.11284804344177246,none; fixed final iterate,0.632272481918335,1.1848548650741577
0,continuation,C_bottleneck,10,2940,2100,0.3347148895263672,0.32438716292381287,0.26893219351768494,0.25197264552116394,0.4522566497325897,0.1032773107290268,,0.914322018623352,0.36429914832115173,0.35336101055145264,0.29437413811683655,0.28838202357292175,0.4773268699645996,0.10938134789466858,none; fixed final iterate,0.63998943567276,1.172422170639038
0,continuation,C_bottleneck,15,3150,2730,0.3331788182258606,0.3231984078884125,0.26796093583106995,0.2506933808326721,0.4509408473968506,0.09980419278144836,,0.9008349180221558,0.3638623058795929,0.35324326157569885,0.29384973645210266,0.28970301151275635,0.4761770963668823,0.10619038343429565,none; fixed final iterate,0.6179500222206116,1.1786893606185913
0,continuation,C_bottleneck,20,3360,3360,0.3323312997817993,0.3227164149284363,0.26801440119743347,0.2499958723783493,0.45013898611068726,0.09614882618188858,,0.8928313255310059,0.36382991075515747,0.3536083698272705,0.29422491788864136,0.28967416286468506,0.4769259989261627,0.10221552103757858,none; fixed final iterate,0.6177563667297363,1.1583119630813599
0,continuation,C_bottleneck,25,3570,3990,0.33111315965652466,0.3218226134777069,0.266914427280426,0.2492903769016266,0.44926297664642334,0.09290546178817749,,0.884367823600769,0.36447685956954956,0.35455384850502014,0.2936653792858124,0.2904028296470642,0.4795934557914734,0.09922999888658524,none; fixed final iterate,0.6103276014328003,1.150273084640503
0,continuation,C_bottleneck,30,3780,4620,0.33018386363983154,0.3210727870464325,0.2665509879589081,0.24870653450489044,0.44796082377433777,0.0911107212305069,,0.8804917335510254,0.36462825536727905,0.3549377918243408,0.294009804725647,0.2912975251674652,0.4795060157775879,0.09690455347299576,none; fixed final iterate,0.6008353233337402,1.1579804420471191
0,continuation,C_bottleneck,35,3990,5250,0.32910630106925964,0.3203122913837433,0.2659189999103546,0.24784694612026215,0.4471709132194519,0.0879400223493576,,0.8767173290252686,0.36414772272109985,0.35477760434150696,0.29387906193733215,0.290608674287796,0.4798450767993927,0.09370105713605881,none; fixed final iterate,0.6040990352630615,1.1420965194702148
0,continuation,C_bottleneck,40,4200,5880,0.3288726508617401,0.32033607363700867,0.26608210802078247,0.24852707982063293,0.44639894366264343,0.0853656530380249,,0.8695433735847473,0.3653930127620697,0.35627052187919617,0.2944340705871582,0.29360148310661316,0.48077595233917236,0.091224804520607,none; fixed final iterate,0.5987261533737183,1.1335546970367432
0,continuation,C_bottleneck,45,4410,6510,0.32831913232803345,0.319898396730423,0.2651561498641968,0.2476072758436203,0.44693171977996826,0.08420733362436295,,0.8633941411972046,0.364223450422287,0.35529521107673645,0.29423943161964417,0.2917539179325104,0.4798922836780548,0.08928234130144119,none; fixed final iterate,0.5935471057891846,1.1273056268692017
0,continuation,C_bottleneck,50,4620,7140,0.32714420557022095,0.31895720958709717,0.2652144134044647,0.24631904065608978,0.4453381896018982,0.08186996728181839,,0.8667380809783936,0.36535871028900146,0.3566504716873169,0.2953331172466278,0.29443585872650146,0.4801824390888214,0.08708241581916809,none; fixed final iterate,0.6004786491394043,1.1230080127716064
0,continuation,C_bottleneck,55,4830,7770,0.327539324760437,0.3194875419139862,0.2656242251396179,0.24588733911514282,0.4469510018825531,0.08051777631044388,,0.8596343398094177,0.36728614568710327,0.3586817979812622,0.2955770194530487,0.29340144991874695,0.4870668947696686,0.0860433354973793,none; fixed final iterate,0.5948514342308044,1.1151236295700073
0,continuation,C_bottleneck,60,5040,8400,0.32706284523010254,0.3192979097366333,0.26399949193000793,0.247494176030159,0.44640007615089417,0.07764940708875656,,0.8440960645675659,0.3669199049472809,0.35861101746559143,0.293857216835022,0.295058935880661,0.4869168996810913,0.0830889493227005,none; fixed final iterate,0.5797661542892456,1.103070616722107
0,continuation,C_bottleneck,65,5250,9030,0.32550176978111267,0.3179187774658203,0.2641810476779938,0.24519716203212738,0.44437816739082336,0.0758298933506012,,0.8495660424232483,0.3649534285068512,0.3568424880504608,0.2948867678642273,0.2946884334087372,0.4809522330760956,0.08110944926738739,none; fixed final iterate,0.5839405059814453,1.1094383001327515
0,continuation,C_bottleneck,70,5460,9660,0.3241797685623169,0.31675514578819275,0.263229101896286,0.24428591132164001,0.44275039434432983,0.074246346950531,,0.8377045392990112,0.364994078874588,0.3570423126220703,0.2945563495159149,0.29485222697257996,0.48171842098236084,0.07951772212982178,none; fixed final iterate,0.57430499792099,1.0967212915420532
0,continuation,C_bottleneck,75,5670,10290,0.3238890767097473,0.3166036009788513,0.2628898322582245,0.24404145777225494,0.44287949800491333,0.07285472750663757,,0.838198184967041,0.3656156063079834,0.3577621877193451,0.29555749893188477,0.29551267623901367,0.48221632838249207,0.0785340741276741,none; fixed final iterate,0.5771605968475342,1.0926601886749268
0,continuation,C_bottleneck,80,5880,10920,0.32330402731895447,0.31613919138908386,0.26228106021881104,0.24412669241428375,0.4420097768306732,0.07164835929870605,,0.8377237915992737,0.36584505438804626,0.3581472337245941,0.29504814743995667,0.2963111400604248,0.48308244347572327,0.07697829604148865,none; fixed final iterate,0.5771718621253967,1.0914098024368286
0,continuation,D_protected,0,2520,840,0.3371860980987549,0.32589399814605713,0.2696363925933838,0.25374746322631836,0.45429810881614685,0.11292096227407455,,0.919617235660553,0.36385154724121094,0.35198846459388733,0.29315218329429626,0.28629499673843384,0.47651827335357666,0.11863082647323608,none; fixed final iterate,0.6374082565307617,1.190970778465271
0,continuation,D_protected,5,2730,1470,0.33607009053230286,0.325338214635849,0.26986274123191833,0.25298166275024414,0.45317015051841736,0.1073186844587326,,0.9152023196220398,0.3640000522136688,0.352642297744751,0.2932495176792145,0.2874375581741333,0.47723978757858276,0.11357762664556503,none; fixed final iterate,0.6331003904342651,1.1875865459442139
0,continuation,D_protected,10,2940,2100,0.334844172000885,0.3243817389011383,0.2690465748310089,0.251894474029541,0.45220425724983215,0.10462430119514465,,0.9180480241775513,0.3645118176937103,0.3534444570541382,0.29454368352890015,0.2881896495819092,0.47760000824928284,0.11067347973585129,none; fixed final iterate,0.6424320936203003,1.1775094270706177
0,continuation,D_protected,15,3150,2730,0.33337312936782837,0.3232032358646393,0.2681148946285248,0.2506276071071625,0.450867235660553,0.10169903934001923,,0.9069108963012695,0.36414477229118347,0.35334017872810364,0.29375073313713074,0.28956347703933716,0.4767063856124878,0.10804606229066849,none; fixed final iterate,0.6219913363456726,1.1868761777877808
0,continuation,D_protected,20,3360,3360,0.33252736926078796,0.32270291447639465,0.26823750138282776,0.24991711974143982,0.44995418190956116,0.09824444353580475,,0.8976504802703857,0.3639715313911438,0.3535304069519043,0.2940075993537903,0.2891544997692108,0.4774291515350342,0.1044113039970398,none; fixed final iterate,0.6211145520210266,1.1645195484161377
0,continuation,D_protected,25,3570,3990,0.331380158662796,0.32182925939559937,0.2671930193901062,0.249045267701149,0.4492495059967041,0.09550901502370834,,0.8912197351455688,0.3648565113544464,0.35465821623802185,0.2937072217464447,0.28988197445869446,0.4803854525089264,0.10198286175727844,none; fixed final iterate,0.6161807775497437,1.157082200050354
0,continuation,D_protected,30,3780,4620,0.33048418164253235,0.32104232907295227,0.26678144931793213,0.24840033054351807,0.4479452669620514,0.09441854059696198,,0.8875851631164551,0.3649733364582062,0.3549076020717621,0.2938089370727539,0.29068973660469055,0.4802241623401642,0.10065730661153793,none; fixed final iterate,0.6070871949195862,1.1646701097488403
0,continuation,D_protected,35,3990,5250,0.32950544357299805,0.3203452527523041,0.26619765162467957,0.24763020873069763,0.44720783829689026,0.09160205721855164,,0.8863333463668823,0.36441898345947266,0.3546355664730072,0.2936735451221466,0.2899373471736908,0.48029571771621704,0.0978340208530426,none; fixed final iterate,0.6131938099861145,1.1500061750411987
0,continuation,D_protected,40,4200,5880,0.3293817341327667,0.3204207420349121,0.2664356231689453,0.24828067421913147,0.4465459883213043,0.08960985392332077,,0.8781232833862305,0.3656575083732605,0.35605549812316895,0.29440099000930786,0.29279324412345886,0.4809722304344177,0.09602000564336777,none; fixed final iterate,0.6054025888442993,1.1433019638061523
0,continuation,D_protected,45,4410,6510,0.32897189259529114,0.3200458586215973,0.2653847932815552,0.2475152164697647,0.4472375810146332,0.08926019817590714,,0.8792870044708252,0.3646133840084076,0.35509052872657776,0.29384976625442505,0.29117435216903687,0.4802475571632385,0.0952286571264267,none; fixed final iterate,0.6111338138580322,1.1355996131896973
0,continuation,D_protected,50,4620,7140,0.3278939723968506,0.3191561996936798,0.2654741108417511,0.2461654543876648,0.44582897424697876,0.08737769722938538,,0.8816336989402771,0.3657470643520355,0.3563886880874634,0.2950045168399811,0.2938670516014099,0.48029446601867676,0.09358390420675278,none; fixed final iterate,0.6130133271217346,1.1381657123565674
0,continuation,D_protected,55,4830,7770,0.32816022634506226,0.3194770812988281,0.2656269073486328,0.24586886167526245,0.4469355046749115,0.08683153241872787,,0.8770792484283447,0.36741185188293457,0.358072429895401,0.29459020495414734,0.29293498396873474,0.4866921305656433,0.09339417517185211,none; fixed final iterate,0.6108683347702026,1.1303750276565552
0,continuation,D_protected,60,5040,8400,0.3283011317253113,0.3197266161441803,0.2645331919193268,0.2473260909318924,0.4473205804824829,0.08574505150318146,,0.8693099021911621,0.367936372756958,0.3586786687374115,0.29339516162872314,0.29501646757125854,0.48762431740760803,0.09257691353559494,none; fixed final iterate,0.6020182967185974,1.1267930269241333
0,continuation,D_protected,65,5250,9030,0.32674190402030945,0.31812700629234314,0.26472580432891846,0.24503976106643677,0.4446153938770294,0.08614884316921234,,0.8743807077407837,0.3656480610370636,0.3563492000102997,0.2946970760822296,0.29371556639671326,0.4806348979473114,0.09298860281705856,none; fixed final iterate,0.6025657057762146,1.138909101486206
0,continuation,D_protected,70,5460,9660,0.32598793506622314,0.3169509470462799,0.26398250460624695,0.2440127581357956,0.442857563495636,0.09036983549594879,,0.8752501010894775,0.36622118949890137,0.3564872741699219,0.2940419018268585,0.29430556297302246,0.4811144471168518,0.09733914583921432,none; fixed final iterate,0.6002495288848877,1.145493507385254
0,continuation,D_protected,75,5670,10290,0.3257538974285126,0.3167223632335663,0.26345357298851013,0.24382853507995605,0.4428848922252655,0.09031520783901215,,0.8758977651596069,0.36668577790260315,0.35693177580833435,0.29445648193359375,0.29503485560417175,0.48130398988723755,0.09754005074501038,none; fixed final iterate,0.6044647693634033,1.1392887830734253
0,continuation,D_protected,80,5880,10920,0.3251376152038574,0.31631940603256226,0.26291388273239136,0.24384383857250214,0.4422004818916321,0.08818195760250092,,0.8732825517654419,0.36680686473846436,0.357312947511673,0.29389211535453796,0.29595720767974854,0.4820895493030548,0.09493914991617203,none; fixed final iterate,0.6001673936843872,1.1405487060546875
1,warm_base,shared,0,0,0,0.8570336103439331,0.755771815776825,0.8092162013053894,0.6911702752113342,0.766929030418396,1.012617826461792,,,0.8548052906990051,0.7545517086982727,0.8073339462280273,0.6899251937866211,0.766396164894104,1.0025359392166138,none; fixed final iterate,,
1,warm_base,shared,5,205,0,0.4144864082336426,0.35193347930908203,0.2880347967147827,0.27766522765159607,0.4901004433631897,0.6255293488502502,,,0.42286601662635803,0.36055251955986023,0.2966790497303009,0.3086669445037842,0.4763115346431732,0.6231350898742676,none; fixed final iterate,,
1,warm_base,shared,10,410,0,0.38935407996177673,0.34262940287590027,0.2804868221282959,0.2650626301765442,0.4823387563228607,0.46724680066108704,,,0.40089261531829834,0.35405245423316956,0.28911489248275757,0.30194035172462463,0.47110214829444885,0.46840155124664307,none; fixed final iterate,,
1,warm_base,shared,15,615,0,0.37545305490493774,0.33913373947143555,0.27783241868019104,0.2609347999095917,0.4786339998245239,0.3631933033466339,,,0.3897111713886261,0.3533785045146942,0.28820475935935974,0.301596075296402,0.47033464908599854,0.3633267879486084,none; fixed final iterate,,
1,warm_base,shared,20,820,0,0.36491337418556213,0.3367747366428375,0.2761577367782593,0.2583569586277008,0.47580957412719727,0.2813863456249237,,,0.3821815252304077,0.3540278375148773,0.28797683119773865,0.30319198966026306,0.47091469168663025,0.28153693675994873,none; fixed final iterate,,
1,warm_base,shared,25,1025,0,0.35653793811798096,0.3343559503555298,0.27383509278297424,0.25595223903656006,0.47328051924705505,0.22181974351406097,,,0.37571728229522705,0.3534793555736542,0.2864786386489868,0.3040224015712738,0.46993696689605713,0.22237932682037354,none; fixed final iterate,,
1,warm_base,shared,30,1230,0,0.3512224853038788,0.3332931101322174,0.2727872133255005,0.25520098209381104,0.4718911349773407,0.17929385602474213,,,0.37305814027786255,0.35487616062164307,0.2858928143978119,0.3075120747089386,0.4712235629558563,0.18181967735290527,none; fixed final iterate,,
1,warm_base,shared,35,1435,0,0.3465877175331116,0.33152663707733154,0.27184224128723145,0.254077285528183,0.4686603248119354,0.15061070024967194,,,0.3707566559314728,0.3552165925502777,0.28580546379089355,0.30902761220932007,0.4708166718482971,0.15540075302124023,none; fixed final iterate,,
1,warm_base,shared,40,1640,0,0.34289488196372986,0.32962271571159363,0.2709580063819885,0.2510451078414917,0.46686506271362305,0.13272179663181305,,,0.36866018176078796,0.3548215329647064,0.28547319769859314,0.3082579970359802,0.4707334637641907,0.13838645815849304,none; fixed final iterate,,
1,warm_base,shared,45,1845,0,0.3404877781867981,0.3283427059650421,0.2704455256462097,0.2496037781238556,0.4649788439273834,0.12145057320594788,,,0.3688620328903198,0.35601770877838135,0.28676074743270874,0.3094865381717682,0.4718058407306671,0.12844333052635193,none; fixed final iterate,,
1,warm_base,shared,50,2050,0,0.338235467672348,0.3268670439720154,0.2694242596626282,0.2481362223625183,0.46304064989089966,0.11368431150913239,,,0.36797499656677246,0.35586118698120117,0.2863246500492096,0.30896636843681335,0.47229260206222534,0.12113820016384125,none; fixed final iterate,,
1,warm_base,shared,55,2255,0,0.3369027376174927,0.3261198103427887,0.2688520550727844,0.2476223260164261,0.46188512444496155,0.10782936960458755,,,0.36804571747779846,0.3564331531524658,0.2857375741004944,0.3107054531574249,0.47285646200180054,0.11612557619810104,none; fixed final iterate,,
1,warm_base,shared,60,2460,0,0.33501070737838745,0.3249863386154175,0.26815173029899597,0.2459171712398529,0.46089011430740356,0.1002437025308609,,,0.36824890971183777,0.35737088322639465,0.2864464819431305,0.31195464730262756,0.4737115800380707,0.10878036171197891,none; fixed final iterate,,
1,warm_adversary,shared,0,2460,0,0.33501070737838745,0.3249863386154175,0.26815173029899597,0.2459171712398529,0.46089011430740356,0.1002437025308609,,1.3373091220855713,0.36824890971183777,0.35737088322639465,0.2864464819431305,0.31195464730262756,0.4737115800380707,0.10878036171197891,none; fixed final iterate,0.6962804198265076,2.128441333770752
1,warm_adversary,shared,5,2460,205,0.33501070737838745,0.3249863386154175,0.26815173029899597,0.2459171712398529,0.46089011430740356,0.1002437025308609,,0.9578453302383423,0.36824890971183777,0.35737088322639465,0.2864464819431305,0.31195464730262756,0.4737115800380707,0.10878036171197891,none; fixed final iterate,0.6569458842277527,1.233322262763977
1,warm_adversary,shared,10,2460,410,0.33501070737838745,0.3249863386154175,0.26815173029899597,0.2459171712398529,0.46089011430740356,0.1002437025308609,,0.9339841604232788,0.36824890971183777,0.35737088322639465,0.2864464819431305,0.31195464730262756,0.4737115800380707,0.10878036171197891,none; fixed final iterate,0.6407692432403564,1.2022513151168823
1,warm_adversary,shared,15,2460,615,0.33501070737838745,0.3249863386154175,0.26815173029899597,0.2459171712398529,0.46089011430740356,0.1002437025308609,,0.9212526082992554,0.36824890971183777,0.35737088322639465,0.2864464819431305,0.31195464730262756,0.4737115800380707,0.10878036171197891,none; fixed final iterate,0.6327300667762756,1.1845834255218506
1,warm_adversary,shared,20,2460,820,0.33501070737838745,0.3249863386154175,0.26815173029899597,0.2459171712398529,0.46089011430740356,0.1002437025308609,,0.914705753326416,0.36824890971183777,0.35737088322639465,0.2864464819431305,0.31195464730262756,0.4737115800380707,0.10878036171197891,none; fixed final iterate,0.6295568943023682,1.1737301349639893
1,continuation,C_bottleneck,0,2460,820,0.33501070737838745,0.3249863386154175,0.26815173029899597,0.2459171712398529,0.46089011430740356,0.1002437025308609,,0.914705753326416,0.36824890971183777,0.35737088322639465,0.2864464819431305,0.31195464730262756,0.4737115800380707,0.10878036171197891,none; fixed final iterate,0.6295568943023682,1.1737301349639893
1,continuation,C_bottleneck,5,2665,1435,0.3335023820400238,0.3239239752292633,0.2686822712421417,0.24451413750648499,0.4585755467414856,0.09578420966863632,,0.915343165397644,0.36856645345687866,0.3581085205078125,0.28802385926246643,0.3122539818286896,0.47404778003692627,0.10457919538021088,none; fixed final iterate,0.6321014165878296,1.1706732511520386
1,continuation,C_bottleneck,10,2870,2050,0.33178362250328064,0.32251861691474915,0.2671407461166382,0.2433548867702484,0.45706018805503845,0.09265005588531494,,0.900022029876709,0.36895841360092163,0.35880303382873535,0.2872234284877777,0.3141981363296509,0.4749875068664551,0.10155376046895981,none; fixed final iterate,0.6174423098564148,1.1585837602615356
1,continuation,C_bottleneck,15,3075,2665,0.3307031989097595,0.32181015610694885,0.2671554982662201,0.24252229928970337,0.45575276017189026,0.08893048763275146,,0.8949722051620483,0.36967262625694275,0.3598639965057373,0.28810402750968933,0.31570425629615784,0.47578364610671997,0.098086416721344,none; fixed final iterate,0.6155205368995667,1.149244785308838
1,continuation,C_bottleneck,20,3280,3280,0.3296923339366913,0.3210182189941406,0.2664012312889099,0.24134288728237152,0.45531055331230164,0.08674110472202301,,0.8907075524330139,0.3701002299785614,0.36053237318992615,0.2876254916191101,0.31569182872772217,0.47827982902526855,0.09567856788635254,none; fixed final iterate,0.6117998361587524,1.1452178955078125
1,continuation,C_bottleneck,25,3485,3895,0.32904520630836487,0.3206278085708618,0.2668456435203552,0.2407669574022293,0.4542708694934845,0.0841740146279335,,0.8819336891174316,0.3706887364387512,0.3613324463367462,0.2882479429244995,0.3164390027523041,0.47931042313575745,0.09356292337179184,none; fixed final iterate,0.6044012308120728,1.1364617347717285
1,continuation,C_bottleneck,30,3690,4510,0.32776403427124023,0.3195420503616333,0.2654537558555603,0.24047814309597015,0.45269420742988586,0.08221979439258575,,0.877862811088562,0.37068426609039307,0.3615707457065582,0.28777697682380676,0.3178781569004059,0.47905710339546204,0.09113530069589615,none; fixed final iterate,0.5993080139160156,1.1354544162750244
1,continuation,C_bottleneck,35,3895,5125,0.32681721448898315,0.3187253475189209,0.2650260925292969,0.23918092250823975,0.4519689977169037,0.08091878890991211,,0.8728328943252563,0.3725266754627228,0.3635145127773285,0.288907527923584,0.31980323791503906,0.4818327724933624,0.09012157469987869,none; fixed final iterate,0.5967634916305542,1.1273120641708374
1,continuation,C_bottleneck,40,4100,5740,0.32586348056793213,0.3179285526275635,0.2644804120063782,0.23870836198329926,0.4505968689918518,0.07934936881065369,,0.8682020902633667,0.37240737676620483,0.36357101798057556,0.2884964048862457,0.32037353515625,0.48184314370155334,0.08836353570222855,none; fixed final iterate,0.5940866470336914,1.1204309463500977
1,continuation,C_bottleneck,45,4305,6355,0.32556167244911194,0.31773054599761963,0.26405447721481323,0.23787802457809448,0.45125916600227356,0.07831139117479324,,0.8656666278839111,0.3733900785446167,0.36462703347206116,0.28842100501060486,0.32164475321769714,0.48381534218788147,0.08763052523136139,none; fixed final iterate,0.5888878107070923,1.123532772064209
1,continuation,C_bottleneck,50,4510,6970,0.3246804475784302,0.3169631063938141,0.26399052143096924,0.23779010772705078,0.44910871982574463,0.07717343419790268,,0.8596673011779785,0.3734035789966583,0.3647681474685669,0.28904151916503906,0.321216344833374,0.4840465784072876,0.08635444194078445,none; fixed final iterate,0.5877980589866638,1.1102418899536133
1,continuation,C_bottleneck,55,4715,7585,0.32349085807800293,0.31593501567840576,0.26350754499435425,0.23609989881515503,0.4481975734233856,0.07555831968784332,,0.8565273284912109,0.37380027770996094,0.3653196394443512,0.2891886234283447,0.32281121611595154,0.4839590787887573,0.08480644226074219,none; fixed final iterate,0.5882602334022522,1.101385474205017
1,continuation,C_bottleneck,60,4920,8200,0.3229881525039673,0.31549620628356934,0.2630650997161865,0.23577293753623962,0.4476505517959595,0.07491956651210785,,0.8502973318099976,0.37517812848091125,0.3667405843734741,0.2892868220806122,0.32492202520370483,0.48601290583610535,0.08437534421682358,none; fixed final iterate,0.580776572227478,1.0992718935012817
1,continuation,C_bottleneck,65,5125,8815,0.3222123980522156,0.3148222267627716,0.2629719376564026,0.2349165678024292,0.4465782344341278,0.07390164583921432,,0.843994140625,0.3752739429473877,0.3669765889644623,0.2903617322444916,0.3236757516860962,0.4868922531604767,0.0829736739397049,none; fixed final iterate,0.5772409439086914,1.0897068977355957
1,continuation,C_bottleneck,70,5330,9430,0.3216453790664673,0.31436342000961304,0.26239511370658875,0.23391130566596985,0.4467838406562805,0.07281947880983353,,0.8391553163528442,0.3767431974411011,0.3685170114040375,0.2899669110774994,0.32560116052627563,0.4899830222129822,0.08226175606250763,none; fixed final iterate,0.5704445242881775,1.0898758172988892
1,continuation,C_bottleneck,75,5535,10045,0.3214767575263977,0.3142375648021698,0.262262225151062,0.23504561185836792,0.4454048275947571,0.07239186763763428,,0.8381363153457642,0.3775549530982971,0.36939823627471924,0.2906954288482666,0.3287986218929291,0.48870062828063965,0.08156708627939224,none; fixed final iterate,0.5732385516166687,1.0821362733840942
1,continuation,C_bottleneck,80,5740,10660,0.3210744857788086,0.3139168918132782,0.262050598859787,0.2335062325000763,0.44619378447532654,0.07157585769891739,,0.8376352787017822,0.37794747948646545,0.36984166502952576,0.2911657989025116,0.3281119763851166,0.4902471601963043,0.08105814456939697,none; fixed final iterate,0.5727003216743469,1.0818493366241455
1,continuation,D_protected,0,2460,820,0.33501070737838745,0.3249863386154175,0.26815173029899597,0.2459171712398529,0.46089011430740356,0.1002437025308609,,0.914705753326416,0.36824890971183777,0.35737088322639465,0.2864464819431305,0.31195464730262756,0.4737115800380707,0.10878036171197891,none; fixed final iterate,0.6295568943023682,1.1737301349639893
1,continuation,D_protected,5,2665,1435,0.3336697816848755,0.3240088224411011,0.2687595784664154,0.24460819363594055,0.4586586654186249,0.09660957008600235,,0.9180172681808472,0.3688403069972992,0.35830584168434143,0.28823503851890564,0.31232354044914246,0.4743589162826538,0.1053447499871254,none; fixed final iterate,0.6342667937278748,1.173506736755371
1,continuation,D_protected,10,2870,2050,0.33194252848625183,0.3225322961807251,0.26712706685066223,0.2434096485376358,0.45706018805503845,0.09410233050584793,,0.9037666320800781,0.36921900510787964,0.3589208126068115,0.287312388420105,0.3142336308956146,0.47521644830703735,0.10298184305429459,none; fixed final iterate,0.6206823587417603,1.1621692180633545
1,continuation,D_protected,15,3075,2665,0.33086416125297546,0.3217886984348297,0.2670394480228424,0.24252671003341675,0.45579996705055237,0.09075470268726349,,0.8992592096328735,0.36984381079673767,0.3598533868789673,0.28810155391693115,0.31580594182014465,0.47565269470214844,0.0999041274189949,none; fixed final iterate,0.6192519664764404,1.1533088684082031
1,continuation,D_protected,20,3280,3280,0.3300175368785858,0.32110509276390076,0.2665084898471832,0.24135006964206696,0.4554567039012909,0.08912438154220581,,0.8967866897583008,0.37047067284584045,0.3606802523136139,0.28780311346054077,0.3159514367580414,0.4782863259315491,0.09790406376123428,none; fixed final iterate,0.6168414354324341,1.1514403820037842
1,continuation,D_protected,25,3485,3895,0.3293946385383606,0.32074174284935,0.2668946385383606,0.24077261984348297,0.45455801486968994,0.08652891218662262,,0.8913865089416504,0.37096214294433594,0.36137673258781433,0.28838515281677246,0.3165431320667267,0.47920188307762146,0.09585413336753845,none; fixed final iterate,0.6138970255851746,1.143090009689331
1,continuation,D_protected,30,3690,4510,0.328180730342865,0.31967663764953613,0.2654825747013092,0.24050824344158173,0.4530390799045563,0.08504088968038559,,0.886284351348877,0.3711233139038086,0.3617415428161621,0.2879315912723541,0.3183077573776245,0.47898533940315247,0.09381772577762604,none; fixed final iterate,0.6074623465538025,1.1419216394424438
1,continuation,D_protected,35,3895,5125,0.3271501958370209,0.3187725841999054,0.26497146487236023,0.23916947841644287,0.4521767795085907,0.08377613127231598,,0.8828145265579224,0.3725617527961731,0.3632611334323883,0.28877002000808716,0.31977811455726624,0.4812353253364563,0.09300621598958969,none; fixed final iterate,0.6046379804611206,1.1382720470428467
1,continuation,D_protected,40,4100,5740,0.32623669505119324,0.3179837167263031,0.26452282071113586,0.2387228012084961,0.4507055878639221,0.08252973854541779,,0.8817934989929199,0.3724406361579895,0.3632575273513794,0.28859037160873413,0.32055553793907166,0.4806267023086548,0.09183110296726227,none; fixed final iterate,0.6049262285232544,1.1351383924484253
1,continuation,D_protected,45,4305,6355,0.32595497369766235,0.3177853524684906,0.26404112577438354,0.23787565529346466,0.4514392912387848,0.08169624954462051,,0.8820433616638184,0.3735637068748474,0.36444389820098877,0.28878262639045715,0.3215476870536804,0.48300132155418396,0.09119813144207001,none; fixed final iterate,0.601231575012207,1.1425739526748657
1,continuation,D_protected,50,4510,6970,0.32506152987480164,0.31698742508888245,0.2639743685722351,0.23771467804908752,0.4492732584476471,0.08074113726615906,,0.8750760555267334,0.37349721789360046,0.36448660492897034,0.28931042551994324,0.3213052451610565,0.48284420371055603,0.09010615944862366,none; fixed final iterate,0.5994833707809448,1.1280266046524048
1,continuation,D_protected,55,4715,7585,0.3239140212535858,0.31597959995269775,0.2633867561817169,0.23601621389389038,0.44853582978248596,0.07934408634901047,,0.8740946054458618,0.3737243413925171,0.3648476302623749,0.28955063223838806,0.3226781487464905,0.4823140799999237,0.08876712620258331,none; fixed final iterate,0.6028978228569031,1.1192412376403809
1,continuation,D_protected,60,4920,8200,0.32349735498428345,0.315567284822464,0.26301339268684387,0.23566070199012756,0.4480278193950653,0.07930056750774384,,0.871074914932251,0.37518686056137085,0.366312175989151,0.2897792160511017,0.3252217471599579,0.4839356243610382,0.08874696493148804,none; fixed final iterate,0.5986254811286926,1.119403600692749
1,continuation,D_protected,65,5125,8815,0.3227340281009674,0.31484508514404297,0.26295724511146545,0.23459163308143616,0.4469863772392273,0.07888945937156677,,0.8664644360542297,0.3752553164958954,0.3664475381374359,0.29066982865333557,0.3238699436187744,0.484802782535553,0.08807772397994995,none; fixed final iterate,0.595694899559021,1.1130411624908447
1,continuation,D_protected,70,5330,9430,0.3222804665565491,0.3144620358943939,0.26232585310935974,0.23359762132167816,0.44746264815330505,0.07818425446748734,,0.8617870807647705,0.37652426958084106,0.3677413761615753,0.29003477096557617,0.32540634274482727,0.4877830743789673,0.08782880753278732,none; fixed final iterate,0.5897391438484192,1.1120747327804565
1,continuation,D_protected,75,5535,10045,0.322306752204895,0.314448744058609,0.2623172998428345,0.23511233925819397,0.44591662287712097,0.07857993990182877,,0.8619979619979858,0.3775968551635742,0.3688007891178131,0.29081130027770996,0.32936692237854004,0.4862241744995117,0.08796051889657974,none; fixed final iterate,0.5916642546653748,1.1090699434280396
1,continuation,D_protected,80,5740,10660,0.32194286584854126,0.31414738297462463,0.2623581886291504,0.2332305908203125,0.4468533992767334,0.07795495539903641,,0.8613418340682983,0.3780021071434021,0.36922240257263184,0.2912411391735077,0.328320175409317,0.4881058931350708,0.08779705315828323,none; fixed final iterate,0.5904732346534729,1.109588623046875
2,warm_base,shared,0,0,0,0.8141325116157532,0.7126182913780212,0.7036932110786438,0.7169312834739685,0.7172303795814514,1.0151422023773193,,,0.811618983745575,0.7122840881347656,0.7012794017791748,0.7175050377845764,0.71806800365448,0.9933487772941589,none; fixed final iterate,,
2,warm_base,shared,5,210,0,0.41577523946762085,0.3522990643978119,0.283410906791687,0.2915283143520355,0.48195797204971313,0.6347618699073792,,,0.42855656147003174,0.36588242650032043,0.31616684794425964,0.2931991517543793,0.4882812798023224,0.6267412304878235,none; fixed final iterate,,
2,warm_base,shared,10,420,0,0.39002498984336853,0.34167346358299255,0.27195677161216736,0.2781774401664734,0.4748862087726593,0.4835152328014374,,,0.4068911671638489,0.3588991165161133,0.30902987718582153,0.2838379442691803,0.483829528093338,0.47992056608200073,none; fixed final iterate,,
2,warm_base,shared,15,630,0,0.37762314081192017,0.3382437527179718,0.26917821168899536,0.2742464542388916,0.47130659222602844,0.3937940001487732,,,0.39743250608444214,0.35777032375335693,0.30635496973991394,0.28375306725502014,0.48320290446281433,0.3966219425201416,none; fixed final iterate,,
2,warm_base,shared,20,840,0,0.3662104308605194,0.33558979630470276,0.2667643129825592,0.27130138874053955,0.4687037169933319,0.3062063157558441,,,0.38877072930336,0.35742029547691345,0.3059825897216797,0.28384214639663696,0.4824361801147461,0.31350424885749817,none; fixed final iterate,,
2,warm_base,shared,25,1050,0,0.358834445476532,0.33392560482025146,0.2653937339782715,0.2700192928314209,0.4663637578487396,0.2490883618593216,,,0.38298776745796204,0.3572879135608673,0.30629366636276245,0.2844444811344147,0.4811255633831024,0.2569984495639801,none; fixed final iterate,,
2,warm_base,shared,30,1260,0,0.353293240070343,0.332451730966568,0.26462289690971375,0.2688872814178467,0.46384498476982117,0.208415225148201,,,0.3780589997768402,0.35651716589927673,0.30547860264778137,0.28383737802505493,0.48023539781570435,0.21541829407215118,none; fixed final iterate,,
2,warm_base,shared,35,1470,0,0.3486303985118866,0.33121582865715027,0.26361632347106934,0.2679571211338043,0.4620741009712219,0.17414571344852448,,,0.3743361532688141,0.3563177287578583,0.30553707480430603,0.28361761569976807,0.47979840636253357,0.18018412590026855,none; fixed final iterate,,
2,warm_base,shared,40,1680,0,0.3447911739349365,0.3299911916255951,0.2624046504497528,0.2666563093662262,0.46091264486312866,0.14799968898296356,,,0.37186557054519653,0.356635719537735,0.3053974211215973,0.28332218527793884,0.481187641620636,0.15229859948158264,none; fixed final iterate,,
2,warm_base,shared,45,1890,0,0.34163206815719604,0.3288775384426117,0.2619257867336273,0.2658328115940094,0.45887404680252075,0.12754523754119873,,,0.3700217604637146,0.3569590747356415,0.30618515610694885,0.2836834490299225,0.4810085892677307,0.13062691688537598,none; fixed final iterate,,
2,warm_base,shared,50,2100,0,0.3397069275379181,0.3282410204410553,0.26125568151474,0.2645643353462219,0.45890310406684875,0.11465895175933838,,,0.3684651851654053,0.3567306697368622,0.3053448796272278,0.2829968333244324,0.4818502962589264,0.11734525859355927,none; fixed final iterate,,
2,warm_base,shared,55,2310,0,0.3373453915119171,0.3267245590686798,0.2606981098651886,0.26406633853912354,0.45540928840637207,0.10620836913585663,,,0.36756208539009094,0.3566764295101166,0.3069855868816376,0.28329142928123474,0.4797522723674774,0.1088564544916153,none; fixed final iterate,,
2,warm_base,shared,60,2520,0,0.3357946574687958,0.32568874955177307,0.2597552537918091,0.263131707906723,0.4541793167591095,0.10105904191732407,,,0.36735618114471436,0.3570152223110199,0.30610403418540955,0.28403836488723755,0.4809032678604126,0.10340970754623413,none; fixed final iterate,,
2,warm_adversary,shared,0,2520,0,0.3357946574687958,0.32568874955177307,0.2597552537918091,0.263131707906723,0.4541793167591095,0.10105904191732407,,1.374408483505249,0.36735618114471436,0.3570152223110199,0.30610403418540955,0.28403836488723755,0.4809032678604126,0.10340970754623413,none; fixed final iterate,0.6941388845443726,2.263896942138672
2,warm_adversary,shared,5,2520,210,0.3357946574687958,0.32568874955177307,0.2597552537918091,0.263131707906723,0.4541793167591095,0.10105904191732407,,0.9487515091896057,0.36735618114471436,0.3570152223110199,0.30610403418540955,0.28403836488723755,0.4809032678604126,0.10340970754623413,none; fixed final iterate,0.6501278877258301,1.2427709102630615
2,warm_adversary,shared,10,2520,420,0.3357946574687958,0.32568874955177307,0.2597552537918091,0.263131707906723,0.4541793167591095,0.10105904191732407,,0.9319784045219421,0.36735618114471436,0.3570152223110199,0.30610403418540955,0.28403836488723755,0.4809032678604126,0.10340970754623413,none; fixed final iterate,0.6395339965820312,1.2191156148910522
2,warm_adversary,shared,15,2520,630,0.3357946574687958,0.32568874955177307,0.2597552537918091,0.263131707906723,0.4541793167591095,0.10105904191732407,,0.9214600324630737,0.36735618114471436,0.3570152223110199,0.30610403418540955,0.28403836488723755,0.4809032678604126,0.10340970754623413,none; fixed final iterate,0.6333662867546082,1.203391194343567
2,warm_adversary,shared,20,2520,840,0.3357946574687958,0.32568874955177307,0.2597552537918091,0.263131707906723,0.4541793167591095,0.10105904191732407,,0.9151175022125244,0.36735618114471436,0.3570152223110199,0.30610403418540955,0.28403836488723755,0.4809032678604126,0.10340970754623413,none; fixed final iterate,0.6291617751121521,1.1948177814483643
2,continuation,C_bottleneck,0,2520,840,0.3357946574687958,0.32568874955177307,0.2597552537918091,0.263131707906723,0.4541793167591095,0.10105904191732407,,0.9151175022125244,0.36735618114471436,0.3570152223110199,0.30610403418540955,0.28403836488723755,0.4809032678604126,0.10340970754623413,none; fixed final iterate,0.6291617751121521,1.1948177814483643
2,continuation,C_bottleneck,5,2730,1470,0.33439409732818604,0.3248349130153656,0.25921109318733215,0.2625480592250824,0.4527455270290375,0.0955917239189148,,0.9119670987129211,0.36730676889419556,0.357475608587265,0.3069419264793396,0.2847486734390259,0.4807361662387848,0.09831155091524124,none; fixed final iterate,0.6277360320091248,1.189319133758545
2,continuation,C_bottleneck,10,2940,2100,0.33340832591056824,0.3241933584213257,0.2586970031261444,0.2617988586425781,0.4520842134952545,0.09214965254068375,,0.9060186743736267,0.3670754134654999,0.35755884647369385,0.30680304765701294,0.28437182307243347,0.4815017282962799,0.09516572207212448,none; fixed final iterate,0.6238574981689453,1.1811573505401611
2,continuation,C_bottleneck,15,3150,2730,0.3323674499988556,0.32343044877052307,0.2583107650279999,0.26161059737205505,0.4503699541091919,0.08937010169029236,,0.8943556547164917,0.3673309087753296,0.358053058385849,0.30772432684898376,0.2848738729953766,0.48156091570854187,0.09277857095003128,none; fixed final iterate,0.6173994541168213,1.1630089282989502
2,continuation,C_bottleneck,20,3360,3360,0.331493616104126,0.3228096663951874,0.2574496567249298,0.26082655787467957,0.45015281438827515,0.08683935552835464,,0.8900998830795288,0.36741071939468384,0.3583841323852539,0.30748939514160156,0.2852984666824341,0.48236459493637085,0.09026582539081573,none; fixed final iterate,0.6086872220039368,1.1682825088500977
2,continuation,C_bottleneck,25,3570,3990,0.3308417797088623,0.32250452041625977,0.2573776841163635,0.2603011727333069,0.4498347043991089,0.0833725556731224,,0.8832455277442932,0.3685644567012787,0.3598538935184479,0.3079921007156372,0.28680893778800964,0.48476067185401917,0.0871056616306305,none; fixed final iterate,0.6061380505561829,1.15528404712677
2,continuation,C_bottleneck,30,3780,4620,0.3297381103038788,0.32155898213386536,0.256229043006897,0.2601039707660675,0.44834399223327637,0.08179133385419846,,0.8745649456977844,0.36830559372901917,0.35974541306495667,0.30735430121421814,0.28748971223831177,0.48439234495162964,0.08560194075107574,none; fixed final iterate,0.6014301180839539,1.1415916681289673
2,continuation,C_bottleneck,35,3990,5250,0.3285493552684784,0.32056763768196106,0.2557159960269928,0.25929364562034607,0.4466932415962219,0.07981724292039871,,0.86925208568573,0.3682660460472107,0.3598654270172119,0.30902099609375,0.28628411889076233,0.4842911660671234,0.08400606364011765,none; fixed final iterate,0.596625804901123,1.1368104219436646
2,continuation,C_bottleneck,40,4200,5880,0.32768428325653076,0.31988251209259033,0.25530046224594116,0.25846344232559204,0.4458836615085602,0.07801779359579086,,0.8651865720748901,0.36866945028305054,0.36043787002563477,0.3083904981613159,0.2868388593196869,0.4860842227935791,0.08231572061777115,none; fixed final iterate,0.5907678604125977,1.1372350454330444
2,continuation,C_bottleneck,45,4410,6510,0.3270120918750763,0.31936872005462646,0.25489166378974915,0.2583162486553192,0.44489821791648865,0.07643380761146545,,0.8615657091140747,0.3688531816005707,0.3608146011829376,0.30843353271484375,0.2884426712989807,0.4855675995349884,0.08038578927516937,none; fixed final iterate,0.5904445648193359,1.1284531354904175
2,continuation,C_bottleneck,50,4620,7140,0.326604425907135,0.31909069418907166,0.2543956935405731,0.2581472396850586,0.44472911953926086,0.07513730973005295,,0.8573850393295288,0.36851829290390015,0.36056581139564514,0.3090071678161621,0.28715863823890686,0.48553168773651123,0.0795246809720993,none; fixed final iterate,0.5900495052337646,1.1183542013168335
2,continuation,C_bottleneck,55,4830,7770,0.326139360666275,0.31866654753685,0.2540474534034729,0.25708135962486267,0.44487082958221436,0.07472807914018631,,0.8457611799240112,0.36942917108535767,0.36152204871177673,0.30998384952545166,0.2878052592277527,0.4867769479751587,0.07907111942768097,none; fixed final iterate,0.5792140364646912,1.1085004806518555
2,continuation,C_bottleneck,60,5040,8400,0.32508385181427,0.3178153932094574,0.2537587583065033,0.25661376118659973,0.44307366013526917,0.07268460094928741,,0.8422428369522095,0.3700905740261078,0.36235424876213074,0.3100826144218445,0.28785815834999084,0.4891218841075897,0.07736334204673767,none; fixed final iterate,0.5762172937393188,1.1049880981445312
2,continuation,C_bottleneck,65,5250,9030,0.3243643343448639,0.317225843667984,0.2532503008842468,0.2561992108821869,0.4422280490398407,0.07138488441705704,,0.8385769724845886,0.3698105216026306,0.36222124099731445,0.3105349838733673,0.2875988483428955,0.4885299801826477,0.07589270174503326,none; fixed final iterate,0.5729075074195862,1.1016794443130493
2,continuation,C_bottleneck,70,5460,9660,0.32387927174568176,0.3168027102947235,0.252921462059021,0.25597697496414185,0.4415097236633301,0.07076574116945267,,0.8371175527572632,0.3707541823387146,0.3632020950317383,0.31064072251319885,0.28870242834091187,0.49026304483413696,0.07552075386047363,none; fixed final iterate,0.5692952275276184,1.1046569347381592
2,continuation,C_bottleneck,75,5670,10290,0.3230381906032562,0.31608495116233826,0.25238481163978577,0.25529852509498596,0.44057148694992065,0.06953243166208267,,0.8281459212303162,0.3708377480506897,0.36342915892601013,0.31048110127449036,0.2895912230014801,0.4902150630950928,0.0740857720375061,none; fixed final iterate,0.5642868280410767,1.0907725095748901
2,continuation,C_bottleneck,80,5880,10920,0.3232693076133728,0.3164331614971161,0.25215935707092285,0.2562386393547058,0.4409014880657196,0.06836146116256714,,0.8262169361114502,0.37234798073768616,0.36505332589149475,0.3117002546787262,0.2913760840892792,0.49208366870880127,0.07294643670320511,none; fixed final iterate,0.5648830533027649,1.0846556425094604
2,continuation,D_protected,0,2520,840,0.3357946574687958,0.32568874955177307,0.2597552537918091,0.263131707906723,0.4541793167591095,0.10105904191732407,,0.9151175022125244,0.36735618114471436,0.3570152223110199,0.30610403418540955,0.28403836488723755,0.4809032678604126,0.10340970754623413,none; fixed final iterate,0.6291617751121521,1.1948177814483643
2,continuation,D_protected,5,2730,1470,0.3345157504081726,0.3248027265071869,0.2592547535896301,0.2625555396080017,0.45259788632392883,0.09713034331798553,,0.9157747626304626,0.3675234019756317,0.3575488328933716,0.3069360554218292,0.28496021032333374,0.480750173330307,0.09974562376737595,none; fixed final iterate,0.630149245262146,1.1946735382080078
2,continuation,D_protected,10,2940,2100,0.33356916904449463,0.3241308033466339,0.2587193250656128,0.26177021861076355,0.4519028961658478,0.0943835973739624,,0.911963701248169,0.3675283193588257,0.3578060567378998,0.30696412920951843,0.2846965789794922,0.4817574620246887,0.09722273796796799,none; fixed final iterate,0.6277500987052917,1.1892839670181274
2,continuation,D_protected,15,3150,2730,0.3325788676738739,0.3233881890773773,0.258487343788147,0.26156437397003174,0.45011278986930847,0.09190687537193298,,0.8997726440429688,0.36800235509872437,0.35849738121032715,0.3079555630683899,0.2854667603969574,0.48206984996795654,0.0950496643781662,none; fixed final iterate,0.6213583946228027,1.1696422100067139
2,continuation,D_protected,20,3360,3360,0.33172470331192017,0.3227861821651459,0.2576136589050293,0.26076361536979675,0.4499812424182892,0.08938528597354889,,0.8970363140106201,0.3679139316082001,0.3586626946926117,0.3074510395526886,0.28575268387794495,0.4827843904495239,0.09251243621110916,none; fixed final iterate,0.6138481497764587,1.1766053438186646
2,continuation,D_protected,25,3570,3990,0.3311946392059326,0.32256045937538147,0.25762656331062317,0.2603367567062378,0.44971808791160583,0.0863417312502861,,0.8901644945144653,0.3690733015537262,0.3601021468639374,0.3078426122665405,0.2874947786331177,0.48496904969215393,0.08971165865659714,none; fixed final iterate,0.6112886071205139,1.1635808944702148
2,continuation,D_protected,30,3780,4620,0.3299984633922577,0.32151058316230774,0.25648412108421326,0.26001203060150146,0.4480355978012085,0.08487888425588608,,0.8834800124168396,0.36872830986976624,0.35987845063209534,0.30741792917251587,0.2879907190799713,0.4842267334461212,0.0884985625743866,none; fixed final iterate,0.6093980073928833,1.1497902870178223
2,continuation,D_protected,35,3990,5250,0.32888928055763245,0.3205661177635193,0.25602856278419495,0.2592737376689911,0.4463960528373718,0.08323165774345398,,0.8789576292037964,0.3688505291938782,0.36013364791870117,0.30922746658325195,0.28708791732788086,0.4840855300426483,0.08716887980699539,none; fixed final iterate,0.6039446592330933,1.14827299118042
2,continuation,D_protected,40,4200,5880,0.32808515429496765,0.31989383697509766,0.255630761384964,0.2583625316619873,0.44568827748298645,0.08191326260566711,,0.8809329271316528,0.3690773844718933,0.36047711968421936,0.30829018354415894,0.2874123156070709,0.48572880029678345,0.08600262552499771,none; fixed final iterate,0.6011853218078613,1.15855872631073
2,continuation,D_protected,45,4410,6510,0.32745087146759033,0.3193703293800354,0.255129873752594,0.258247047662735,0.44473403692245483,0.08080533891916275,,0.8745943307876587,0.3692070245742798,0.36072540283203125,0.30791059136390686,0.28896746039390564,0.48529812693595886,0.08481636643409729,none; fixed final iterate,0.5994676947593689,1.145340919494629
2,continuation,D_protected,50,4620,7140,0.32697540521621704,0.31902316212654114,0.2546432912349701,0.257969468832016,0.44445672631263733,0.07952254265546799,,0.8675135374069214,0.3688937723636627,0.3604848384857178,0.30863094329833984,0.2880915701389313,0.484732061624527,0.0840894803404808,none; fixed final iterate,0.5963432192802429,1.1328322887420654
2,continuation,D_protected,55,4830,7770,0.3267335295677185,0.3187265694141388,0.2544170618057251,0.25690221786499023,0.44486045837402344,0.08006951957941055,,0.8642367124557495,0.3700072467327118,0.36155882477760315,0.3098512589931488,0.28883096575737,0.48599427938461304,0.08448421955108643,none; fixed final iterate,0.5951839685440063,1.1265069246292114
2,continuation,D_protected,60,5040,8400,0.3255369961261749,0.31771519780158997,0.25393787026405334,0.2563580870628357,0.4428495764732361,0.07821796089410782,,0.86228346824646,0.37071913480758667,0.3623816967010498,0.3097197413444519,0.2891123592853546,0.4883129596710205,0.0833745226264,none; fixed final iterate,0.5939912796020508,1.1236754655838013
2,continuation,D_protected,65,5250,9030,0.32492730021476746,0.317105233669281,0.25350522994995117,0.2558898329734802,0.4419206380844116,0.07822079956531525,,0.8618576526641846,0.37087881565093994,0.3625044524669647,0.3101468086242676,0.2896312475204468,0.4877353012561798,0.08374349772930145,none; fixed final iterate,0.5925149321556091,1.1253349781036377
2,continuation,D_protected,70,5460,9660,0.32454514503479004,0.3166162669658661,0.25296416878700256,0.2555709183216095,0.4413136839866638,0.07928892225027084,,0.8685236573219299,0.3718377351760864,0.36334148049354553,0.3100142478942871,0.290795236825943,0.4892149865627289,0.08496250212192535,none; fixed final iterate,0.5961155295372009,1.1358771324157715
2,continuation,D_protected,75,5670,10290,0.32384034991264343,0.3158739507198334,0.2524905204772949,0.2546903192996979,0.4404410719871521,0.07966401427984238,,0.860287070274353,0.3719199597835541,0.3634074628353119,0.30955490469932556,0.2918981611728668,0.4887692928314209,0.08512499183416367,none; fixed final iterate,0.5914703607559204,1.1232181787490845
2,continuation,D_protected,80,5880,10920,0.3241567313671112,0.3162374496459961,0.2522523105144501,0.2553841173648834,0.4410759210586548,0.0791928693652153,,0.8642504811286926,0.3737287223339081,0.3652776777744293,0.3110356032848358,0.29372042417526245,0.4910770356655121,0.08451050519943237,none; fixed final iterate,0.5999350547790527,1.117650032043457
