beta,seed,release,split,rank,rank_tolerance,rows,direct_mean_mse,affine_mean_mse,prior_mean_mse
beta_0p1,0,I,fit,17,1e-12,10513,1.6824473632019653e-15,1.1377124367396517e-15,0.9999999999999997
beta_0p1,0,I,source_validation,17,1e-12,3004,1.6764472574268818e-15,1.1361567386149593e-15,0.9994813868876536
beta_0p1,0,I,development_evaluation,17,1e-12,2982,1.6589710360905217e-15,1.1308829931721564e-15,1.008078499618399
beta_0p1,0,beta_0p1_W,fit,17,1e-12,10513,0.2166472201100576,0.10512438107211725,0.9999999999999997
beta_0p1,0,beta_0p1_W,source_validation,17,1e-12,3004,0.21888360771477375,0.10693974774695922,0.9994813868876536
beta_0p1,0,beta_0p1_W,development_evaluation,17,1e-12,2982,0.22382388591961322,0.1080965764961486,1.008078499618399
beta_0p1,0,beta_0p1_C_warmup_only,fit,17,1e-12,10513,1.360031322586273,0.3375552200366973,0.9999999999999997
beta_0p1,0,beta_0p1_C_warmup_only,source_validation,17,1e-12,3004,1.3563892033803033,0.3399742136473612,0.9994813868876536
beta_0p1,0,beta_0p1_C_warmup_only,development_evaluation,17,1e-12,2982,1.4285657245563756,0.3489715578945256,1.008078499618399
beta_0p1,0,beta_0p1_D_warmup_only,fit,17,1e-12,10513,1.7083973859284065,0.39394514803247144,0.9999999999999997
beta_0p1,0,beta_0p1_D_warmup_only,source_validation,17,1e-12,3004,1.7037381872169686,0.396677960947515,0.9994813868876536
beta_0p1,0,beta_0p1_D_warmup_only,development_evaluation,17,1e-12,2982,1.778988112072419,0.40419152285803606,1.008078499618399
beta_0p1,0,beta_0p1_C_persistent,fit,17,1e-12,10513,0.16758359078783075,0.11844910331060048,0.9999999999999997
beta_0p1,0,beta_0p1_C_persistent,source_validation,17,1e-12,3004,0.1709580020055356,0.1211036803077549,0.9994813868876536
beta_0p1,0,beta_0p1_C_persistent,development_evaluation,17,1e-12,2982,0.17448286938503782,0.12157156064956981,1.008078499618399
beta_0p1,0,beta_0p1_D_persistent,fit,17,1e-12,10513,0.17017574068513958,0.12191658100967809,0.9999999999999997
beta_0p1,0,beta_0p1_D_persistent,source_validation,17,1e-12,3004,0.17367230390352165,0.12479161270400758,0.9994813868876536
beta_0p1,0,beta_0p1_D_persistent,development_evaluation,17,1e-12,2982,0.17748973466025045,0.12556949773553713,1.008078499618399
beta_0p1,1,I,fit,17,1e-12,10428,1.4087071620221498e-15,9.97882411202977e-16,0.9999999999999988
beta_0p1,1,I,source_validation,17,1e-12,3010,1.3674521777602266e-15,9.821643263466832e-16,0.9873457505540115
beta_0p1,1,I,development_evaluation,17,1e-12,3015,1.375706693754174e-15,9.802474903090258e-16,0.9774213066931422
beta_0p1,1,beta_0p1_W,fit,17,1e-12,10428,0.21944717972196934,0.10477619045096787,0.9999999999999988
beta_0p1,1,beta_0p1_W,source_validation,17,1e-12,3010,0.21855955494949494,0.10379072098161088,0.9873457505540115
beta_0p1,1,beta_0p1_W,development_evaluation,17,1e-12,3015,0.21130204800742333,0.10117239168551705,0.9774213066931422
beta_0p1,1,beta_0p1_C_warmup_only,fit,17,1e-12,10428,1.4338510298429323,0.33739538270226804,0.9999999999999988
beta_0p1,1,beta_0p1_C_warmup_only,source_validation,17,1e-12,3010,1.412678949075372,0.33480012635685624,0.9873457505540115
beta_0p1,1,beta_0p1_C_warmup_only,development_evaluation,17,1e-12,3015,1.4035564817208142,0.33031517292483514,0.9774213066931422
beta_0p1,1,beta_0p1_D_warmup_only,fit,17,1e-12,10428,2.126023657018758,0.3958774767562589,0.9999999999999988
beta_0p1,1,beta_0p1_D_warmup_only,source_validation,17,1e-12,3010,2.0998112481772893,0.3940552357193148,0.9873457505540115
beta_0p1,1,beta_0p1_D_warmup_only,development_evaluation,17,1e-12,3015,2.0870217613114526,0.3897008687998486,0.9774213066931422
beta_0p1,1,beta_0p1_C_persistent,fit,17,1e-12,10428,0.1706666739507029,0.11596241345585565,0.9999999999999988
beta_0p1,1,beta_0p1_C_persistent,source_validation,17,1e-12,3010,0.17083319143240355,0.11514740202761539,0.9873457505540115
beta_0p1,1,beta_0p1_C_persistent,development_evaluation,17,1e-12,3015,0.16683262962969153,0.11545224096912496,0.9774213066931422
beta_0p1,1,beta_0p1_D_persistent,fit,17,1e-12,10428,0.17481699517535798,0.12134051071842848,0.9999999999999988
beta_0p1,1,beta_0p1_D_persistent,source_validation,17,1e-12,3010,0.17460296249752139,0.12015009185689429,0.9873457505540115
beta_0p1,1,beta_0p1_D_persistent,development_evaluation,17,1e-12,3015,0.1707645591789974,0.12082726762293738,0.9774213066931422
beta_0p1,2,I,fit,17,1e-12,10551,1.726161944618244e-15,1.1690530608353506e-15,1.0000000000000004
beta_0p1,2,I,source_validation,17,1e-12,2979,1.7023598303849238e-15,1.153598584384886e-15,0.9849200195328053
beta_0p1,2,I,development_evaluation,17,1e-12,2979,1.7483490510602918e-15,1.192205936298004e-15,1.0155605102798333
beta_0p1,2,beta_0p1_W,fit,17,1e-12,10551,0.2346333566837919,0.10840776558150785,1.0000000000000004
beta_0p1,2,beta_0p1_W,source_validation,17,1e-12,2979,0.22904202012096223,0.10408615200159539,0.9849200195328053
beta_0p1,2,beta_0p1_W,development_evaluation,17,1e-12,2979,0.23140982016661632,0.10916571162961097,1.0155605102798333
beta_0p1,2,beta_0p1_C_warmup_only,fit,17,1e-12,10551,1.1280968238802047,0.3534809811665407,1.0000000000000004
beta_0p1,2,beta_0p1_C_warmup_only,source_validation,17,1e-12,2979,1.100903702148155,0.34422656486846154,0.9849200195328053
beta_0p1,2,beta_0p1_C_warmup_only,development_evaluation,17,1e-12,2979,1.1248603782359734,0.3617858650473829,1.0155605102798333
beta_0p1,2,beta_0p1_D_warmup_only,fit,17,1e-12,10551,1.7106864685288448,0.41835836770902457,1.0000000000000004
beta_0p1,2,beta_0p1_D_warmup_only,source_validation,17,1e-12,2979,1.67011128343962,0.4106483480979147,0.9849200195328053
beta_0p1,2,beta_0p1_D_warmup_only,development_evaluation,17,1e-12,2979,1.6938050140474479,0.42534356228662806,1.0155605102798333
beta_0p1,2,beta_0p1_C_persistent,fit,17,1e-12,10551,0.1660368917863822,0.11250592500879025,1.0000000000000004
beta_0p1,2,beta_0p1_C_persistent,source_validation,17,1e-12,2979,0.16262280588038253,0.10953278030785892,0.9849200195328053
beta_0p1,2,beta_0p1_C_persistent,development_evaluation,17,1e-12,2979,0.16500833477985638,0.1136505681430041,1.0155605102798333
beta_0p1,2,beta_0p1_D_persistent,fit,17,1e-12,10551,0.16762113054991762,0.11387476271439254,1.0000000000000004
beta_0p1,2,beta_0p1_D_persistent,source_validation,17,1e-12,2979,0.16408888794195617,0.11055743786710291,0.9849200195328053
beta_0p1,2,beta_0p1_D_persistent,development_evaluation,17,1e-12,2979,0.16666050880840075,0.114817214892737,1.0155605102798333
beta_1,0,beta_1_W,fit,17,1e-12,10513,0.01268643859731867,0.005873550916449947,0.9999999999999997
beta_1,0,beta_1_W,source_validation,17,1e-12,3004,0.013424603537717891,0.006404202015589928,0.9994813868876536
beta_1,0,beta_1_W,development_evaluation,17,1e-12,2982,0.012927784650751981,0.005853295328375462,1.008078499618399
beta_1,0,beta_1_C_warmup_only,fit,17,1e-12,10513,1.389017074466755,0.2635973444631351,0.9999999999999997
beta_1,0,beta_1_C_warmup_only,source_validation,17,1e-12,3004,1.3848119874184548,0.2650217918469486,0.9994813868876536
beta_1,0,beta_1_C_warmup_only,development_evaluation,17,1e-12,2982,1.4478458942059882,0.26970693612316987,1.008078499618399
beta_1,0,beta_1_D_warmup_only,fit,17,1e-12,10513,1.747623703921784,0.36058648412980504,0.9999999999999997
beta_1,0,beta_1_D_warmup_only,source_validation,17,1e-12,3004,1.737040082677325,0.3669967922704329,0.9994813868876536
beta_1,0,beta_1_D_warmup_only,development_evaluation,17,1e-12,2982,1.8323542746728259,0.3679180755879659,1.008078499618399
beta_1,0,beta_1_C_persistent,fit,17,1e-12,10513,0.010026485860144315,0.008434533475354646,0.9999999999999997
beta_1,0,beta_1_C_persistent,source_validation,17,1e-12,3004,0.010834056027854902,0.00919588273288903,0.9994813868876536
beta_1,0,beta_1_C_persistent,development_evaluation,17,1e-12,2982,0.01023885411226298,0.008652092632114331,1.008078499618399
beta_1,0,beta_1_D_persistent,fit,17,1e-12,10513,0.010155549739995261,0.008531948320538262,0.9999999999999997
beta_1,0,beta_1_D_persistent,source_validation,17,1e-12,3004,0.010973366751486075,0.009305895990514545,0.9994813868876536
beta_1,0,beta_1_D_persistent,development_evaluation,17,1e-12,2982,0.010385408979067302,0.008794995280766483,1.008078499618399
beta_1,1,beta_1_W,fit,17,1e-12,10428,0.013343602643890617,0.007035633591410558,0.9999999999999988
beta_1,1,beta_1_W,source_validation,17,1e-12,3010,0.01248555890080587,0.006384125098320455,0.9873457505540115
beta_1,1,beta_1_W,development_evaluation,17,1e-12,3015,0.012598467486869698,0.006562587919563281,0.9774213066931422
beta_1,1,beta_1_C_warmup_only,fit,17,1e-12,10428,1.655961642712348,0.258240154098463,0.9999999999999988
beta_1,1,beta_1_C_warmup_only,source_validation,17,1e-12,3010,1.612329485924294,0.25668945033669927,0.9873457505540115
beta_1,1,beta_1_C_warmup_only,development_evaluation,17,1e-12,3015,1.635655763238681,0.25770671893006175,0.9774213066931422
beta_1,1,beta_1_D_warmup_only,fit,17,1e-12,10428,2.6088128064028018,0.3708234757348136,0.9999999999999988
beta_1,1,beta_1_D_warmup_only,source_validation,17,1e-12,3010,2.536026529169919,0.37165334333277505,0.9873457505540115
beta_1,1,beta_1_D_warmup_only,development_evaluation,17,1e-12,3015,2.5930713867282726,0.3674664738589368,0.9774213066931422
beta_1,1,beta_1_C_persistent,fit,17,1e-12,10428,0.01084048632517239,0.008820797893998955,0.9999999999999988
beta_1,1,beta_1_C_persistent,source_validation,17,1e-12,3010,0.010503160456900569,0.008538400191043004,0.9873457505540115
beta_1,1,beta_1_C_persistent,development_evaluation,17,1e-12,3015,0.010474808280595306,0.008503830913524925,0.9774213066931422
beta_1,1,beta_1_D_persistent,fit,17,1e-12,10428,0.010988376209451797,0.008665160464621357,0.9999999999999988
beta_1,1,beta_1_D_persistent,source_validation,17,1e-12,3010,0.010612063520217969,0.008385321105128402,0.9873457505540115
beta_1,1,beta_1_D_persistent,development_evaluation,17,1e-12,3015,0.010664630912972439,0.008386076764152442,0.9774213066931422
beta_1,2,beta_1_W,fit,17,1e-12,10551,0.013818891207325526,0.006334303511559799,1.0000000000000004
beta_1,2,beta_1_W,source_validation,17,1e-12,2979,0.013672700851376398,0.006289139025735084,0.9849200195328053
beta_1,2,beta_1_W,development_evaluation,17,1e-12,2979,0.014036610452535634,0.0068593730106862654,1.0155605102798333
beta_1,2,beta_1_C_warmup_only,fit,17,1e-12,10551,1.401623903480282,0.26657902074885226,1.0000000000000004
beta_1,2,beta_1_C_warmup_only,source_validation,17,1e-12,2979,1.364226970198318,0.26182328947057504,0.9849200195328053
beta_1,2,beta_1_C_warmup_only,development_evaluation,17,1e-12,2979,1.4131368281323666,0.2728616157565278,1.0155605102798333
beta_1,2,beta_1_D_warmup_only,fit,17,1e-12,10551,2.071571668043602,0.3473638946030396,1.0000000000000004
beta_1,2,beta_1_D_warmup_only,source_validation,17,1e-12,2979,2.034867678129761,0.3394127843330918,0.9849200195328053
beta_1,2,beta_1_D_warmup_only,development_evaluation,17,1e-12,2979,2.089189601140491,0.35211579850786273,1.0155605102798333
beta_1,2,beta_1_C_persistent,fit,17,1e-12,10551,0.010741477005411167,0.00854477714733495,1.0000000000000004
beta_1,2,beta_1_C_persistent,source_validation,17,1e-12,2979,0.010504525858200147,0.008351006475612242,0.9849200195328053
beta_1,2,beta_1_C_persistent,development_evaluation,17,1e-12,2979,0.011455586233536603,0.009242458187447445,1.0155605102798333
beta_1,2,beta_1_D_persistent,fit,17,1e-12,10551,0.011120527274565363,0.008602808663868465,1.0000000000000004
beta_1,2,beta_1_D_persistent,source_validation,17,1e-12,2979,0.010859178738660267,0.008399929219749719,0.9849200195328053
beta_1,2,beta_1_D_persistent,development_evaluation,17,1e-12,2979,0.011785527573259279,0.009267102049918409,1.0155605102798333
