seed,condition,view,target,split,log_loss
0,I,A,income_binary,source_validation,0.7059229832674986
0,I,A,income_binary,source_validation_person_weighted,0.7082133317473857
0,I,A,income_binary,development_evaluation,0.7037502767888127
0,I,A,income_binary,development_evaluation_person_weighted,0.7096478059457216
0,I,A,civilian_at_work,source_validation,0.6681002028193874
0,I,A,civilian_at_work,source_validation_person_weighted,0.6671545359826755
0,I,A,civilian_at_work,development_evaluation,0.6677607748938575
0,I,A,civilian_at_work,development_evaluation_person_weighted,0.6631748683182137
0,I,B,public_coverage,source_validation,0.7365215128487627
0,I,B,public_coverage,source_validation_person_weighted,0.7373320595116798
0,I,B,public_coverage,development_evaluation,0.740202309910323
0,I,B,public_coverage,development_evaluation_person_weighted,0.7418404197677713
0,W,A,income_binary,source_validation,0.2925710152984197
0,W,A,income_binary,source_validation_person_weighted,0.28592321925993197
0,W,A,income_binary,development_evaluation,0.2912921022576814
0,W,A,income_binary,development_evaluation_person_weighted,0.29741561897413976
0,W,A,civilian_at_work,source_validation,0.2896477120263534
0,W,A,civilian_at_work,source_validation_person_weighted,0.28720219803348795
0,W,A,civilian_at_work,development_evaluation,0.2774197270400318
0,W,A,civilian_at_work,development_evaluation_person_weighted,0.25873636474448547
0,W,B,public_coverage,source_validation,0.4897975661426796
0,W,B,public_coverage,source_validation_person_weighted,0.5001111816345581
0,W,B,public_coverage,development_evaluation,0.5266838670441963
0,W,B,public_coverage,development_evaluation_person_weighted,0.5372249273648
0,F_I,A,income_binary,source_validation,0.2998914358246623
0,F_I,A,income_binary,source_validation_person_weighted,0.2932079354755563
0,F_I,A,income_binary,development_evaluation,0.30724596970993473
0,F_I,A,income_binary,development_evaluation_person_weighted,0.3125166081887579
0,F_I,A,civilian_at_work,source_validation,0.30795020360521036
0,F_I,A,civilian_at_work,source_validation_person_weighted,0.30585783803973177
0,F_I,A,civilian_at_work,development_evaluation,0.29639654679844113
0,F_I,A,civilian_at_work,development_evaluation_person_weighted,0.2778183765074456
0,F_I,B,public_coverage,source_validation,0.5261840793423413
0,F_I,B,public_coverage,source_validation_person_weighted,0.531917647551517
0,F_I,B,public_coverage,development_evaluation,0.5762549374949776
0,F_I,B,public_coverage,development_evaluation_person_weighted,0.5794109934993228
0,F_Iplus,A,income_binary,source_validation,0.30086123264784903
0,F_Iplus,A,income_binary,source_validation_person_weighted,0.2948278392450027
0,F_Iplus,A,income_binary,development_evaluation,0.3089102211353649
0,F_Iplus,A,income_binary,development_evaluation_person_weighted,0.3142406470749982
0,F_Iplus,A,civilian_at_work,source_validation,0.30888239763006803
0,F_Iplus,A,civilian_at_work,source_validation_person_weighted,0.30461311247458195
0,F_Iplus,A,civilian_at_work,development_evaluation,0.2987355828791793
0,F_Iplus,A,civilian_at_work,development_evaluation_person_weighted,0.28001708489954774
0,F_Iplus,B,public_coverage,source_validation,0.5248058174868007
0,F_Iplus,B,public_coverage,source_validation_person_weighted,0.5299993975477799
0,F_Iplus,B,public_coverage,development_evaluation,0.5778883714067286
0,F_Iplus,B,public_coverage,development_evaluation_person_weighted,0.5799885084541797
0,F_J,A,income_binary,source_validation,0.2991996795755723
0,F_J,A,income_binary,source_validation_person_weighted,0.2925743024027078
0,F_J,A,income_binary,development_evaluation,0.30801793694153556
0,F_J,A,income_binary,development_evaluation_person_weighted,0.3126616450293526
0,F_J,A,civilian_at_work,source_validation,0.3064107077350479
0,F_J,A,civilian_at_work,source_validation_person_weighted,0.30213677280414764
0,F_J,A,civilian_at_work,development_evaluation,0.29796902244900797
0,F_J,A,civilian_at_work,development_evaluation_person_weighted,0.2785512667942364
0,F_J,B,public_coverage,source_validation,0.5253978059735513
0,F_J,B,public_coverage,source_validation_person_weighted,0.5297864514730152
0,F_J,B,public_coverage,development_evaluation,0.5775137419227228
0,F_J,B,public_coverage,development_evaluation_person_weighted,0.5801717963894985
0,P_I,A,income_binary,source_validation,0.29832704431628454
0,P_I,A,income_binary,source_validation_person_weighted,0.2910161212889397
0,P_I,A,income_binary,development_evaluation,0.30843232795351394
0,P_I,A,income_binary,development_evaluation_person_weighted,0.31421221540700817
0,P_I,A,civilian_at_work,source_validation,0.31066246998329294
0,P_I,A,civilian_at_work,source_validation_person_weighted,0.30967347571475273
0,P_I,A,civilian_at_work,development_evaluation,0.2979016535413197
0,P_I,A,civilian_at_work,development_evaluation_person_weighted,0.2798005822661824
0,P_I,B,public_coverage,source_validation,0.5253180520799048
0,P_I,B,public_coverage,source_validation_person_weighted,0.5308120040087884
0,P_I,B,public_coverage,development_evaluation,0.5765400553342208
0,P_I,B,public_coverage,development_evaluation_person_weighted,0.5790355867752234
0,P_Iplus,A,income_binary,source_validation,0.29861932199279184
0,P_Iplus,A,income_binary,source_validation_person_weighted,0.2919749475165775
0,P_Iplus,A,income_binary,development_evaluation,0.30939238366719246
0,P_Iplus,A,income_binary,development_evaluation_person_weighted,0.3152086000777
0,P_Iplus,A,civilian_at_work,source_validation,0.3104717765712278
0,P_Iplus,A,civilian_at_work,source_validation_person_weighted,0.30885024063104277
0,P_Iplus,A,civilian_at_work,development_evaluation,0.2984129565166627
0,P_Iplus,A,civilian_at_work,development_evaluation_person_weighted,0.28039035655506156
0,P_Iplus,B,public_coverage,source_validation,0.5261725853134388
0,P_Iplus,B,public_coverage,source_validation_person_weighted,0.532675082388484
0,P_Iplus,B,public_coverage,development_evaluation,0.5770591608670514
0,P_Iplus,B,public_coverage,development_evaluation_person_weighted,0.5799491800045761
0,P_J,A,income_binary,source_validation,0.29887926319300817
0,P_J,A,income_binary,source_validation_person_weighted,0.29132870948769163
0,P_J,A,income_binary,development_evaluation,0.3093717090043553
0,P_J,A,income_binary,development_evaluation_person_weighted,0.3151589338679313
0,P_J,A,civilian_at_work,source_validation,0.31055485294075363
0,P_J,A,civilian_at_work,source_validation_person_weighted,0.30922788161871606
0,P_J,A,civilian_at_work,development_evaluation,0.29777083833406653
0,P_J,A,civilian_at_work,development_evaluation_person_weighted,0.27953982404673644
0,P_J,B,public_coverage,source_validation,0.5258271298511162
0,P_J,B,public_coverage,source_validation_person_weighted,0.5309254990809067
0,P_J,B,public_coverage,development_evaluation,0.5768996744200985
0,P_J,B,public_coverage,development_evaluation_person_weighted,0.5803532512044104
1,I,A,income_binary,source_validation,0.7280214099449868
1,I,A,income_binary,source_validation_person_weighted,0.7402945317842645
1,I,A,income_binary,development_evaluation,0.723455903521141
1,I,A,income_binary,development_evaluation_person_weighted,0.738336574558387
1,I,A,civilian_at_work,source_validation,0.6855752506666766
1,I,A,civilian_at_work,source_validation_person_weighted,0.6834061868037645
1,I,A,civilian_at_work,development_evaluation,0.676691206512808
1,I,A,civilian_at_work,development_evaluation_person_weighted,0.6771994833748042
1,I,B,public_coverage,source_validation,0.7343810802850755
1,I,B,public_coverage,source_validation_person_weighted,0.7411617995038005
1,I,B,public_coverage,development_evaluation,0.7328943908246854
1,I,B,public_coverage,development_evaluation_person_weighted,0.7334146281846451
1,W,A,income_binary,source_validation,0.2876068478732386
1,W,A,income_binary,source_validation_person_weighted,0.2896588876535899
1,W,A,income_binary,development_evaluation,0.27389396809652977
1,W,A,income_binary,development_evaluation_person_weighted,0.28222111404400496
1,W,A,civilian_at_work,source_validation,0.32054386848737926
1,W,A,civilian_at_work,source_validation_person_weighted,0.31772127881522355
1,W,A,civilian_at_work,development_evaluation,0.2810298788738469
1,W,A,civilian_at_work,development_evaluation_person_weighted,0.2749275020757516
1,W,B,public_coverage,source_validation,0.4930073520826188
1,W,B,public_coverage,source_validation_person_weighted,0.49861982343337885
1,W,B,public_coverage,development_evaluation,0.5125593401246095
1,W,B,public_coverage,development_evaluation_person_weighted,0.5163532248230577
1,F_I,A,income_binary,source_validation,0.3010484047931322
1,F_I,A,income_binary,source_validation_person_weighted,0.3013479809405087
1,F_I,A,income_binary,development_evaluation,0.28212201316730845
1,F_I,A,income_binary,development_evaluation_person_weighted,0.29228469599406864
1,F_I,A,civilian_at_work,source_validation,0.34734678206758746
1,F_I,A,civilian_at_work,source_validation_person_weighted,0.3488461988127493
1,F_I,A,civilian_at_work,development_evaluation,0.3097824040862781
1,F_I,A,civilian_at_work,development_evaluation_person_weighted,0.30700621118460847
1,F_I,B,public_coverage,source_validation,0.5366329945518526
1,F_I,B,public_coverage,source_validation_person_weighted,0.5291288075856311
1,F_I,B,public_coverage,development_evaluation,0.5649236293773072
1,F_I,B,public_coverage,development_evaluation_person_weighted,0.5696343509563708
1,F_Iplus,A,income_binary,source_validation,0.30057837185414493
1,F_Iplus,A,income_binary,source_validation_person_weighted,0.301287715737335
1,F_Iplus,A,income_binary,development_evaluation,0.28230470082437914
1,F_Iplus,A,income_binary,development_evaluation_person_weighted,0.2929889851698
1,F_Iplus,A,civilian_at_work,source_validation,0.34626353728699377
1,F_Iplus,A,civilian_at_work,source_validation_person_weighted,0.3488346282849606
1,F_Iplus,A,civilian_at_work,development_evaluation,0.31252871174859403
1,F_Iplus,A,civilian_at_work,development_evaluation_person_weighted,0.31167961802223393
1,F_Iplus,B,public_coverage,source_validation,0.5391685695222282
1,F_Iplus,B,public_coverage,source_validation_person_weighted,0.5342666444849207
1,F_Iplus,B,public_coverage,development_evaluation,0.5620608610285414
1,F_Iplus,B,public_coverage,development_evaluation_person_weighted,0.5660328661900209
1,F_J,A,income_binary,source_validation,0.30038265777629675
1,F_J,A,income_binary,source_validation_person_weighted,0.30116215695656756
1,F_J,A,income_binary,development_evaluation,0.28128522693095814
1,F_J,A,income_binary,development_evaluation_person_weighted,0.29052899193518233
1,F_J,A,civilian_at_work,source_validation,0.3498059105701202
1,F_J,A,civilian_at_work,source_validation_person_weighted,0.3532297200073268
1,F_J,A,civilian_at_work,development_evaluation,0.3131303639442147
1,F_J,A,civilian_at_work,development_evaluation_person_weighted,0.3115881993092019
1,F_J,B,public_coverage,source_validation,0.5366615040377706
1,F_J,B,public_coverage,source_validation_person_weighted,0.5286526148128308
1,F_J,B,public_coverage,development_evaluation,0.5638283728964602
1,F_J,B,public_coverage,development_evaluation_person_weighted,0.5675571475241871
1,P_I,A,income_binary,source_validation,0.30106752357666444
1,P_I,A,income_binary,source_validation_person_weighted,0.30156600740317585
1,P_I,A,income_binary,development_evaluation,0.28231846616131295
1,P_I,A,income_binary,development_evaluation_person_weighted,0.2928516190512872
1,P_I,A,civilian_at_work,source_validation,0.34706154340572104
1,P_I,A,civilian_at_work,source_validation_person_weighted,0.3473442085414354
1,P_I,A,civilian_at_work,development_evaluation,0.309103392580837
1,P_I,A,civilian_at_work,development_evaluation_person_weighted,0.3059309781544573
1,P_I,B,public_coverage,source_validation,0.5383775842978843
1,P_I,B,public_coverage,source_validation_person_weighted,0.5323721683763791
1,P_I,B,public_coverage,development_evaluation,0.5593172348453933
1,P_I,B,public_coverage,development_evaluation_person_weighted,0.5647807190275851
1,P_Iplus,A,income_binary,source_validation,0.30211120578276157
1,P_Iplus,A,income_binary,source_validation_person_weighted,0.3040570543024844
1,P_Iplus,A,income_binary,development_evaluation,0.2833315342577682
1,P_Iplus,A,income_binary,development_evaluation_person_weighted,0.2940062396111879
1,P_Iplus,A,civilian_at_work,source_validation,0.34702891080692005
1,P_Iplus,A,civilian_at_work,source_validation_person_weighted,0.3480370407454507
1,P_Iplus,A,civilian_at_work,development_evaluation,0.3094959568166084
1,P_Iplus,A,civilian_at_work,development_evaluation_person_weighted,0.30677832518434917
1,P_Iplus,B,public_coverage,source_validation,0.541780820208195
1,P_Iplus,B,public_coverage,source_validation_person_weighted,0.5362089019878813
1,P_Iplus,B,public_coverage,development_evaluation,0.5623059121830343
1,P_Iplus,B,public_coverage,development_evaluation_person_weighted,0.5676119858253589
1,P_J,A,income_binary,source_validation,0.3024108565472427
1,P_J,A,income_binary,source_validation_person_weighted,0.30348246695232184
1,P_J,A,income_binary,development_evaluation,0.2826715037974704
1,P_J,A,income_binary,development_evaluation_person_weighted,0.29296005207564035
1,P_J,A,civilian_at_work,source_validation,0.34752351127547887
1,P_J,A,civilian_at_work,source_validation_person_weighted,0.34753806787848546
1,P_J,A,civilian_at_work,development_evaluation,0.3102912735697866
1,P_J,A,civilian_at_work,development_evaluation_person_weighted,0.3071427680480682
1,P_J,B,public_coverage,source_validation,0.5411922653346548
1,P_J,B,public_coverage,source_validation_person_weighted,0.5350363507269583
1,P_J,B,public_coverage,development_evaluation,0.5616557563958073
1,P_J,B,public_coverage,development_evaluation_person_weighted,0.5676387316693048
2,I,A,income_binary,source_validation,0.7137217201541841
2,I,A,income_binary,source_validation_person_weighted,0.7206108642638246
2,I,A,income_binary,development_evaluation,0.713428795668224
2,I,A,income_binary,development_evaluation_person_weighted,0.7191736953408399
2,I,A,civilian_at_work,source_validation,0.7125829976257497
2,I,A,civilian_at_work,source_validation_person_weighted,0.7236369139750861
2,I,A,civilian_at_work,development_evaluation,0.7091800891643061
2,I,A,civilian_at_work,development_evaluation_person_weighted,0.7151538961441023
2,I,B,public_coverage,source_validation,0.7130672025486294
2,I,B,public_coverage,source_validation_person_weighted,0.7081745034934235
2,I,B,public_coverage,development_evaluation,0.7126347295965496
2,I,B,public_coverage,development_evaluation_person_weighted,0.7094332904725033
2,W,A,income_binary,source_validation,0.3065906105774806
2,W,A,income_binary,source_validation_person_weighted,0.29718384293326816
2,W,A,income_binary,development_evaluation,0.29290530860925756
2,W,A,income_binary,development_evaluation_person_weighted,0.31073148041257076
2,W,A,civilian_at_work,source_validation,0.28460908775615273
2,W,A,civilian_at_work,source_validation_person_weighted,0.29088439700206453
2,W,A,civilian_at_work,development_evaluation,0.28542012545750606
2,W,A,civilian_at_work,development_evaluation_person_weighted,0.2802027619229571
2,W,B,public_coverage,source_validation,0.5003301562672622
2,W,B,public_coverage,source_validation_person_weighted,0.5229008711643659
2,W,B,public_coverage,development_evaluation,0.4970306810598285
2,W,B,public_coverage,development_evaluation_person_weighted,0.5097896872471877
2,F_I,A,income_binary,source_validation,0.31247809643334334
2,F_I,A,income_binary,source_validation_person_weighted,0.30198746135627985
2,F_I,A,income_binary,development_evaluation,0.30343311032189335
2,F_I,A,income_binary,development_evaluation_person_weighted,0.3219889248359123
2,F_I,A,civilian_at_work,source_validation,0.3035872162429848
2,F_I,A,civilian_at_work,source_validation_person_weighted,0.31060537273610256
2,F_I,A,civilian_at_work,development_evaluation,0.3041882256578856
2,F_I,A,civilian_at_work,development_evaluation_person_weighted,0.29571335401271487
2,F_I,B,public_coverage,source_validation,0.5407729098185837
2,F_I,B,public_coverage,source_validation_person_weighted,0.5636885694193292
2,F_I,B,public_coverage,development_evaluation,0.5410297266041348
2,F_I,B,public_coverage,development_evaluation_person_weighted,0.5549714034447615
2,F_Iplus,A,income_binary,source_validation,0.3111691621477603
2,F_Iplus,A,income_binary,source_validation_person_weighted,0.3010962003341189
2,F_Iplus,A,income_binary,development_evaluation,0.30357247941744786
2,F_Iplus,A,income_binary,development_evaluation_person_weighted,0.3230904356627301
2,F_Iplus,A,civilian_at_work,source_validation,0.30444395298848836
2,F_Iplus,A,civilian_at_work,source_validation_person_weighted,0.3112060057794714
2,F_Iplus,A,civilian_at_work,development_evaluation,0.3038676454052798
2,F_Iplus,A,civilian_at_work,development_evaluation_person_weighted,0.2948624844576629
2,F_Iplus,B,public_coverage,source_validation,0.5431968748913483
2,F_Iplus,B,public_coverage,source_validation_person_weighted,0.5679622337727016
2,F_Iplus,B,public_coverage,development_evaluation,0.5421196006497753
2,F_Iplus,B,public_coverage,development_evaluation_person_weighted,0.5573466552074852
2,F_J,A,income_binary,source_validation,0.31251760843070764
2,F_J,A,income_binary,source_validation_person_weighted,0.3037058094899537
2,F_J,A,income_binary,development_evaluation,0.3047709950830474
2,F_J,A,income_binary,development_evaluation_person_weighted,0.32351777170829465
2,F_J,A,civilian_at_work,source_validation,0.3059024268215101
2,F_J,A,civilian_at_work,source_validation_person_weighted,0.31265038220550423
2,F_J,A,civilian_at_work,development_evaluation,0.3050674398738223
2,F_J,A,civilian_at_work,development_evaluation_person_weighted,0.29625673125586927
2,F_J,B,public_coverage,source_validation,0.5438327568577527
2,F_J,B,public_coverage,source_validation_person_weighted,0.5683330864814425
2,F_J,B,public_coverage,development_evaluation,0.5443202343981312
2,F_J,B,public_coverage,development_evaluation_person_weighted,0.5596155426551459
2,P_I,A,income_binary,source_validation,0.31354660525963407
2,P_I,A,income_binary,source_validation_person_weighted,0.3031674306544162
2,P_I,A,income_binary,development_evaluation,0.30486783527104466
2,P_I,A,income_binary,development_evaluation_person_weighted,0.3230673953711338
2,P_I,A,civilian_at_work,source_validation,0.3038303240027295
2,P_I,A,civilian_at_work,source_validation_person_weighted,0.31168555606314235
2,P_I,A,civilian_at_work,development_evaluation,0.30502286358040065
2,P_I,A,civilian_at_work,development_evaluation_person_weighted,0.2958966900084275
2,P_I,B,public_coverage,source_validation,0.5418019209364978
2,P_I,B,public_coverage,source_validation_person_weighted,0.5641274548113723
2,P_I,B,public_coverage,development_evaluation,0.5417474332267591
2,P_I,B,public_coverage,development_evaluation_person_weighted,0.55935393090615
2,P_Iplus,A,income_binary,source_validation,0.31385627100630553
2,P_Iplus,A,income_binary,source_validation_person_weighted,0.30342962748464214
2,P_Iplus,A,income_binary,development_evaluation,0.3051954896027455
2,P_Iplus,A,income_binary,development_evaluation_person_weighted,0.3232581165635339
2,P_Iplus,A,civilian_at_work,source_validation,0.30374663649332556
2,P_Iplus,A,civilian_at_work,source_validation_person_weighted,0.3112099064181629
2,P_Iplus,A,civilian_at_work,development_evaluation,0.30491828596636916
2,P_Iplus,A,civilian_at_work,development_evaluation_person_weighted,0.29656744361994314
2,P_Iplus,B,public_coverage,source_validation,0.5433418577607497
2,P_Iplus,B,public_coverage,source_validation_person_weighted,0.5668490329642937
2,P_Iplus,B,public_coverage,development_evaluation,0.5428823227816645
2,P_Iplus,B,public_coverage,development_evaluation_person_weighted,0.5595406546301062
2,P_J,A,income_binary,source_validation,0.31394404450487423
2,P_J,A,income_binary,source_validation_person_weighted,0.30307507695101654
2,P_J,A,income_binary,development_evaluation,0.3053088245997258
2,P_J,A,income_binary,development_evaluation_person_weighted,0.32417940841802106
2,P_J,A,civilian_at_work,source_validation,0.30481734321683224
2,P_J,A,civilian_at_work,source_validation_person_weighted,0.3121995149307373
2,P_J,A,civilian_at_work,development_evaluation,0.305766169709733
2,P_J,A,civilian_at_work,development_evaluation_person_weighted,0.2967282284875723
2,P_J,B,public_coverage,source_validation,0.5437303549199076
2,P_J,B,public_coverage,source_validation_person_weighted,0.5667513091897287
2,P_J,B,public_coverage,development_evaluation,0.5423028651400665
2,P_J,B,public_coverage,development_evaluation_person_weighted,0.5598902555670399
