seed,condition,interface,family,beta,reused,training_record,training_record_sha256,loaded_base_epochs,loaded_observer_warmup_epochs,new_source_epochs,new_observer_passes,final_inherited_source_exposure_per_row,final_observer_exposure_per_row,forward_parameters,counts,source_valid_label_exposures,observer_valid_label_exposures,selected_epoch,new_warmup_epochs,new_continuation_optimizer_steps,new_observer_optimizer_steps
0,F_I,F,I,0.0,True,results/redesign_20260908_acs_coalition_v1/seed_0/training/training.json,fb0428eae01495fddb2084f3158a3206cc66418a9980ad4695c11395d52ac6f1,60,20,0,0,140,260,6355,"{""mapper_optimizer_steps"":5880,""adversary_optimizer_steps"":10920}","{""income_binary"":1471820,""civilian_at_work"":1471820,""public_coverage"":1471820}","{""A__public_coverage"":2733380,""A__SEX"":2733380,""A__RAC1P"":2733380,""B__income_binary"":2733380,""B__civilian_at_work"":2733380,""B__SEX"":2733380,""B__RAC1P"":2733380,""AB__SEX"":2733380,""AB__RAC1P"":2733380}",80,0,0,0
0,F_Iplus_b0p025,F,Iplus,0.025,False,results/redesign_20260909_acs_coalition_strength_v1/seed_0/training/F_Iplus_b0p025/training.json,578397f4700de11792e0da88b442d65000ddb9dfa344c7ea83c27ba35f72428c,60,20,80,240,140,260,6355,"{""mapper_optimizer_steps"":5880,""adversary_optimizer_steps"":10920}","{""income_binary"":1471820,""civilian_at_work"":1471820,""public_coverage"":1471820}","{""A__public_coverage"":2733380,""A__SEX"":2733380,""A__RAC1P"":2733380,""B__income_binary"":2733380,""B__civilian_at_work"":2733380,""B__SEX"":2733380,""B__RAC1P"":2733380,""AB__SEX"":2733380,""AB__RAC1P"":2733380}",80,0,3360,10080
0,F_J_b0p025,F,J,0.025,False,results/redesign_20260909_acs_coalition_strength_v1/seed_0/training/F_J_b0p025/training.json,13ab2cc4b7fe665739d09ffed22c0625b5c530d7bf3268b8190a4dab1dcfb3c3,60,20,80,240,140,260,6355,"{""mapper_optimizer_steps"":5880,""adversary_optimizer_steps"":10920}","{""income_binary"":1471820,""civilian_at_work"":1471820,""public_coverage"":1471820}","{""A__public_coverage"":2733380,""A__SEX"":2733380,""A__RAC1P"":2733380,""B__income_binary"":2733380,""B__civilian_at_work"":2733380,""B__SEX"":2733380,""B__RAC1P"":2733380,""AB__SEX"":2733380,""AB__RAC1P"":2733380}",80,0,3360,10080
0,F_Iplus_b0p05,F,Iplus,0.05,False,results/redesign_20260909_acs_coalition_strength_v1/seed_0/training/F_Iplus_b0p05/training.json,0e20321762475fb9e7b07a4ac21445fbb1ae880e931e53de250a7b349211b16b,60,20,80,240,140,260,6355,"{""mapper_optimizer_steps"":5880,""adversary_optimizer_steps"":10920}","{""income_binary"":1471820,""civilian_at_work"":1471820,""public_coverage"":1471820}","{""A__public_coverage"":2733380,""A__SEX"":2733380,""A__RAC1P"":2733380,""B__income_binary"":2733380,""B__civilian_at_work"":2733380,""B__SEX"":2733380,""B__RAC1P"":2733380,""AB__SEX"":2733380,""AB__RAC1P"":2733380}",80,0,3360,10080
0,F_J_b0p05,F,J,0.05,False,results/redesign_20260909_acs_coalition_strength_v1/seed_0/training/F_J_b0p05/training.json,cb01d6218c41bba6e255db135650050a1dc3c44af474c476f7bc163a309cd114,60,20,80,240,140,260,6355,"{""mapper_optimizer_steps"":5880,""adversary_optimizer_steps"":10920}","{""income_binary"":1471820,""civilian_at_work"":1471820,""public_coverage"":1471820}","{""A__public_coverage"":2733380,""A__SEX"":2733380,""A__RAC1P"":2733380,""B__income_binary"":2733380,""B__civilian_at_work"":2733380,""B__SEX"":2733380,""B__RAC1P"":2733380,""AB__SEX"":2733380,""AB__RAC1P"":2733380}",80,0,3360,10080
0,F_Iplus_b0p1,F,Iplus,0.1,True,results/redesign_20260908_acs_coalition_v1/seed_0/training/training.json,fb0428eae01495fddb2084f3158a3206cc66418a9980ad4695c11395d52ac6f1,60,20,0,0,140,260,6355,"{""mapper_optimizer_steps"":5880,""adversary_optimizer_steps"":10920}","{""income_binary"":1471820,""civilian_at_work"":1471820,""public_coverage"":1471820}","{""A__public_coverage"":2733380,""A__SEX"":2733380,""A__RAC1P"":2733380,""B__income_binary"":2733380,""B__civilian_at_work"":2733380,""B__SEX"":2733380,""B__RAC1P"":2733380,""AB__SEX"":2733380,""AB__RAC1P"":2733380}",80,0,0,0
0,F_J_b0p1,F,J,0.1,True,results/redesign_20260908_acs_coalition_v1/seed_0/training/training.json,fb0428eae01495fddb2084f3158a3206cc66418a9980ad4695c11395d52ac6f1,60,20,0,0,140,260,6355,"{""mapper_optimizer_steps"":5880,""adversary_optimizer_steps"":10920}","{""income_binary"":1471820,""civilian_at_work"":1471820,""public_coverage"":1471820}","{""A__public_coverage"":2733380,""A__SEX"":2733380,""A__RAC1P"":2733380,""B__income_binary"":2733380,""B__civilian_at_work"":2733380,""B__SEX"":2733380,""B__RAC1P"":2733380,""AB__SEX"":2733380,""AB__RAC1P"":2733380}",80,0,0,0
0,F_Iplus_b0p2,F,Iplus,0.2,False,results/redesign_20260909_acs_coalition_strength_v1/seed_0/training/F_Iplus_b0p2/training.json,7d80894f97cefe4e5241c2c08af5c255a5f566a1a220874b39b40561eea1514e,60,20,80,240,140,260,6355,"{""mapper_optimizer_steps"":5880,""adversary_optimizer_steps"":10920}","{""income_binary"":1471820,""civilian_at_work"":1471820,""public_coverage"":1471820}","{""A__public_coverage"":2733380,""A__SEX"":2733380,""A__RAC1P"":2733380,""B__income_binary"":2733380,""B__civilian_at_work"":2733380,""B__SEX"":2733380,""B__RAC1P"":2733380,""AB__SEX"":2733380,""AB__RAC1P"":2733380}",80,0,3360,10080
0,F_J_b0p2,F,J,0.2,False,results/redesign_20260909_acs_coalition_strength_v1/seed_0/training/F_J_b0p2/training.json,71b32bdea0b4759bf33c61f7cb8521edf737c6bc656af140defd1e1758b3221e,60,20,80,240,140,260,6355,"{""mapper_optimizer_steps"":5880,""adversary_optimizer_steps"":10920}","{""income_binary"":1471820,""civilian_at_work"":1471820,""public_coverage"":1471820}","{""A__public_coverage"":2733380,""A__SEX"":2733380,""A__RAC1P"":2733380,""B__income_binary"":2733380,""B__civilian_at_work"":2733380,""B__SEX"":2733380,""B__RAC1P"":2733380,""AB__SEX"":2733380,""AB__RAC1P"":2733380}",80,0,3360,10080
0,P_I,P,I,0.0,True,results/redesign_20260908_acs_coalition_v1/seed_0/training/training.json,fb0428eae01495fddb2084f3158a3206cc66418a9980ad4695c11395d52ac6f1,60,20,0,0,140,260,6355,"{""mapper_optimizer_steps"":5880,""adversary_optimizer_steps"":10920}","{""income_binary"":1471820,""civilian_at_work"":1471820,""public_coverage"":1471820}","{""A__public_coverage"":2733380,""A__SEX"":2733380,""A__RAC1P"":2733380,""B__income_binary"":2733380,""B__civilian_at_work"":2733380,""B__SEX"":2733380,""B__RAC1P"":2733380,""AB__SEX"":2733380,""AB__RAC1P"":2733380}",80,0,0,0
0,P_Iplus_b0p025,P,Iplus,0.025,False,results/redesign_20260909_acs_coalition_strength_v1/seed_0/training/P_Iplus_b0p025/training.json,3fff6fdbf880f0235b42089a8cffd807cc5d3ae7106cab4959c76e06c3336aaf,60,20,80,240,140,260,6355,"{""mapper_optimizer_steps"":5880,""adversary_optimizer_steps"":10920}","{""income_binary"":1471820,""civilian_at_work"":1471820,""public_coverage"":1471820}","{""A__public_coverage"":2733380,""A__SEX"":2733380,""A__RAC1P"":2733380,""B__income_binary"":2733380,""B__civilian_at_work"":2733380,""B__SEX"":2733380,""B__RAC1P"":2733380,""AB__SEX"":2733380,""AB__RAC1P"":2733380}",80,0,3360,10080
0,P_J_b0p025,P,J,0.025,False,results/redesign_20260909_acs_coalition_strength_v1/seed_0/training/P_J_b0p025/training.json,e04de890953a0e776b122188703c321775f833764db4869c23c5b44075485530,60,20,80,240,140,260,6355,"{""mapper_optimizer_steps"":5880,""adversary_optimizer_steps"":10920}","{""income_binary"":1471820,""civilian_at_work"":1471820,""public_coverage"":1471820}","{""A__public_coverage"":2733380,""A__SEX"":2733380,""A__RAC1P"":2733380,""B__income_binary"":2733380,""B__civilian_at_work"":2733380,""B__SEX"":2733380,""B__RAC1P"":2733380,""AB__SEX"":2733380,""AB__RAC1P"":2733380}",80,0,3360,10080
0,P_Iplus_b0p05,P,Iplus,0.05,False,results/redesign_20260909_acs_coalition_strength_v1/seed_0/training/P_Iplus_b0p05/training.json,6f44bb37a1d516e89025f328d32d4b049986a08326de66a5af8dc011c406e1e5,60,20,80,240,140,260,6355,"{""mapper_optimizer_steps"":5880,""adversary_optimizer_steps"":10920}","{""income_binary"":1471820,""civilian_at_work"":1471820,""public_coverage"":1471820}","{""A__public_coverage"":2733380,""A__SEX"":2733380,""A__RAC1P"":2733380,""B__income_binary"":2733380,""B__civilian_at_work"":2733380,""B__SEX"":2733380,""B__RAC1P"":2733380,""AB__SEX"":2733380,""AB__RAC1P"":2733380}",80,0,3360,10080
0,P_J_b0p05,P,J,0.05,False,results/redesign_20260909_acs_coalition_strength_v1/seed_0/training/P_J_b0p05/training.json,5180575a4ab120d40a3c5c35b300b0f544e55f4def5f892fabe829e53774b0b9,60,20,80,240,140,260,6355,"{""mapper_optimizer_steps"":5880,""adversary_optimizer_steps"":10920}","{""income_binary"":1471820,""civilian_at_work"":1471820,""public_coverage"":1471820}","{""A__public_coverage"":2733380,""A__SEX"":2733380,""A__RAC1P"":2733380,""B__income_binary"":2733380,""B__civilian_at_work"":2733380,""B__SEX"":2733380,""B__RAC1P"":2733380,""AB__SEX"":2733380,""AB__RAC1P"":2733380}",80,0,3360,10080
0,P_Iplus_b0p1,P,Iplus,0.1,True,results/redesign_20260908_acs_coalition_v1/seed_0/training/training.json,fb0428eae01495fddb2084f3158a3206cc66418a9980ad4695c11395d52ac6f1,60,20,0,0,140,260,6355,"{""mapper_optimizer_steps"":5880,""adversary_optimizer_steps"":10920}","{""income_binary"":1471820,""civilian_at_work"":1471820,""public_coverage"":1471820}","{""A__public_coverage"":2733380,""A__SEX"":2733380,""A__RAC1P"":2733380,""B__income_binary"":2733380,""B__civilian_at_work"":2733380,""B__SEX"":2733380,""B__RAC1P"":2733380,""AB__SEX"":2733380,""AB__RAC1P"":2733380}",80,0,0,0
0,P_J_b0p1,P,J,0.1,True,results/redesign_20260908_acs_coalition_v1/seed_0/training/training.json,fb0428eae01495fddb2084f3158a3206cc66418a9980ad4695c11395d52ac6f1,60,20,0,0,140,260,6355,"{""mapper_optimizer_steps"":5880,""adversary_optimizer_steps"":10920}","{""income_binary"":1471820,""civilian_at_work"":1471820,""public_coverage"":1471820}","{""A__public_coverage"":2733380,""A__SEX"":2733380,""A__RAC1P"":2733380,""B__income_binary"":2733380,""B__civilian_at_work"":2733380,""B__SEX"":2733380,""B__RAC1P"":2733380,""AB__SEX"":2733380,""AB__RAC1P"":2733380}",80,0,0,0
0,P_Iplus_b0p2,P,Iplus,0.2,False,results/redesign_20260909_acs_coalition_strength_v1/seed_0/training/P_Iplus_b0p2/training.json,7596454e080890bf154184e71843e15f3df5072a463e3e1990dc072690690928,60,20,80,240,140,260,6355,"{""mapper_optimizer_steps"":5880,""adversary_optimizer_steps"":10920}","{""income_binary"":1471820,""civilian_at_work"":1471820,""public_coverage"":1471820}","{""A__public_coverage"":2733380,""A__SEX"":2733380,""A__RAC1P"":2733380,""B__income_binary"":2733380,""B__civilian_at_work"":2733380,""B__SEX"":2733380,""B__RAC1P"":2733380,""AB__SEX"":2733380,""AB__RAC1P"":2733380}",80,0,3360,10080
0,P_J_b0p2,P,J,0.2,False,results/redesign_20260909_acs_coalition_strength_v1/seed_0/training/P_J_b0p2/training.json,4ab31d9842f31f1976a38245602532358ff596b8718b1980de2c20c57c0f1936,60,20,80,240,140,260,6355,"{""mapper_optimizer_steps"":5880,""adversary_optimizer_steps"":10920}","{""income_binary"":1471820,""civilian_at_work"":1471820,""public_coverage"":1471820}","{""A__public_coverage"":2733380,""A__SEX"":2733380,""A__RAC1P"":2733380,""B__income_binary"":2733380,""B__civilian_at_work"":2733380,""B__SEX"":2733380,""B__RAC1P"":2733380,""AB__SEX"":2733380,""AB__RAC1P"":2733380}",80,0,3360,10080
1,F_I,F,I,0.0,True,results/redesign_20260908_acs_coalition_v1/seed_1/training/training.json,4377ed8170fbbb6d2a40948750a6d56a24bd750896c74a72a7723e98311a15bf,60,20,0,0,140,260,6355,"{""mapper_optimizer_steps"":5740,""adversary_optimizer_steps"":10660}","{""income_binary"":1459920,""civilian_at_work"":1459920,""public_coverage"":1459920}","{""A__public_coverage"":2711280,""A__SEX"":2711280,""A__RAC1P"":2711280,""B__income_binary"":2711280,""B__civilian_at_work"":2711280,""B__SEX"":2711280,""B__RAC1P"":2711280,""AB__SEX"":2711280,""AB__RAC1P"":2711280}",80,0,0,0
1,F_Iplus_b0p025,F,Iplus,0.025,False,results/redesign_20260909_acs_coalition_strength_v1/seed_1/training/F_Iplus_b0p025/training.json,69259ec7432c7fb49af62c01df92946ac40ee03d43e9ca7b386812007fdaf48d,60,20,80,240,140,260,6355,"{""mapper_optimizer_steps"":5740,""adversary_optimizer_steps"":10660}","{""income_binary"":1459920,""civilian_at_work"":1459920,""public_coverage"":1459920}","{""A__public_coverage"":2711280,""A__SEX"":2711280,""A__RAC1P"":2711280,""B__income_binary"":2711280,""B__civilian_at_work"":2711280,""B__SEX"":2711280,""B__RAC1P"":2711280,""AB__SEX"":2711280,""AB__RAC1P"":2711280}",80,0,3280,9840
1,F_J_b0p025,F,J,0.025,False,results/redesign_20260909_acs_coalition_strength_v1/seed_1/training/F_J_b0p025/training.json,d1b924600c752faaa66010397d804ab5acd6e954c9ed2231d9a95e330ad4570c,60,20,80,240,140,260,6355,"{""mapper_optimizer_steps"":5740,""adversary_optimizer_steps"":10660}","{""income_binary"":1459920,""civilian_at_work"":1459920,""public_coverage"":1459920}","{""A__public_coverage"":2711280,""A__SEX"":2711280,""A__RAC1P"":2711280,""B__income_binary"":2711280,""B__civilian_at_work"":2711280,""B__SEX"":2711280,""B__RAC1P"":2711280,""AB__SEX"":2711280,""AB__RAC1P"":2711280}",80,0,3280,9840
1,F_Iplus_b0p05,F,Iplus,0.05,False,results/redesign_20260909_acs_coalition_strength_v1/seed_1/training/F_Iplus_b0p05/training.json,9c9d651827955a201d626704d54b6f795f83eb90568821b9484b267a9dae7730,60,20,80,240,140,260,6355,"{""mapper_optimizer_steps"":5740,""adversary_optimizer_steps"":10660}","{""income_binary"":1459920,""civilian_at_work"":1459920,""public_coverage"":1459920}","{""A__public_coverage"":2711280,""A__SEX"":2711280,""A__RAC1P"":2711280,""B__income_binary"":2711280,""B__civilian_at_work"":2711280,""B__SEX"":2711280,""B__RAC1P"":2711280,""AB__SEX"":2711280,""AB__RAC1P"":2711280}",80,0,3280,9840
1,F_J_b0p05,F,J,0.05,False,results/redesign_20260909_acs_coalition_strength_v1/seed_1/training/F_J_b0p05/training.json,25933f2f0bbad82346acfd796b495b293c6d6cadc85684799cc5a0467de915c9,60,20,80,240,140,260,6355,"{""mapper_optimizer_steps"":5740,""adversary_optimizer_steps"":10660}","{""income_binary"":1459920,""civilian_at_work"":1459920,""public_coverage"":1459920}","{""A__public_coverage"":2711280,""A__SEX"":2711280,""A__RAC1P"":2711280,""B__income_binary"":2711280,""B__civilian_at_work"":2711280,""B__SEX"":2711280,""B__RAC1P"":2711280,""AB__SEX"":2711280,""AB__RAC1P"":2711280}",80,0,3280,9840
1,F_Iplus_b0p1,F,Iplus,0.1,True,results/redesign_20260908_acs_coalition_v1/seed_1/training/training.json,4377ed8170fbbb6d2a40948750a6d56a24bd750896c74a72a7723e98311a15bf,60,20,0,0,140,260,6355,"{""mapper_optimizer_steps"":5740,""adversary_optimizer_steps"":10660}","{""income_binary"":1459920,""civilian_at_work"":1459920,""public_coverage"":1459920}","{""A__public_coverage"":2711280,""A__SEX"":2711280,""A__RAC1P"":2711280,""B__income_binary"":2711280,""B__civilian_at_work"":2711280,""B__SEX"":2711280,""B__RAC1P"":2711280,""AB__SEX"":2711280,""AB__RAC1P"":2711280}",80,0,0,0
1,F_J_b0p1,F,J,0.1,True,results/redesign_20260908_acs_coalition_v1/seed_1/training/training.json,4377ed8170fbbb6d2a40948750a6d56a24bd750896c74a72a7723e98311a15bf,60,20,0,0,140,260,6355,"{""mapper_optimizer_steps"":5740,""adversary_optimizer_steps"":10660}","{""income_binary"":1459920,""civilian_at_work"":1459920,""public_coverage"":1459920}","{""A__public_coverage"":2711280,""A__SEX"":2711280,""A__RAC1P"":2711280,""B__income_binary"":2711280,""B__civilian_at_work"":2711280,""B__SEX"":2711280,""B__RAC1P"":2711280,""AB__SEX"":2711280,""AB__RAC1P"":2711280}",80,0,0,0
1,F_Iplus_b0p2,F,Iplus,0.2,False,results/redesign_20260909_acs_coalition_strength_v1/seed_1/training/F_Iplus_b0p2/training.json,c2240f38f041331be775b147586ee2792b060ab29d9289092301277eb3b93ed3,60,20,80,240,140,260,6355,"{""mapper_optimizer_steps"":5740,""adversary_optimizer_steps"":10660}","{""income_binary"":1459920,""civilian_at_work"":1459920,""public_coverage"":1459920}","{""A__public_coverage"":2711280,""A__SEX"":2711280,""A__RAC1P"":2711280,""B__income_binary"":2711280,""B__civilian_at_work"":2711280,""B__SEX"":2711280,""B__RAC1P"":2711280,""AB__SEX"":2711280,""AB__RAC1P"":2711280}",80,0,3280,9840
1,F_J_b0p2,F,J,0.2,False,results/redesign_20260909_acs_coalition_strength_v1/seed_1/training/F_J_b0p2/training.json,0bda2805699eeb5c5d65753fc72c4e0ce9239fe232f9a13e1a7339304853b4a7,60,20,80,240,140,260,6355,"{""mapper_optimizer_steps"":5740,""adversary_optimizer_steps"":10660}","{""income_binary"":1459920,""civilian_at_work"":1459920,""public_coverage"":1459920}","{""A__public_coverage"":2711280,""A__SEX"":2711280,""A__RAC1P"":2711280,""B__income_binary"":2711280,""B__civilian_at_work"":2711280,""B__SEX"":2711280,""B__RAC1P"":2711280,""AB__SEX"":2711280,""AB__RAC1P"":2711280}",80,0,3280,9840
1,P_I,P,I,0.0,True,results/redesign_20260908_acs_coalition_v1/seed_1/training/training.json,4377ed8170fbbb6d2a40948750a6d56a24bd750896c74a72a7723e98311a15bf,60,20,0,0,140,260,6355,"{""mapper_optimizer_steps"":5740,""adversary_optimizer_steps"":10660}","{""income_binary"":1459920,""civilian_at_work"":1459920,""public_coverage"":1459920}","{""A__public_coverage"":2711280,""A__SEX"":2711280,""A__RAC1P"":2711280,""B__income_binary"":2711280,""B__civilian_at_work"":2711280,""B__SEX"":2711280,""B__RAC1P"":2711280,""AB__SEX"":2711280,""AB__RAC1P"":2711280}",80,0,0,0
1,P_Iplus_b0p025,P,Iplus,0.025,False,results/redesign_20260909_acs_coalition_strength_v1/seed_1/training/P_Iplus_b0p025/training.json,090b40df857617bfb8fdf8d91b93873d44cb00ba5866e12c5eaefac3aeedad26,60,20,80,240,140,260,6355,"{""mapper_optimizer_steps"":5740,""adversary_optimizer_steps"":10660}","{""income_binary"":1459920,""civilian_at_work"":1459920,""public_coverage"":1459920}","{""A__public_coverage"":2711280,""A__SEX"":2711280,""A__RAC1P"":2711280,""B__income_binary"":2711280,""B__civilian_at_work"":2711280,""B__SEX"":2711280,""B__RAC1P"":2711280,""AB__SEX"":2711280,""AB__RAC1P"":2711280}",80,0,3280,9840
1,P_J_b0p025,P,J,0.025,False,results/redesign_20260909_acs_coalition_strength_v1/seed_1/training/P_J_b0p025/training.json,b115ed2ebe308d0fadbbfbd0d746416608c0b88dbd86bf73d9f57d68738b7f84,60,20,80,240,140,260,6355,"{""mapper_optimizer_steps"":5740,""adversary_optimizer_steps"":10660}","{""income_binary"":1459920,""civilian_at_work"":1459920,""public_coverage"":1459920}","{""A__public_coverage"":2711280,""A__SEX"":2711280,""A__RAC1P"":2711280,""B__income_binary"":2711280,""B__civilian_at_work"":2711280,""B__SEX"":2711280,""B__RAC1P"":2711280,""AB__SEX"":2711280,""AB__RAC1P"":2711280}",80,0,3280,9840
1,P_Iplus_b0p05,P,Iplus,0.05,False,results/redesign_20260909_acs_coalition_strength_v1/seed_1/training/P_Iplus_b0p05/training.json,c6985ca19c2cf8da581c7063546a8dd4e8bcbba4f915d9686b88fd18d26b9c32,60,20,80,240,140,260,6355,"{""mapper_optimizer_steps"":5740,""adversary_optimizer_steps"":10660}","{""income_binary"":1459920,""civilian_at_work"":1459920,""public_coverage"":1459920}","{""A__public_coverage"":2711280,""A__SEX"":2711280,""A__RAC1P"":2711280,""B__income_binary"":2711280,""B__civilian_at_work"":2711280,""B__SEX"":2711280,""B__RAC1P"":2711280,""AB__SEX"":2711280,""AB__RAC1P"":2711280}",80,0,3280,9840
1,P_J_b0p05,P,J,0.05,False,results/redesign_20260909_acs_coalition_strength_v1/seed_1/training/P_J_b0p05/training.json,92b83eedecc1342ffd0380fd0501117b7c076d38d94d98923ab96c861669c358,60,20,80,240,140,260,6355,"{""mapper_optimizer_steps"":5740,""adversary_optimizer_steps"":10660}","{""income_binary"":1459920,""civilian_at_work"":1459920,""public_coverage"":1459920}","{""A__public_coverage"":2711280,""A__SEX"":2711280,""A__RAC1P"":2711280,""B__income_binary"":2711280,""B__civilian_at_work"":2711280,""B__SEX"":2711280,""B__RAC1P"":2711280,""AB__SEX"":2711280,""AB__RAC1P"":2711280}",80,0,3280,9840
1,P_Iplus_b0p1,P,Iplus,0.1,True,results/redesign_20260908_acs_coalition_v1/seed_1/training/training.json,4377ed8170fbbb6d2a40948750a6d56a24bd750896c74a72a7723e98311a15bf,60,20,0,0,140,260,6355,"{""mapper_optimizer_steps"":5740,""adversary_optimizer_steps"":10660}","{""income_binary"":1459920,""civilian_at_work"":1459920,""public_coverage"":1459920}","{""A__public_coverage"":2711280,""A__SEX"":2711280,""A__RAC1P"":2711280,""B__income_binary"":2711280,""B__civilian_at_work"":2711280,""B__SEX"":2711280,""B__RAC1P"":2711280,""AB__SEX"":2711280,""AB__RAC1P"":2711280}",80,0,0,0
1,P_J_b0p1,P,J,0.1,True,results/redesign_20260908_acs_coalition_v1/seed_1/training/training.json,4377ed8170fbbb6d2a40948750a6d56a24bd750896c74a72a7723e98311a15bf,60,20,0,0,140,260,6355,"{""mapper_optimizer_steps"":5740,""adversary_optimizer_steps"":10660}","{""income_binary"":1459920,""civilian_at_work"":1459920,""public_coverage"":1459920}","{""A__public_coverage"":2711280,""A__SEX"":2711280,""A__RAC1P"":2711280,""B__income_binary"":2711280,""B__civilian_at_work"":2711280,""B__SEX"":2711280,""B__RAC1P"":2711280,""AB__SEX"":2711280,""AB__RAC1P"":2711280}",80,0,0,0
1,P_Iplus_b0p2,P,Iplus,0.2,False,results/redesign_20260909_acs_coalition_strength_v1/seed_1/training/P_Iplus_b0p2/training.json,32b9522e0b7ae7c781de57a65aa616e7eb52c5cf1b394578de8260213cf212bd,60,20,80,240,140,260,6355,"{""mapper_optimizer_steps"":5740,""adversary_optimizer_steps"":10660}","{""income_binary"":1459920,""civilian_at_work"":1459920,""public_coverage"":1459920}","{""A__public_coverage"":2711280,""A__SEX"":2711280,""A__RAC1P"":2711280,""B__income_binary"":2711280,""B__civilian_at_work"":2711280,""B__SEX"":2711280,""B__RAC1P"":2711280,""AB__SEX"":2711280,""AB__RAC1P"":2711280}",80,0,3280,9840
1,P_J_b0p2,P,J,0.2,False,results/redesign_20260909_acs_coalition_strength_v1/seed_1/training/P_J_b0p2/training.json,f53a1ba01726f00e5d9a4fa841408322dde2e48c5a9edc98ca17936ec46671b9,60,20,80,240,140,260,6355,"{""mapper_optimizer_steps"":5740,""adversary_optimizer_steps"":10660}","{""income_binary"":1459920,""civilian_at_work"":1459920,""public_coverage"":1459920}","{""A__public_coverage"":2711280,""A__SEX"":2711280,""A__RAC1P"":2711280,""B__income_binary"":2711280,""B__civilian_at_work"":2711280,""B__SEX"":2711280,""B__RAC1P"":2711280,""AB__SEX"":2711280,""AB__RAC1P"":2711280}",80,0,3280,9840
2,F_I,F,I,0.0,True,results/redesign_20260908_acs_coalition_v1/seed_2/training/training.json,9f1de5efa5e24902042afbdbc27708f1c23e19ba3ba88991a2c1eeab64c9623d,60,20,0,0,140,260,6355,"{""mapper_optimizer_steps"":5880,""adversary_optimizer_steps"":10920}","{""income_binary"":1477140,""civilian_at_work"":1477140,""public_coverage"":1477140}","{""A__public_coverage"":2743260,""A__SEX"":2743260,""A__RAC1P"":2743260,""B__income_binary"":2743260,""B__civilian_at_work"":2743260,""B__SEX"":2743260,""B__RAC1P"":2743260,""AB__SEX"":2743260,""AB__RAC1P"":2743260}",80,0,0,0
2,F_Iplus_b0p025,F,Iplus,0.025,False,results/redesign_20260909_acs_coalition_strength_v1/seed_2/training/F_Iplus_b0p025/training.json,1763cf96d3082f7e036d22ca1340dcf37de9f7764e59670b877726328c3b8b57,60,20,80,240,140,260,6355,"{""mapper_optimizer_steps"":5880,""adversary_optimizer_steps"":10920}","{""income_binary"":1477140,""civilian_at_work"":1477140,""public_coverage"":1477140}","{""A__public_coverage"":2743260,""A__SEX"":2743260,""A__RAC1P"":2743260,""B__income_binary"":2743260,""B__civilian_at_work"":2743260,""B__SEX"":2743260,""B__RAC1P"":2743260,""AB__SEX"":2743260,""AB__RAC1P"":2743260}",80,0,3360,10080
2,F_J_b0p025,F,J,0.025,False,results/redesign_20260909_acs_coalition_strength_v1/seed_2/training/F_J_b0p025/training.json,cd6f2a57f4922026a264acf56311c5f7716aaad05006e1d890c754f874c48972,60,20,80,240,140,260,6355,"{""mapper_optimizer_steps"":5880,""adversary_optimizer_steps"":10920}","{""income_binary"":1477140,""civilian_at_work"":1477140,""public_coverage"":1477140}","{""A__public_coverage"":2743260,""A__SEX"":2743260,""A__RAC1P"":2743260,""B__income_binary"":2743260,""B__civilian_at_work"":2743260,""B__SEX"":2743260,""B__RAC1P"":2743260,""AB__SEX"":2743260,""AB__RAC1P"":2743260}",80,0,3360,10080
2,F_Iplus_b0p05,F,Iplus,0.05,False,results/redesign_20260909_acs_coalition_strength_v1/seed_2/training/F_Iplus_b0p05/training.json,5ed914be7c6ab4e81088607ca618a1ded4829f8eb3e1c935018f74b82a26a1e9,60,20,80,240,140,260,6355,"{""mapper_optimizer_steps"":5880,""adversary_optimizer_steps"":10920}","{""income_binary"":1477140,""civilian_at_work"":1477140,""public_coverage"":1477140}","{""A__public_coverage"":2743260,""A__SEX"":2743260,""A__RAC1P"":2743260,""B__income_binary"":2743260,""B__civilian_at_work"":2743260,""B__SEX"":2743260,""B__RAC1P"":2743260,""AB__SEX"":2743260,""AB__RAC1P"":2743260}",80,0,3360,10080
2,F_J_b0p05,F,J,0.05,False,results/redesign_20260909_acs_coalition_strength_v1/seed_2/training/F_J_b0p05/training.json,0b11cd4503286e54cd252d6e9f72a25a19847ecca93240d12306e3dbf089e858,60,20,80,240,140,260,6355,"{""mapper_optimizer_steps"":5880,""adversary_optimizer_steps"":10920}","{""income_binary"":1477140,""civilian_at_work"":1477140,""public_coverage"":1477140}","{""A__public_coverage"":2743260,""A__SEX"":2743260,""A__RAC1P"":2743260,""B__income_binary"":2743260,""B__civilian_at_work"":2743260,""B__SEX"":2743260,""B__RAC1P"":2743260,""AB__SEX"":2743260,""AB__RAC1P"":2743260}",80,0,3360,10080
2,F_Iplus_b0p1,F,Iplus,0.1,True,results/redesign_20260908_acs_coalition_v1/seed_2/training/training.json,9f1de5efa5e24902042afbdbc27708f1c23e19ba3ba88991a2c1eeab64c9623d,60,20,0,0,140,260,6355,"{""mapper_optimizer_steps"":5880,""adversary_optimizer_steps"":10920}","{""income_binary"":1477140,""civilian_at_work"":1477140,""public_coverage"":1477140}","{""A__public_coverage"":2743260,""A__SEX"":2743260,""A__RAC1P"":2743260,""B__income_binary"":2743260,""B__civilian_at_work"":2743260,""B__SEX"":2743260,""B__RAC1P"":2743260,""AB__SEX"":2743260,""AB__RAC1P"":2743260}",80,0,0,0
2,F_J_b0p1,F,J,0.1,True,results/redesign_20260908_acs_coalition_v1/seed_2/training/training.json,9f1de5efa5e24902042afbdbc27708f1c23e19ba3ba88991a2c1eeab64c9623d,60,20,0,0,140,260,6355,"{""mapper_optimizer_steps"":5880,""adversary_optimizer_steps"":10920}","{""income_binary"":1477140,""civilian_at_work"":1477140,""public_coverage"":1477140}","{""A__public_coverage"":2743260,""A__SEX"":2743260,""A__RAC1P"":2743260,""B__income_binary"":2743260,""B__civilian_at_work"":2743260,""B__SEX"":2743260,""B__RAC1P"":2743260,""AB__SEX"":2743260,""AB__RAC1P"":2743260}",80,0,0,0
2,F_Iplus_b0p2,F,Iplus,0.2,False,results/redesign_20260909_acs_coalition_strength_v1/seed_2/training/F_Iplus_b0p2/training.json,8a67d55578c20f9556490841b4ac16f704405751661b05386fe64671ca8d12ad,60,20,80,240,140,260,6355,"{""mapper_optimizer_steps"":5880,""adversary_optimizer_steps"":10920}","{""income_binary"":1477140,""civilian_at_work"":1477140,""public_coverage"":1477140}","{""A__public_coverage"":2743260,""A__SEX"":2743260,""A__RAC1P"":2743260,""B__income_binary"":2743260,""B__civilian_at_work"":2743260,""B__SEX"":2743260,""B__RAC1P"":2743260,""AB__SEX"":2743260,""AB__RAC1P"":2743260}",80,0,3360,10080
2,F_J_b0p2,F,J,0.2,False,results/redesign_20260909_acs_coalition_strength_v1/seed_2/training/F_J_b0p2/training.json,397a961ed18aaf877a9d15547f3a41e1293a7bc641f2f697b69b1202033e90a6,60,20,80,240,140,260,6355,"{""mapper_optimizer_steps"":5880,""adversary_optimizer_steps"":10920}","{""income_binary"":1477140,""civilian_at_work"":1477140,""public_coverage"":1477140}","{""A__public_coverage"":2743260,""A__SEX"":2743260,""A__RAC1P"":2743260,""B__income_binary"":2743260,""B__civilian_at_work"":2743260,""B__SEX"":2743260,""B__RAC1P"":2743260,""AB__SEX"":2743260,""AB__RAC1P"":2743260}",80,0,3360,10080
2,P_I,P,I,0.0,True,results/redesign_20260908_acs_coalition_v1/seed_2/training/training.json,9f1de5efa5e24902042afbdbc27708f1c23e19ba3ba88991a2c1eeab64c9623d,60,20,0,0,140,260,6355,"{""mapper_optimizer_steps"":5880,""adversary_optimizer_steps"":10920}","{""income_binary"":1477140,""civilian_at_work"":1477140,""public_coverage"":1477140}","{""A__public_coverage"":2743260,""A__SEX"":2743260,""A__RAC1P"":2743260,""B__income_binary"":2743260,""B__civilian_at_work"":2743260,""B__SEX"":2743260,""B__RAC1P"":2743260,""AB__SEX"":2743260,""AB__RAC1P"":2743260}",80,0,0,0
2,P_Iplus_b0p025,P,Iplus,0.025,False,results/redesign_20260909_acs_coalition_strength_v1/seed_2/training/P_Iplus_b0p025/training.json,2bd70b88f3b1fe2e1ebbe50771914343e620fe9d3596133827b8a47c67d511c8,60,20,80,240,140,260,6355,"{""mapper_optimizer_steps"":5880,""adversary_optimizer_steps"":10920}","{""income_binary"":1477140,""civilian_at_work"":1477140,""public_coverage"":1477140}","{""A__public_coverage"":2743260,""A__SEX"":2743260,""A__RAC1P"":2743260,""B__income_binary"":2743260,""B__civilian_at_work"":2743260,""B__SEX"":2743260,""B__RAC1P"":2743260,""AB__SEX"":2743260,""AB__RAC1P"":2743260}",80,0,3360,10080
2,P_J_b0p025,P,J,0.025,False,results/redesign_20260909_acs_coalition_strength_v1/seed_2/training/P_J_b0p025/training.json,f3c1897dc03a32d30ea12a49c2c69b33fbae84fdb73a14d5a12d98844b32a827,60,20,80,240,140,260,6355,"{""mapper_optimizer_steps"":5880,""adversary_optimizer_steps"":10920}","{""income_binary"":1477140,""civilian_at_work"":1477140,""public_coverage"":1477140}","{""A__public_coverage"":2743260,""A__SEX"":2743260,""A__RAC1P"":2743260,""B__income_binary"":2743260,""B__civilian_at_work"":2743260,""B__SEX"":2743260,""B__RAC1P"":2743260,""AB__SEX"":2743260,""AB__RAC1P"":2743260}",80,0,3360,10080
2,P_Iplus_b0p05,P,Iplus,0.05,False,results/redesign_20260909_acs_coalition_strength_v1/seed_2/training/P_Iplus_b0p05/training.json,9c5a41d1573c990eba6d0568654ce6f9b6a235d80a03df5973f8612a0620bf93,60,20,80,240,140,260,6355,"{""mapper_optimizer_steps"":5880,""adversary_optimizer_steps"":10920}","{""income_binary"":1477140,""civilian_at_work"":1477140,""public_coverage"":1477140}","{""A__public_coverage"":2743260,""A__SEX"":2743260,""A__RAC1P"":2743260,""B__income_binary"":2743260,""B__civilian_at_work"":2743260,""B__SEX"":2743260,""B__RAC1P"":2743260,""AB__SEX"":2743260,""AB__RAC1P"":2743260}",80,0,3360,10080
2,P_J_b0p05,P,J,0.05,False,results/redesign_20260909_acs_coalition_strength_v1/seed_2/training/P_J_b0p05/training.json,bc502ed4280031ad668f51135052818b25081c9ad059a73266ca01a3441e7f82,60,20,80,240,140,260,6355,"{""mapper_optimizer_steps"":5880,""adversary_optimizer_steps"":10920}","{""income_binary"":1477140,""civilian_at_work"":1477140,""public_coverage"":1477140}","{""A__public_coverage"":2743260,""A__SEX"":2743260,""A__RAC1P"":2743260,""B__income_binary"":2743260,""B__civilian_at_work"":2743260,""B__SEX"":2743260,""B__RAC1P"":2743260,""AB__SEX"":2743260,""AB__RAC1P"":2743260}",80,0,3360,10080
2,P_Iplus_b0p1,P,Iplus,0.1,True,results/redesign_20260908_acs_coalition_v1/seed_2/training/training.json,9f1de5efa5e24902042afbdbc27708f1c23e19ba3ba88991a2c1eeab64c9623d,60,20,0,0,140,260,6355,"{""mapper_optimizer_steps"":5880,""adversary_optimizer_steps"":10920}","{""income_binary"":1477140,""civilian_at_work"":1477140,""public_coverage"":1477140}","{""A__public_coverage"":2743260,""A__SEX"":2743260,""A__RAC1P"":2743260,""B__income_binary"":2743260,""B__civilian_at_work"":2743260,""B__SEX"":2743260,""B__RAC1P"":2743260,""AB__SEX"":2743260,""AB__RAC1P"":2743260}",80,0,0,0
2,P_J_b0p1,P,J,0.1,True,results/redesign_20260908_acs_coalition_v1/seed_2/training/training.json,9f1de5efa5e24902042afbdbc27708f1c23e19ba3ba88991a2c1eeab64c9623d,60,20,0,0,140,260,6355,"{""mapper_optimizer_steps"":5880,""adversary_optimizer_steps"":10920}","{""income_binary"":1477140,""civilian_at_work"":1477140,""public_coverage"":1477140}","{""A__public_coverage"":2743260,""A__SEX"":2743260,""A__RAC1P"":2743260,""B__income_binary"":2743260,""B__civilian_at_work"":2743260,""B__SEX"":2743260,""B__RAC1P"":2743260,""AB__SEX"":2743260,""AB__RAC1P"":2743260}",80,0,0,0
2,P_Iplus_b0p2,P,Iplus,0.2,False,results/redesign_20260909_acs_coalition_strength_v1/seed_2/training/P_Iplus_b0p2/training.json,ccd01dd88d2de030dea17b2c487401a59e4cb7403215ecb9958c60390ec90c70,60,20,80,240,140,260,6355,"{""mapper_optimizer_steps"":5880,""adversary_optimizer_steps"":10920}","{""income_binary"":1477140,""civilian_at_work"":1477140,""public_coverage"":1477140}","{""A__public_coverage"":2743260,""A__SEX"":2743260,""A__RAC1P"":2743260,""B__income_binary"":2743260,""B__civilian_at_work"":2743260,""B__SEX"":2743260,""B__RAC1P"":2743260,""AB__SEX"":2743260,""AB__RAC1P"":2743260}",80,0,3360,10080
2,P_J_b0p2,P,J,0.2,False,results/redesign_20260909_acs_coalition_strength_v1/seed_2/training/P_J_b0p2/training.json,c77553d099fd1a785bf358d47bd2fd24ccc048ef62cb95fd1f2142380a4641df,60,20,80,240,140,260,6355,"{""mapper_optimizer_steps"":5880,""adversary_optimizer_steps"":10920}","{""income_binary"":1477140,""civilian_at_work"":1477140,""public_coverage"":1477140}","{""A__public_coverage"":2743260,""A__SEX"":2743260,""A__RAC1P"":2743260,""B__income_binary"":2743260,""B__civilian_at_work"":2743260,""B__SEX"":2743260,""B__RAC1P"":2743260,""AB__SEX"":2743260,""AB__RAC1P"":2743260}",80,0,3360,10080
