seed,role,release,target,candidate_id,family,selected,independent_selected,selected_within_family,auc_selected,fit_rows,fit_support,fit_coverage_complete,epoch,optimizer_steps,validation_log_loss,checkpoint_selected
0,transfer,PCA16,same_residence,mlp,mlp,False,False,True,False,2048,"[500,1548]",True,0,0,0.6210826094935618,False
0,transfer,PCA16,same_residence,mlp,mlp,False,False,True,False,2048,"[500,1548]",True,5,40,0.5267056569481239,False
0,transfer,PCA16,same_residence,mlp,mlp,False,False,True,False,2048,"[500,1548]",True,10,80,0.5152488696147866,True
0,transfer,PCA16,same_residence,mlp,mlp,False,False,True,False,2048,"[500,1548]",True,15,120,0.5160062149665701,False
0,transfer,PCA16,same_residence,mlp,mlp,False,False,True,False,2048,"[500,1548]",True,20,160,0.5161419891732439,False
0,transfer,PCA16,same_residence,mlp,mlp,False,False,True,False,2048,"[500,1548]",True,25,200,0.5167164489478555,False
0,transfer,PCA16,same_residence,mlp,mlp,False,False,True,False,2048,"[500,1548]",True,30,240,0.5191417269582368,False
0,transfer,PCA16,same_residence,mlp,mlp,False,False,True,False,2048,"[500,1548]",True,35,280,0.5230485749600414,False
0,transfer,PCA16,same_residence,mlp,mlp,False,False,True,False,2048,"[500,1548]",True,40,320,0.52766207834762,False
0,transfer,PCA16,commute_over20,mlp,mlp,True,True,True,False,2048,"[997,1051]",True,0,0,0.7003723548129208,False
0,transfer,PCA16,commute_over20,mlp,mlp,True,True,True,False,2048,"[997,1051]",True,5,40,0.6818528284971922,False
0,transfer,PCA16,commute_over20,mlp,mlp,True,True,True,False,2048,"[997,1051]",True,10,80,0.6817995812154243,False
0,transfer,PCA16,commute_over20,mlp,mlp,True,True,True,False,2048,"[997,1051]",True,15,120,0.6808750837797333,True
0,transfer,PCA16,commute_over20,mlp,mlp,True,True,True,False,2048,"[997,1051]",True,20,160,0.6836687478395842,False
0,transfer,PCA16,commute_over20,mlp,mlp,True,True,True,False,2048,"[997,1051]",True,25,200,0.683695725295975,False
0,transfer,PCA16,commute_over20,mlp,mlp,True,True,True,False,2048,"[997,1051]",True,30,240,0.6868306629674722,False
0,transfer,PCA16,commute_over20,mlp,mlp,True,True,True,False,2048,"[997,1051]",True,35,280,0.6895977287638153,False
0,transfer,PCA16,commute_over20,mlp,mlp,True,True,True,False,2048,"[997,1051]",True,40,320,0.6916555254678064,False
0,transfer,PCA16,income_binary,mlp,mlp,True,True,True,False,2048,"[1652,396]",True,0,0,0.6994893710897042,False
0,transfer,PCA16,income_binary,mlp,mlp,True,True,True,False,2048,"[1652,396]",True,5,40,0.4257822389712567,False
0,transfer,PCA16,income_binary,mlp,mlp,True,True,True,False,2048,"[1652,396]",True,10,80,0.33513313989607224,False
0,transfer,PCA16,income_binary,mlp,mlp,True,True,True,False,2048,"[1652,396]",True,15,120,0.31000670952138176,False
0,transfer,PCA16,income_binary,mlp,mlp,True,True,True,False,2048,"[1652,396]",True,20,160,0.3078152144203694,True
0,transfer,PCA16,income_binary,mlp,mlp,True,True,True,False,2048,"[1652,396]",True,25,200,0.3087473217639289,False
0,transfer,PCA16,income_binary,mlp,mlp,True,True,True,False,2048,"[1652,396]",True,30,240,0.30960322062764956,False
0,transfer,PCA16,income_binary,mlp,mlp,True,True,True,False,2048,"[1652,396]",True,35,280,0.31090285929446687,False
0,transfer,PCA16,income_binary,mlp,mlp,True,True,True,False,2048,"[1652,396]",True,40,320,0.3133467187438528,False
0,transfer,PCA16,civilian_at_work,mlp,mlp,True,True,True,False,2048,"[665,1383]",True,0,0,0.6863726297952005,False
0,transfer,PCA16,civilian_at_work,mlp,mlp,True,True,True,False,2048,"[665,1383]",True,5,40,0.4454733086101066,False
0,transfer,PCA16,civilian_at_work,mlp,mlp,True,True,True,False,2048,"[665,1383]",True,10,80,0.3283983281103863,False
0,transfer,PCA16,civilian_at_work,mlp,mlp,True,True,True,False,2048,"[665,1383]",True,15,120,0.3140725521703461,False
0,transfer,PCA16,civilian_at_work,mlp,mlp,True,True,True,False,2048,"[665,1383]",True,20,160,0.31112292820032783,True
0,transfer,PCA16,civilian_at_work,mlp,mlp,True,True,True,False,2048,"[665,1383]",True,25,200,0.3116355208026181,False
0,transfer,PCA16,civilian_at_work,mlp,mlp,True,True,True,False,2048,"[665,1383]",True,30,240,0.31354999545191364,False
0,transfer,PCA16,civilian_at_work,mlp,mlp,True,True,True,False,2048,"[665,1383]",True,35,280,0.31566981796695487,False
0,transfer,PCA16,civilian_at_work,mlp,mlp,True,True,True,False,2048,"[665,1383]",True,40,320,0.3188914803152591,False
0,transfer,PCA16,public_coverage,mlp,mlp,True,True,True,False,2048,"[1531,517]",True,0,0,0.6342888019944637,False
0,transfer,PCA16,public_coverage,mlp,mlp,True,True,True,False,2048,"[1531,517]",True,5,40,0.5118878112875563,False
0,transfer,PCA16,public_coverage,mlp,mlp,True,True,True,False,2048,"[1531,517]",True,10,80,0.49755807474629615,False
0,transfer,PCA16,public_coverage,mlp,mlp,True,True,True,False,2048,"[1531,517]",True,15,120,0.4950290165404579,False
0,transfer,PCA16,public_coverage,mlp,mlp,True,True,True,False,2048,"[1531,517]",True,20,160,0.4936276923195306,False
0,transfer,PCA16,public_coverage,mlp,mlp,True,True,True,False,2048,"[1531,517]",True,25,200,0.4924349259488831,True
0,transfer,PCA16,public_coverage,mlp,mlp,True,True,True,False,2048,"[1531,517]",True,30,240,0.4936737001778638,False
0,transfer,PCA16,public_coverage,mlp,mlp,True,True,True,False,2048,"[1531,517]",True,35,280,0.4957531283335985,False
0,transfer,PCA16,public_coverage,mlp,mlp,True,True,True,False,2048,"[1531,517]",True,40,320,0.49730034681654195,False
0,audit,PCA16,SEX,mlp_0,mlp,False,False,False,False,2993,"[1512,1481]",True,0,0,0.6962121376907043,False
0,audit,PCA16,SEX,mlp_0,mlp,False,False,False,False,2993,"[1512,1481]",True,5,60,0.666227363810852,False
0,audit,PCA16,SEX,mlp_0,mlp,False,False,False,False,2993,"[1512,1481]",True,10,120,0.6579635991811018,False
0,audit,PCA16,SEX,mlp_0,mlp,False,False,False,False,2993,"[1512,1481]",True,15,180,0.6540576666285556,False
0,audit,PCA16,SEX,mlp_0,mlp,False,False,False,False,2993,"[1512,1481]",True,20,240,0.6534532383008056,True
0,audit,PCA16,SEX,mlp_0,mlp,False,False,False,False,2993,"[1512,1481]",True,25,300,0.6546255230109177,False
0,audit,PCA16,SEX,mlp_0,mlp,False,False,False,False,2993,"[1512,1481]",True,30,360,0.6553279644121828,False
0,audit,PCA16,SEX,mlp_0,mlp,False,False,False,False,2993,"[1512,1481]",True,35,420,0.6574586463609241,False
0,audit,PCA16,SEX,mlp_0,mlp,False,False,False,False,2993,"[1512,1481]",True,40,480,0.6584332767854953,False
0,audit,PCA16,SEX,mlp_0,mlp,False,False,False,False,2993,"[1512,1481]",True,45,540,0.6609241009985056,False
0,audit,PCA16,SEX,mlp_0,mlp,False,False,False,False,2993,"[1512,1481]",True,50,600,0.66231947720775,False
0,audit,PCA16,SEX,mlp_0,mlp,False,False,False,False,2993,"[1512,1481]",True,55,660,0.665804681350211,False
0,audit,PCA16,SEX,mlp_0,mlp,False,False,False,False,2993,"[1512,1481]",True,60,720,0.6661509000373773,False
0,audit,PCA16,SEX,mlp_0,mlp,False,False,False,False,2993,"[1512,1481]",True,65,780,0.6685446997816004,False
0,audit,PCA16,SEX,mlp_0,mlp,False,False,False,False,2993,"[1512,1481]",True,70,840,0.6720808206932397,False
0,audit,PCA16,SEX,mlp_0,mlp,False,False,False,False,2993,"[1512,1481]",True,75,900,0.6753437555355438,False
0,audit,PCA16,SEX,mlp_0,mlp,False,False,False,False,2993,"[1512,1481]",True,80,960,0.6788883554613041,False
0,audit,PCA16,SEX,mlp_0,mlp,False,False,False,False,2993,"[1512,1481]",True,85,1020,0.6831734191242194,False
0,audit,PCA16,SEX,mlp_0,mlp,False,False,False,False,2993,"[1512,1481]",True,90,1080,0.69185818006788,False
0,audit,PCA16,SEX,mlp_0,mlp,False,False,False,False,2993,"[1512,1481]",True,95,1140,0.6888773502000483,False
0,audit,PCA16,SEX,mlp_0,mlp,False,False,False,False,2993,"[1512,1481]",True,100,1200,0.6923513700529343,False
0,audit,PCA16,SEX,mlp_0,mlp,False,False,False,False,2993,"[1512,1481]",True,105,1260,0.6948948336444531,False
0,audit,PCA16,SEX,mlp_0,mlp,False,False,False,False,2993,"[1512,1481]",True,110,1320,0.6964183997865108,False
0,audit,PCA16,SEX,mlp_0,mlp,False,False,False,False,2993,"[1512,1481]",True,115,1380,0.7036185051338606,False
0,audit,PCA16,SEX,mlp_0,mlp,False,False,False,False,2993,"[1512,1481]",True,120,1440,0.7105712297686789,False
0,audit,PCA16,SEX,mlp_1,mlp,True,True,True,True,2993,"[1512,1481]",True,0,0,0.6906216129557142,False
0,audit,PCA16,SEX,mlp_1,mlp,True,True,True,True,2993,"[1512,1481]",True,5,60,0.6631566906379526,False
0,audit,PCA16,SEX,mlp_1,mlp,True,True,True,True,2993,"[1512,1481]",True,10,120,0.6550846137526524,False
0,audit,PCA16,SEX,mlp_1,mlp,True,True,True,True,2993,"[1512,1481]",True,15,180,0.6518234777067802,False
0,audit,PCA16,SEX,mlp_1,mlp,True,True,True,True,2993,"[1512,1481]",True,20,240,0.6509224668633202,True
0,audit,PCA16,SEX,mlp_1,mlp,True,True,True,True,2993,"[1512,1481]",True,25,300,0.652787656204541,False
0,audit,PCA16,SEX,mlp_1,mlp,True,True,True,True,2993,"[1512,1481]",True,30,360,0.6546230259407563,False
0,audit,PCA16,SEX,mlp_1,mlp,True,True,True,True,2993,"[1512,1481]",True,35,420,0.6554363881710366,False
0,audit,PCA16,SEX,mlp_1,mlp,True,True,True,True,2993,"[1512,1481]",True,40,480,0.6597907237080991,False
0,audit,PCA16,SEX,mlp_1,mlp,True,True,True,True,2993,"[1512,1481]",True,45,540,0.660201904984739,False
0,audit,PCA16,SEX,mlp_1,mlp,True,True,True,True,2993,"[1512,1481]",True,50,600,0.663113038611724,False
0,audit,PCA16,SEX,mlp_1,mlp,True,True,True,True,2993,"[1512,1481]",True,55,660,0.6636295419902064,False
0,audit,PCA16,SEX,mlp_1,mlp,True,True,True,True,2993,"[1512,1481]",True,60,720,0.6682727882277509,False
0,audit,PCA16,SEX,mlp_1,mlp,True,True,True,True,2993,"[1512,1481]",True,65,780,0.67009808486733,False
0,audit,PCA16,SEX,mlp_1,mlp,True,True,True,True,2993,"[1512,1481]",True,70,840,0.673981623262883,False
0,audit,PCA16,SEX,mlp_1,mlp,True,True,True,True,2993,"[1512,1481]",True,75,900,0.6765894109142984,False
0,audit,PCA16,SEX,mlp_1,mlp,True,True,True,True,2993,"[1512,1481]",True,80,960,0.6783789388942708,False
0,audit,PCA16,SEX,mlp_1,mlp,True,True,True,True,2993,"[1512,1481]",True,85,1020,0.6837278982548384,False
0,audit,PCA16,SEX,mlp_1,mlp,True,True,True,True,2993,"[1512,1481]",True,90,1080,0.6859149835014097,False
0,audit,PCA16,SEX,mlp_1,mlp,True,True,True,True,2993,"[1512,1481]",True,95,1140,0.6890900715975624,False
0,audit,PCA16,SEX,mlp_1,mlp,True,True,True,True,2993,"[1512,1481]",True,100,1200,0.6936408000199416,False
0,audit,PCA16,SEX,mlp_1,mlp,True,True,True,True,2993,"[1512,1481]",True,105,1260,0.6943782154603296,False
0,audit,PCA16,SEX,mlp_1,mlp,True,True,True,True,2993,"[1512,1481]",True,110,1320,0.7063476036464992,False
0,audit,PCA16,SEX,mlp_1,mlp,True,True,True,True,2993,"[1512,1481]",True,115,1380,0.7046667130510903,False
0,audit,PCA16,SEX,mlp_1,mlp,True,True,True,True,2993,"[1512,1481]",True,120,1440,0.7126902751871659,False
0,audit,PCA16,RAC1P,mlp_0,mlp,True,True,True,False,2993,"[1704,173,17,0,4,461,22,424,188]",False,0,0,2.1181133641197056,False
0,audit,PCA16,RAC1P,mlp_0,mlp,True,True,True,False,2993,"[1704,173,17,0,4,461,22,424,188]",False,5,60,1.289701786133436,False
0,audit,PCA16,RAC1P,mlp_0,mlp,True,True,True,False,2993,"[1704,173,17,0,4,461,22,424,188]",False,10,120,1.2279726974965293,False
0,audit,PCA16,RAC1P,mlp_0,mlp,True,True,True,False,2993,"[1704,173,17,0,4,461,22,424,188]",False,15,180,1.221820051398217,True
0,audit,PCA16,RAC1P,mlp_0,mlp,True,True,True,False,2993,"[1704,173,17,0,4,461,22,424,188]",False,20,240,1.2228181485375895,False
0,audit,PCA16,RAC1P,mlp_0,mlp,True,True,True,False,2993,"[1704,173,17,0,4,461,22,424,188]",False,25,300,1.2245085964991909,False
0,audit,PCA16,RAC1P,mlp_0,mlp,True,True,True,False,2993,"[1704,173,17,0,4,461,22,424,188]",False,30,360,1.2282005278418837,False
0,audit,PCA16,RAC1P,mlp_0,mlp,True,True,True,False,2993,"[1704,173,17,0,4,461,22,424,188]",False,35,420,1.2322249925779063,False
0,audit,PCA16,RAC1P,mlp_0,mlp,True,True,True,False,2993,"[1704,173,17,0,4,461,22,424,188]",False,40,480,1.2364271483799931,False
0,audit,PCA16,RAC1P,mlp_0,mlp,True,True,True,False,2993,"[1704,173,17,0,4,461,22,424,188]",False,45,540,1.239085052788727,False
0,audit,PCA16,RAC1P,mlp_0,mlp,True,True,True,False,2993,"[1704,173,17,0,4,461,22,424,188]",False,50,600,1.2423058789990435,False
0,audit,PCA16,RAC1P,mlp_0,mlp,True,True,True,False,2993,"[1704,173,17,0,4,461,22,424,188]",False,55,660,1.2463783629416738,False
0,audit,PCA16,RAC1P,mlp_0,mlp,True,True,True,False,2993,"[1704,173,17,0,4,461,22,424,188]",False,60,720,1.2501200392122414,False
0,audit,PCA16,RAC1P,mlp_0,mlp,True,True,True,False,2993,"[1704,173,17,0,4,461,22,424,188]",False,65,780,1.25409783805521,False
0,audit,PCA16,RAC1P,mlp_0,mlp,True,True,True,False,2993,"[1704,173,17,0,4,461,22,424,188]",False,70,840,1.2592540715677214,False
0,audit,PCA16,RAC1P,mlp_0,mlp,True,True,True,False,2993,"[1704,173,17,0,4,461,22,424,188]",False,75,900,1.2609796206609838,False
0,audit,PCA16,RAC1P,mlp_0,mlp,True,True,True,False,2993,"[1704,173,17,0,4,461,22,424,188]",False,80,960,1.2669079660709155,False
0,audit,PCA16,RAC1P,mlp_0,mlp,True,True,True,False,2993,"[1704,173,17,0,4,461,22,424,188]",False,85,1020,1.2700349651727116,False
0,audit,PCA16,RAC1P,mlp_0,mlp,True,True,True,False,2993,"[1704,173,17,0,4,461,22,424,188]",False,90,1080,1.276406154037899,False
0,audit,PCA16,RAC1P,mlp_0,mlp,True,True,True,False,2993,"[1704,173,17,0,4,461,22,424,188]",False,95,1140,1.2782046754343515,False
0,audit,PCA16,RAC1P,mlp_0,mlp,True,True,True,False,2993,"[1704,173,17,0,4,461,22,424,188]",False,100,1200,1.2837985961915326,False
0,audit,PCA16,RAC1P,mlp_0,mlp,True,True,True,False,2993,"[1704,173,17,0,4,461,22,424,188]",False,105,1260,1.2863533169382133,False
0,audit,PCA16,RAC1P,mlp_0,mlp,True,True,True,False,2993,"[1704,173,17,0,4,461,22,424,188]",False,110,1320,1.2906720831780776,False
0,audit,PCA16,RAC1P,mlp_0,mlp,True,True,True,False,2993,"[1704,173,17,0,4,461,22,424,188]",False,115,1380,1.2979710085173741,False
0,audit,PCA16,RAC1P,mlp_0,mlp,True,True,True,False,2993,"[1704,173,17,0,4,461,22,424,188]",False,120,1440,1.301531047509255,False
0,audit,PCA16,RAC1P,mlp_1,mlp,False,False,False,False,2993,"[1704,173,17,0,4,461,22,424,188]",False,0,0,2.2133743699753885,False
0,audit,PCA16,RAC1P,mlp_1,mlp,False,False,False,False,2993,"[1704,173,17,0,4,461,22,424,188]",False,5,60,1.3122521253903114,False
0,audit,PCA16,RAC1P,mlp_1,mlp,False,False,False,False,2993,"[1704,173,17,0,4,461,22,424,188]",False,10,120,1.2385494374616266,False
0,audit,PCA16,RAC1P,mlp_1,mlp,False,False,False,False,2993,"[1704,173,17,0,4,461,22,424,188]",False,15,180,1.225201709093704,False
0,audit,PCA16,RAC1P,mlp_1,mlp,False,False,False,False,2993,"[1704,173,17,0,4,461,22,424,188]",False,20,240,1.2251362774675079,True
0,audit,PCA16,RAC1P,mlp_1,mlp,False,False,False,False,2993,"[1704,173,17,0,4,461,22,424,188]",False,25,300,1.227597487288157,False
0,audit,PCA16,RAC1P,mlp_1,mlp,False,False,False,False,2993,"[1704,173,17,0,4,461,22,424,188]",False,30,360,1.229486383099218,False
0,audit,PCA16,RAC1P,mlp_1,mlp,False,False,False,False,2993,"[1704,173,17,0,4,461,22,424,188]",False,35,420,1.2334136729075913,False
0,audit,PCA16,RAC1P,mlp_1,mlp,False,False,False,False,2993,"[1704,173,17,0,4,461,22,424,188]",False,40,480,1.2351459830405227,False
0,audit,PCA16,RAC1P,mlp_1,mlp,False,False,False,False,2993,"[1704,173,17,0,4,461,22,424,188]",False,45,540,1.239899077268269,False
0,audit,PCA16,RAC1P,mlp_1,mlp,False,False,False,False,2993,"[1704,173,17,0,4,461,22,424,188]",False,50,600,1.2438950456402262,False
0,audit,PCA16,RAC1P,mlp_1,mlp,False,False,False,False,2993,"[1704,173,17,0,4,461,22,424,188]",False,55,660,1.2483747509211998,False
0,audit,PCA16,RAC1P,mlp_1,mlp,False,False,False,False,2993,"[1704,173,17,0,4,461,22,424,188]",False,60,720,1.253422245691255,False
0,audit,PCA16,RAC1P,mlp_1,mlp,False,False,False,False,2993,"[1704,173,17,0,4,461,22,424,188]",False,65,780,1.2586972559849576,False
0,audit,PCA16,RAC1P,mlp_1,mlp,False,False,False,False,2993,"[1704,173,17,0,4,461,22,424,188]",False,70,840,1.2635486080420242,False
0,audit,PCA16,RAC1P,mlp_1,mlp,False,False,False,False,2993,"[1704,173,17,0,4,461,22,424,188]",False,75,900,1.2683365451282442,False
0,audit,PCA16,RAC1P,mlp_1,mlp,False,False,False,False,2993,"[1704,173,17,0,4,461,22,424,188]",False,80,960,1.2723657381585118,False
0,audit,PCA16,RAC1P,mlp_1,mlp,False,False,False,False,2993,"[1704,173,17,0,4,461,22,424,188]",False,85,1020,1.2788756776512986,False
0,audit,PCA16,RAC1P,mlp_1,mlp,False,False,False,False,2993,"[1704,173,17,0,4,461,22,424,188]",False,90,1080,1.2828161577358705,False
0,audit,PCA16,RAC1P,mlp_1,mlp,False,False,False,False,2993,"[1704,173,17,0,4,461,22,424,188]",False,95,1140,1.2881423871029174,False
0,audit,PCA16,RAC1P,mlp_1,mlp,False,False,False,False,2993,"[1704,173,17,0,4,461,22,424,188]",False,100,1200,1.2944292509520468,False
0,audit,PCA16,RAC1P,mlp_1,mlp,False,False,False,False,2993,"[1704,173,17,0,4,461,22,424,188]",False,105,1260,1.299386915979378,False
0,audit,PCA16,RAC1P,mlp_1,mlp,False,False,False,False,2993,"[1704,173,17,0,4,461,22,424,188]",False,110,1320,1.3056689844197678,False
0,audit,PCA16,RAC1P,mlp_1,mlp,False,False,False,False,2993,"[1704,173,17,0,4,461,22,424,188]",False,115,1380,1.3098569097847395,False
0,audit,PCA16,RAC1P,mlp_1,mlp,False,False,False,False,2993,"[1704,173,17,0,4,461,22,424,188]",False,120,1440,1.3186062417593705,False
1,transfer,PCA16,same_residence,mlp,mlp,False,False,True,False,2048,"[495,1553]",True,0,0,0.7250015540720144,False
1,transfer,PCA16,same_residence,mlp,mlp,False,False,True,False,2048,"[495,1553]",True,5,40,0.5180724810505797,False
1,transfer,PCA16,same_residence,mlp,mlp,False,False,True,False,2048,"[495,1553]",True,10,80,0.501843565008988,True
1,transfer,PCA16,same_residence,mlp,mlp,False,False,True,False,2048,"[495,1553]",True,15,120,0.5061916444374149,False
1,transfer,PCA16,same_residence,mlp,mlp,False,False,True,False,2048,"[495,1553]",True,20,160,0.508778517681278,False
1,transfer,PCA16,same_residence,mlp,mlp,False,False,True,False,2048,"[495,1553]",True,25,200,0.5111782868506786,False
1,transfer,PCA16,same_residence,mlp,mlp,False,False,True,False,2048,"[495,1553]",True,30,240,0.5144374682229889,False
1,transfer,PCA16,same_residence,mlp,mlp,False,False,True,False,2048,"[495,1553]",True,35,280,0.5173010493744702,False
1,transfer,PCA16,same_residence,mlp,mlp,False,False,True,False,2048,"[495,1553]",True,40,320,0.5215667116414997,False
1,transfer,PCA16,commute_over20,mlp,mlp,False,False,True,False,2048,"[990,1058]",True,0,0,0.6960589519683853,False
1,transfer,PCA16,commute_over20,mlp,mlp,False,False,True,False,2048,"[990,1058]",True,5,40,0.6844195572197913,False
1,transfer,PCA16,commute_over20,mlp,mlp,False,False,True,False,2048,"[990,1058]",True,10,80,0.6799872239122773,True
1,transfer,PCA16,commute_over20,mlp,mlp,False,False,True,False,2048,"[990,1058]",True,15,120,0.6802248105416874,False
1,transfer,PCA16,commute_over20,mlp,mlp,False,False,True,False,2048,"[990,1058]",True,20,160,0.682615299969485,False
1,transfer,PCA16,commute_over20,mlp,mlp,False,False,True,False,2048,"[990,1058]",True,25,200,0.6864910645268637,False
1,transfer,PCA16,commute_over20,mlp,mlp,False,False,True,False,2048,"[990,1058]",True,30,240,0.6936200341801487,False
1,transfer,PCA16,commute_over20,mlp,mlp,False,False,True,False,2048,"[990,1058]",True,35,280,0.6971167651304193,False
1,transfer,PCA16,commute_over20,mlp,mlp,False,False,True,False,2048,"[990,1058]",True,40,320,0.7012340406805866,False
1,transfer,PCA16,income_binary,mlp,mlp,True,True,True,False,2048,"[1658,390]",True,0,0,0.7672053816036919,False
1,transfer,PCA16,income_binary,mlp,mlp,True,True,True,False,2048,"[1658,390]",True,5,40,0.4292293001953682,False
1,transfer,PCA16,income_binary,mlp,mlp,True,True,True,False,2048,"[1658,390]",True,10,80,0.3574996037600348,False
1,transfer,PCA16,income_binary,mlp,mlp,True,True,True,False,2048,"[1658,390]",True,15,120,0.32001527508666633,False
1,transfer,PCA16,income_binary,mlp,mlp,True,True,True,False,2048,"[1658,390]",True,20,160,0.3093578976927397,False
1,transfer,PCA16,income_binary,mlp,mlp,True,True,True,False,2048,"[1658,390]",True,25,200,0.3093726408423542,False
1,transfer,PCA16,income_binary,mlp,mlp,True,True,True,False,2048,"[1658,390]",True,30,240,0.3089031963856191,True
1,transfer,PCA16,income_binary,mlp,mlp,True,True,True,False,2048,"[1658,390]",True,35,280,0.31064946075744754,False
1,transfer,PCA16,income_binary,mlp,mlp,True,True,True,False,2048,"[1658,390]",True,40,320,0.31205673230015707,False
1,transfer,PCA16,civilian_at_work,mlp,mlp,True,True,True,False,2048,"[671,1377]",True,0,0,0.6469490064184416,False
1,transfer,PCA16,civilian_at_work,mlp,mlp,True,True,True,False,2048,"[671,1377]",True,5,40,0.41944419858284077,False
1,transfer,PCA16,civilian_at_work,mlp,mlp,True,True,True,False,2048,"[671,1377]",True,10,80,0.3141912570055354,False
1,transfer,PCA16,civilian_at_work,mlp,mlp,True,True,True,False,2048,"[671,1377]",True,15,120,0.2996991752397548,False
1,transfer,PCA16,civilian_at_work,mlp,mlp,True,True,True,False,2048,"[671,1377]",True,20,160,0.29596765666864094,False
1,transfer,PCA16,civilian_at_work,mlp,mlp,True,True,True,False,2048,"[671,1377]",True,25,200,0.2957800221930235,True
1,transfer,PCA16,civilian_at_work,mlp,mlp,True,True,True,False,2048,"[671,1377]",True,30,240,0.29672000061518683,False
1,transfer,PCA16,civilian_at_work,mlp,mlp,True,True,True,False,2048,"[671,1377]",True,35,280,0.29877956707545267,False
1,transfer,PCA16,civilian_at_work,mlp,mlp,True,True,True,False,2048,"[671,1377]",True,40,320,0.3017429815807596,False
1,transfer,PCA16,public_coverage,mlp,mlp,True,True,True,False,2048,"[1565,483]",True,0,0,0.6986454093040062,False
1,transfer,PCA16,public_coverage,mlp,mlp,True,True,True,False,2048,"[1565,483]",True,5,40,0.5362305877950753,False
1,transfer,PCA16,public_coverage,mlp,mlp,True,True,True,False,2048,"[1565,483]",True,10,80,0.4991709360368945,False
1,transfer,PCA16,public_coverage,mlp,mlp,True,True,True,False,2048,"[1565,483]",True,15,120,0.4922634731679349,False
1,transfer,PCA16,public_coverage,mlp,mlp,True,True,True,False,2048,"[1565,483]",True,20,160,0.49010677124078145,True
1,transfer,PCA16,public_coverage,mlp,mlp,True,True,True,False,2048,"[1565,483]",True,25,200,0.4906334113022614,False
1,transfer,PCA16,public_coverage,mlp,mlp,True,True,True,False,2048,"[1565,483]",True,30,240,0.4919603430052618,False
1,transfer,PCA16,public_coverage,mlp,mlp,True,True,True,False,2048,"[1565,483]",True,35,280,0.49403815833282216,False
1,transfer,PCA16,public_coverage,mlp,mlp,True,True,True,False,2048,"[1565,483]",True,40,320,0.4980477213914524,False
1,audit,PCA16,SEX,mlp_0,mlp,True,True,True,True,3021,"[1574,1447]",True,0,0,0.7035635987059862,False
1,audit,PCA16,SEX,mlp_0,mlp,True,True,True,True,3021,"[1574,1447]",True,5,60,0.6675038670679377,False
1,audit,PCA16,SEX,mlp_0,mlp,True,True,True,True,3021,"[1574,1447]",True,10,120,0.6620590309114258,False
1,audit,PCA16,SEX,mlp_0,mlp,True,True,True,True,3021,"[1574,1447]",True,15,180,0.6594645716049228,False
1,audit,PCA16,SEX,mlp_0,mlp,True,True,True,True,3021,"[1574,1447]",True,20,240,0.6584191821702003,True
1,audit,PCA16,SEX,mlp_0,mlp,True,True,True,True,3021,"[1574,1447]",True,25,300,0.6609514565217014,False
1,audit,PCA16,SEX,mlp_0,mlp,True,True,True,True,3021,"[1574,1447]",True,30,360,0.6650015353412408,False
1,audit,PCA16,SEX,mlp_0,mlp,True,True,True,True,3021,"[1574,1447]",True,35,420,0.6698933568696149,False
1,audit,PCA16,SEX,mlp_0,mlp,True,True,True,True,3021,"[1574,1447]",True,40,480,0.674914030849471,False
1,audit,PCA16,SEX,mlp_0,mlp,True,True,True,True,3021,"[1574,1447]",True,45,540,0.6799889146113407,False
1,audit,PCA16,SEX,mlp_0,mlp,True,True,True,True,3021,"[1574,1447]",True,50,600,0.6825895543358917,False
1,audit,PCA16,SEX,mlp_0,mlp,True,True,True,True,3021,"[1574,1447]",True,55,660,0.687386049130262,False
1,audit,PCA16,SEX,mlp_0,mlp,True,True,True,True,3021,"[1574,1447]",True,60,720,0.6945322697739119,False
1,audit,PCA16,SEX,mlp_0,mlp,True,True,True,True,3021,"[1574,1447]",True,65,780,0.7031938869283629,False
1,audit,PCA16,SEX,mlp_0,mlp,True,True,True,True,3021,"[1574,1447]",True,70,840,0.7025859401135441,False
1,audit,PCA16,SEX,mlp_0,mlp,True,True,True,True,3021,"[1574,1447]",True,75,900,0.7097636802819808,False
1,audit,PCA16,SEX,mlp_0,mlp,True,True,True,True,3021,"[1574,1447]",True,80,960,0.7128624500830852,False
1,audit,PCA16,SEX,mlp_0,mlp,True,True,True,True,3021,"[1574,1447]",True,85,1020,0.7198051430703917,False
1,audit,PCA16,SEX,mlp_0,mlp,True,True,True,True,3021,"[1574,1447]",True,90,1080,0.7240842513877893,False
1,audit,PCA16,SEX,mlp_0,mlp,True,True,True,True,3021,"[1574,1447]",True,95,1140,0.7266112158832974,False
1,audit,PCA16,SEX,mlp_0,mlp,True,True,True,True,3021,"[1574,1447]",True,100,1200,0.7356569055769575,False
1,audit,PCA16,SEX,mlp_0,mlp,True,True,True,True,3021,"[1574,1447]",True,105,1260,0.7411951467259087,False
1,audit,PCA16,SEX,mlp_0,mlp,True,True,True,True,3021,"[1574,1447]",True,110,1320,0.7452297220161282,False
1,audit,PCA16,SEX,mlp_0,mlp,True,True,True,True,3021,"[1574,1447]",True,115,1380,0.7537658317409582,False
1,audit,PCA16,SEX,mlp_0,mlp,True,True,True,True,3021,"[1574,1447]",True,120,1440,0.7534224284413629,False
1,audit,PCA16,SEX,mlp_1,mlp,False,False,False,False,3021,"[1574,1447]",True,0,0,0.6954520309607104,False
1,audit,PCA16,SEX,mlp_1,mlp,False,False,False,False,3021,"[1574,1447]",True,5,60,0.6674566650158867,False
1,audit,PCA16,SEX,mlp_1,mlp,False,False,False,False,3021,"[1574,1447]",True,10,120,0.6612556291689106,False
1,audit,PCA16,SEX,mlp_1,mlp,False,False,False,False,3021,"[1574,1447]",True,15,180,0.6604456790752576,True
1,audit,PCA16,SEX,mlp_1,mlp,False,False,False,False,3021,"[1574,1447]",True,20,240,0.6614368175309433,False
1,audit,PCA16,SEX,mlp_1,mlp,False,False,False,False,3021,"[1574,1447]",True,25,300,0.6646733003659411,False
1,audit,PCA16,SEX,mlp_1,mlp,False,False,False,False,3021,"[1574,1447]",True,30,360,0.6704761030380361,False
1,audit,PCA16,SEX,mlp_1,mlp,False,False,False,False,3021,"[1574,1447]",True,35,420,0.6727663649535566,False
1,audit,PCA16,SEX,mlp_1,mlp,False,False,False,False,3021,"[1574,1447]",True,40,480,0.6791071529257956,False
1,audit,PCA16,SEX,mlp_1,mlp,False,False,False,False,3021,"[1574,1447]",True,45,540,0.6820283746849157,False
1,audit,PCA16,SEX,mlp_1,mlp,False,False,False,False,3021,"[1574,1447]",True,50,600,0.6855795311405759,False
1,audit,PCA16,SEX,mlp_1,mlp,False,False,False,False,3021,"[1574,1447]",True,55,660,0.6913586324722528,False
1,audit,PCA16,SEX,mlp_1,mlp,False,False,False,False,3021,"[1574,1447]",True,60,720,0.6966239362609795,False
1,audit,PCA16,SEX,mlp_1,mlp,False,False,False,False,3021,"[1574,1447]",True,65,780,0.6996856531693222,False
1,audit,PCA16,SEX,mlp_1,mlp,False,False,False,False,3021,"[1574,1447]",True,70,840,0.7054838973786678,False
1,audit,PCA16,SEX,mlp_1,mlp,False,False,False,False,3021,"[1574,1447]",True,75,900,0.7131308413429684,False
1,audit,PCA16,SEX,mlp_1,mlp,False,False,False,False,3021,"[1574,1447]",True,80,960,0.7157231989497683,False
1,audit,PCA16,SEX,mlp_1,mlp,False,False,False,False,3021,"[1574,1447]",True,85,1020,0.7209543224265407,False
1,audit,PCA16,SEX,mlp_1,mlp,False,False,False,False,3021,"[1574,1447]",True,90,1080,0.7245724566451066,False
1,audit,PCA16,SEX,mlp_1,mlp,False,False,False,False,3021,"[1574,1447]",True,95,1140,0.7303416699212681,False
1,audit,PCA16,SEX,mlp_1,mlp,False,False,False,False,3021,"[1574,1447]",True,100,1200,0.7341458176439953,False
1,audit,PCA16,SEX,mlp_1,mlp,False,False,False,False,3021,"[1574,1447]",True,105,1260,0.7391631068077902,False
1,audit,PCA16,SEX,mlp_1,mlp,False,False,False,False,3021,"[1574,1447]",True,110,1320,0.7481814164017865,False
1,audit,PCA16,SEX,mlp_1,mlp,False,False,False,False,3021,"[1574,1447]",True,115,1380,0.7480349012474304,False
1,audit,PCA16,SEX,mlp_1,mlp,False,False,False,False,3021,"[1574,1447]",True,120,1440,0.7512736907171719,False
1,audit,PCA16,RAC1P,mlp_0,mlp,False,False,False,False,3021,"[1694,181,30,0,2,476,11,469,158]",False,0,0,2.268320201483914,False
1,audit,PCA16,RAC1P,mlp_0,mlp,False,False,False,False,3021,"[1694,181,30,0,2,476,11,469,158]",False,5,60,1.3389748584407715,False
1,audit,PCA16,RAC1P,mlp_0,mlp,False,False,False,False,3021,"[1694,181,30,0,2,476,11,469,158]",False,10,120,1.2274665270110683,False
1,audit,PCA16,RAC1P,mlp_0,mlp,False,False,False,False,3021,"[1694,181,30,0,2,476,11,469,158]",False,15,180,1.2152426850158433,False
1,audit,PCA16,RAC1P,mlp_0,mlp,False,False,False,False,3021,"[1694,181,30,0,2,476,11,469,158]",False,20,240,1.2128668955955884,True
1,audit,PCA16,RAC1P,mlp_0,mlp,False,False,False,False,3021,"[1694,181,30,0,2,476,11,469,158]",False,25,300,1.2158019701987353,False
1,audit,PCA16,RAC1P,mlp_0,mlp,False,False,False,False,3021,"[1694,181,30,0,2,476,11,469,158]",False,30,360,1.215102515936653,False
1,audit,PCA16,RAC1P,mlp_0,mlp,False,False,False,False,3021,"[1694,181,30,0,2,476,11,469,158]",False,35,420,1.2161608365460543,False
1,audit,PCA16,RAC1P,mlp_0,mlp,False,False,False,False,3021,"[1694,181,30,0,2,476,11,469,158]",False,40,480,1.2189851436251586,False
1,audit,PCA16,RAC1P,mlp_0,mlp,False,False,False,False,3021,"[1694,181,30,0,2,476,11,469,158]",False,45,540,1.2273062104142676,False
1,audit,PCA16,RAC1P,mlp_0,mlp,False,False,False,False,3021,"[1694,181,30,0,2,476,11,469,158]",False,50,600,1.2243165390672186,False
1,audit,PCA16,RAC1P,mlp_0,mlp,False,False,False,False,3021,"[1694,181,30,0,2,476,11,469,158]",False,55,660,1.2283733953223224,False
1,audit,PCA16,RAC1P,mlp_0,mlp,False,False,False,False,3021,"[1694,181,30,0,2,476,11,469,158]",False,60,720,1.234262600878196,False
1,audit,PCA16,RAC1P,mlp_0,mlp,False,False,False,False,3021,"[1694,181,30,0,2,476,11,469,158]",False,65,780,1.2366289733017062,False
1,audit,PCA16,RAC1P,mlp_0,mlp,False,False,False,False,3021,"[1694,181,30,0,2,476,11,469,158]",False,70,840,1.240189936526292,False
1,audit,PCA16,RAC1P,mlp_0,mlp,False,False,False,False,3021,"[1694,181,30,0,2,476,11,469,158]",False,75,900,1.2431456856697458,False
1,audit,PCA16,RAC1P,mlp_0,mlp,False,False,False,False,3021,"[1694,181,30,0,2,476,11,469,158]",False,80,960,1.2465122874544265,False
1,audit,PCA16,RAC1P,mlp_0,mlp,False,False,False,False,3021,"[1694,181,30,0,2,476,11,469,158]",False,85,1020,1.252231759874612,False
1,audit,PCA16,RAC1P,mlp_0,mlp,False,False,False,False,3021,"[1694,181,30,0,2,476,11,469,158]",False,90,1080,1.2528293268689408,False
1,audit,PCA16,RAC1P,mlp_0,mlp,False,False,False,False,3021,"[1694,181,30,0,2,476,11,469,158]",False,95,1140,1.2607837883802024,False
1,audit,PCA16,RAC1P,mlp_0,mlp,False,False,False,False,3021,"[1694,181,30,0,2,476,11,469,158]",False,100,1200,1.262539989981301,False
1,audit,PCA16,RAC1P,mlp_0,mlp,False,False,False,False,3021,"[1694,181,30,0,2,476,11,469,158]",False,105,1260,1.266980169160414,False
1,audit,PCA16,RAC1P,mlp_0,mlp,False,False,False,False,3021,"[1694,181,30,0,2,476,11,469,158]",False,110,1320,1.2711086143062218,False
1,audit,PCA16,RAC1P,mlp_0,mlp,False,False,False,False,3021,"[1694,181,30,0,2,476,11,469,158]",False,115,1380,1.2737608696525642,False
1,audit,PCA16,RAC1P,mlp_0,mlp,False,False,False,False,3021,"[1694,181,30,0,2,476,11,469,158]",False,120,1440,1.2831493434259298,False
1,audit,PCA16,RAC1P,mlp_1,mlp,True,True,True,False,3021,"[1694,181,30,0,2,476,11,469,158]",False,0,0,2.09142685827813,False
1,audit,PCA16,RAC1P,mlp_1,mlp,True,True,True,False,3021,"[1694,181,30,0,2,476,11,469,158]",False,5,60,1.3282968684790926,False
1,audit,PCA16,RAC1P,mlp_1,mlp,True,True,True,False,3021,"[1694,181,30,0,2,476,11,469,158]",False,10,120,1.2271719925019462,False
1,audit,PCA16,RAC1P,mlp_1,mlp,True,True,True,False,3021,"[1694,181,30,0,2,476,11,469,158]",False,15,180,1.2123955633841914,False
1,audit,PCA16,RAC1P,mlp_1,mlp,True,True,True,False,3021,"[1694,181,30,0,2,476,11,469,158]",False,20,240,1.2083207509896783,True
1,audit,PCA16,RAC1P,mlp_1,mlp,True,True,True,False,3021,"[1694,181,30,0,2,476,11,469,158]",False,25,300,1.2102905233350807,False
1,audit,PCA16,RAC1P,mlp_1,mlp,True,True,True,False,3021,"[1694,181,30,0,2,476,11,469,158]",False,30,360,1.2121703299447781,False
1,audit,PCA16,RAC1P,mlp_1,mlp,True,True,True,False,3021,"[1694,181,30,0,2,476,11,469,158]",False,35,420,1.2129956505700699,False
1,audit,PCA16,RAC1P,mlp_1,mlp,True,True,True,False,3021,"[1694,181,30,0,2,476,11,469,158]",False,40,480,1.2135754530356646,False
1,audit,PCA16,RAC1P,mlp_1,mlp,True,True,True,False,3021,"[1694,181,30,0,2,476,11,469,158]",False,45,540,1.2170064408967842,False
1,audit,PCA16,RAC1P,mlp_1,mlp,True,True,True,False,3021,"[1694,181,30,0,2,476,11,469,158]",False,50,600,1.2184110410617637,False
1,audit,PCA16,RAC1P,mlp_1,mlp,True,True,True,False,3021,"[1694,181,30,0,2,476,11,469,158]",False,55,660,1.2238474232776617,False
1,audit,PCA16,RAC1P,mlp_1,mlp,True,True,True,False,3021,"[1694,181,30,0,2,476,11,469,158]",False,60,720,1.2269390489347443,False
1,audit,PCA16,RAC1P,mlp_1,mlp,True,True,True,False,3021,"[1694,181,30,0,2,476,11,469,158]",False,65,780,1.2314511043418268,False
1,audit,PCA16,RAC1P,mlp_1,mlp,True,True,True,False,3021,"[1694,181,30,0,2,476,11,469,158]",False,70,840,1.2341229840285588,False
1,audit,PCA16,RAC1P,mlp_1,mlp,True,True,True,False,3021,"[1694,181,30,0,2,476,11,469,158]",False,75,900,1.24142927502658,False
1,audit,PCA16,RAC1P,mlp_1,mlp,True,True,True,False,3021,"[1694,181,30,0,2,476,11,469,158]",False,80,960,1.248970211872252,False
1,audit,PCA16,RAC1P,mlp_1,mlp,True,True,True,False,3021,"[1694,181,30,0,2,476,11,469,158]",False,85,1020,1.2540561613270667,False
1,audit,PCA16,RAC1P,mlp_1,mlp,True,True,True,False,3021,"[1694,181,30,0,2,476,11,469,158]",False,90,1080,1.257167942932677,False
1,audit,PCA16,RAC1P,mlp_1,mlp,True,True,True,False,3021,"[1694,181,30,0,2,476,11,469,158]",False,95,1140,1.262446369811461,False
1,audit,PCA16,RAC1P,mlp_1,mlp,True,True,True,False,3021,"[1694,181,30,0,2,476,11,469,158]",False,100,1200,1.2687122962054267,False
1,audit,PCA16,RAC1P,mlp_1,mlp,True,True,True,False,3021,"[1694,181,30,0,2,476,11,469,158]",False,105,1260,1.2724132510969743,False
1,audit,PCA16,RAC1P,mlp_1,mlp,True,True,True,False,3021,"[1694,181,30,0,2,476,11,469,158]",False,110,1320,1.2762775390759888,False
1,audit,PCA16,RAC1P,mlp_1,mlp,True,True,True,False,3021,"[1694,181,30,0,2,476,11,469,158]",False,115,1380,1.2792841878191727,False
1,audit,PCA16,RAC1P,mlp_1,mlp,True,True,True,False,3021,"[1694,181,30,0,2,476,11,469,158]",False,120,1440,1.2870058055769906,False
2,transfer,PCA16,same_residence,mlp,mlp,False,False,True,False,2048,"[481,1567]",True,0,0,0.7893498649838465,False
2,transfer,PCA16,same_residence,mlp,mlp,False,False,True,False,2048,"[481,1567]",True,5,40,0.5507195447172473,False
2,transfer,PCA16,same_residence,mlp,mlp,False,False,True,False,2048,"[481,1567]",True,10,80,0.5139637862823173,False
2,transfer,PCA16,same_residence,mlp,mlp,False,False,True,False,2048,"[481,1567]",True,15,120,0.5072210050987277,False
2,transfer,PCA16,same_residence,mlp,mlp,False,False,True,False,2048,"[481,1567]",True,20,160,0.5069485370674195,False
2,transfer,PCA16,same_residence,mlp,mlp,False,False,True,False,2048,"[481,1567]",True,25,200,0.5067874357171875,True
2,transfer,PCA16,same_residence,mlp,mlp,False,False,True,False,2048,"[481,1567]",True,30,240,0.5076874224147006,False
2,transfer,PCA16,same_residence,mlp,mlp,False,False,True,False,2048,"[481,1567]",True,35,280,0.5093660548140693,False
2,transfer,PCA16,same_residence,mlp,mlp,False,False,True,False,2048,"[481,1567]",True,40,320,0.5110413561147306,False
2,transfer,PCA16,commute_over20,mlp,mlp,False,False,True,False,2048,"[1033,1015]",True,0,0,0.6944269733701138,False
2,transfer,PCA16,commute_over20,mlp,mlp,False,False,True,False,2048,"[1033,1015]",True,5,40,0.6819751575015408,False
2,transfer,PCA16,commute_over20,mlp,mlp,False,False,True,False,2048,"[1033,1015]",True,10,80,0.6793335376268456,True
2,transfer,PCA16,commute_over20,mlp,mlp,False,False,True,False,2048,"[1033,1015]",True,15,120,0.6811642968264399,False
2,transfer,PCA16,commute_over20,mlp,mlp,False,False,True,False,2048,"[1033,1015]",True,20,160,0.6842876583126657,False
2,transfer,PCA16,commute_over20,mlp,mlp,False,False,True,False,2048,"[1033,1015]",True,25,200,0.6895628038038867,False
2,transfer,PCA16,commute_over20,mlp,mlp,False,False,True,False,2048,"[1033,1015]",True,30,240,0.695245023001765,False
2,transfer,PCA16,commute_over20,mlp,mlp,False,False,True,False,2048,"[1033,1015]",True,35,280,0.7011506602773224,False
2,transfer,PCA16,commute_over20,mlp,mlp,False,False,True,False,2048,"[1033,1015]",True,40,320,0.7065296350742,False
2,transfer,PCA16,income_binary,mlp,mlp,True,True,True,False,2048,"[1679,369]",True,0,0,0.7759573650876782,False
2,transfer,PCA16,income_binary,mlp,mlp,True,True,True,False,2048,"[1679,369]",True,5,40,0.4496417617373262,False
2,transfer,PCA16,income_binary,mlp,mlp,True,True,True,False,2048,"[1679,369]",True,10,80,0.3511483200376042,False
2,transfer,PCA16,income_binary,mlp,mlp,True,True,True,False,2048,"[1679,369]",True,15,120,0.314615029107672,False
2,transfer,PCA16,income_binary,mlp,mlp,True,True,True,False,2048,"[1679,369]",True,20,160,0.3050864447943031,False
2,transfer,PCA16,income_binary,mlp,mlp,True,True,True,False,2048,"[1679,369]",True,25,200,0.30260791181934826,True
2,transfer,PCA16,income_binary,mlp,mlp,True,True,True,False,2048,"[1679,369]",True,30,240,0.30267413719316083,False
2,transfer,PCA16,income_binary,mlp,mlp,True,True,True,False,2048,"[1679,369]",True,35,280,0.3039541824994657,False
2,transfer,PCA16,income_binary,mlp,mlp,True,True,True,False,2048,"[1679,369]",True,40,320,0.3052707078038013,False
2,transfer,PCA16,civilian_at_work,mlp,mlp,True,True,True,False,2048,"[632,1416]",True,0,0,0.6933356512910744,False
2,transfer,PCA16,civilian_at_work,mlp,mlp,True,True,True,False,2048,"[632,1416]",True,5,40,0.42234490050036383,False
2,transfer,PCA16,civilian_at_work,mlp,mlp,True,True,True,False,2048,"[632,1416]",True,10,80,0.31285037691119283,False
2,transfer,PCA16,civilian_at_work,mlp,mlp,True,True,True,False,2048,"[632,1416]",True,15,120,0.3027301866884373,False
2,transfer,PCA16,civilian_at_work,mlp,mlp,True,True,True,False,2048,"[632,1416]",True,20,160,0.30054589713716456,True
2,transfer,PCA16,civilian_at_work,mlp,mlp,True,True,True,False,2048,"[632,1416]",True,25,200,0.3020727805366717,False
2,transfer,PCA16,civilian_at_work,mlp,mlp,True,True,True,False,2048,"[632,1416]",True,30,240,0.30406842817190366,False
2,transfer,PCA16,civilian_at_work,mlp,mlp,True,True,True,False,2048,"[632,1416]",True,35,280,0.30659024059551643,False
2,transfer,PCA16,civilian_at_work,mlp,mlp,True,True,True,False,2048,"[632,1416]",True,40,320,0.3096216772034611,False
2,transfer,PCA16,public_coverage,mlp,mlp,False,False,True,False,2048,"[1541,507]",True,0,0,0.7281451785402512,False
2,transfer,PCA16,public_coverage,mlp,mlp,False,False,True,False,2048,"[1541,507]",True,5,40,0.5351508795590698,False
2,transfer,PCA16,public_coverage,mlp,mlp,False,False,True,False,2048,"[1541,507]",True,10,80,0.496392763413542,False
2,transfer,PCA16,public_coverage,mlp,mlp,False,False,True,False,2048,"[1541,507]",True,15,120,0.48944004584590534,False
2,transfer,PCA16,public_coverage,mlp,mlp,False,False,True,False,2048,"[1541,507]",True,20,160,0.48797781672505525,True
2,transfer,PCA16,public_coverage,mlp,mlp,False,False,True,False,2048,"[1541,507]",True,25,200,0.4881657871048721,False
2,transfer,PCA16,public_coverage,mlp,mlp,False,False,True,False,2048,"[1541,507]",True,30,240,0.4903388294709816,False
2,transfer,PCA16,public_coverage,mlp,mlp,False,False,True,False,2048,"[1541,507]",True,35,280,0.4926407386282534,False
2,transfer,PCA16,public_coverage,mlp,mlp,False,False,True,False,2048,"[1541,507]",True,40,320,0.4964370048201206,False
2,audit,PCA16,SEX,mlp_0,mlp,True,True,True,False,2941,"[1508,1433]",True,0,0,0.6978974484205902,False
2,audit,PCA16,SEX,mlp_0,mlp,True,True,True,False,2941,"[1508,1433]",True,5,60,0.6746146447830832,False
2,audit,PCA16,SEX,mlp_0,mlp,True,True,True,False,2941,"[1508,1433]",True,10,120,0.6667416126931338,False
2,audit,PCA16,SEX,mlp_0,mlp,True,True,True,False,2941,"[1508,1433]",True,15,180,0.6638693370871177,True
2,audit,PCA16,SEX,mlp_0,mlp,True,True,True,False,2941,"[1508,1433]",True,20,240,0.6657272642479112,False
2,audit,PCA16,SEX,mlp_0,mlp,True,True,True,False,2941,"[1508,1433]",True,25,300,0.6698065982299825,False
2,audit,PCA16,SEX,mlp_0,mlp,True,True,True,False,2941,"[1508,1433]",True,30,360,0.6725563382495031,False
2,audit,PCA16,SEX,mlp_0,mlp,True,True,True,False,2941,"[1508,1433]",True,35,420,0.6763177306186954,False
2,audit,PCA16,SEX,mlp_0,mlp,True,True,True,False,2941,"[1508,1433]",True,40,480,0.6808676794481545,False
2,audit,PCA16,SEX,mlp_0,mlp,True,True,True,False,2941,"[1508,1433]",True,45,540,0.6858822541836405,False
2,audit,PCA16,SEX,mlp_0,mlp,True,True,True,False,2941,"[1508,1433]",True,50,600,0.6857197669571073,False
2,audit,PCA16,SEX,mlp_0,mlp,True,True,True,False,2941,"[1508,1433]",True,55,660,0.6866132675465074,False
2,audit,PCA16,SEX,mlp_0,mlp,True,True,True,False,2941,"[1508,1433]",True,60,720,0.6910749997218553,False
2,audit,PCA16,SEX,mlp_0,mlp,True,True,True,False,2941,"[1508,1433]",True,65,780,0.6967338854546357,False
2,audit,PCA16,SEX,mlp_0,mlp,True,True,True,False,2941,"[1508,1433]",True,70,840,0.6985152401894734,False
2,audit,PCA16,SEX,mlp_0,mlp,True,True,True,False,2941,"[1508,1433]",True,75,900,0.7023263719630459,False
2,audit,PCA16,SEX,mlp_0,mlp,True,True,True,False,2941,"[1508,1433]",True,80,960,0.7075725387883242,False
2,audit,PCA16,SEX,mlp_0,mlp,True,True,True,False,2941,"[1508,1433]",True,85,1020,0.7142281346283308,False
2,audit,PCA16,SEX,mlp_0,mlp,True,True,True,False,2941,"[1508,1433]",True,90,1080,0.7157691563373269,False
2,audit,PCA16,SEX,mlp_0,mlp,True,True,True,False,2941,"[1508,1433]",True,95,1140,0.7207461167879474,False
2,audit,PCA16,SEX,mlp_0,mlp,True,True,True,False,2941,"[1508,1433]",True,100,1200,0.7264986929603656,False
2,audit,PCA16,SEX,mlp_0,mlp,True,True,True,False,2941,"[1508,1433]",True,105,1260,0.727734512454394,False
2,audit,PCA16,SEX,mlp_0,mlp,True,True,True,False,2941,"[1508,1433]",True,110,1320,0.7329174382849656,False
2,audit,PCA16,SEX,mlp_0,mlp,True,True,True,False,2941,"[1508,1433]",True,115,1380,0.7344312594456012,False
2,audit,PCA16,SEX,mlp_0,mlp,True,True,True,False,2941,"[1508,1433]",True,120,1440,0.7373524402537196,False
2,audit,PCA16,SEX,mlp_1,mlp,False,False,False,True,2941,"[1508,1433]",True,0,0,0.6949795129070734,False
2,audit,PCA16,SEX,mlp_1,mlp,False,False,False,True,2941,"[1508,1433]",True,5,60,0.6757990370637366,False
2,audit,PCA16,SEX,mlp_1,mlp,False,False,False,True,2941,"[1508,1433]",True,10,120,0.6690964485917166,False
2,audit,PCA16,SEX,mlp_1,mlp,False,False,False,True,2941,"[1508,1433]",True,15,180,0.6649424866294151,True
2,audit,PCA16,SEX,mlp_1,mlp,False,False,False,True,2941,"[1508,1433]",True,20,240,0.6652897425294233,False
2,audit,PCA16,SEX,mlp_1,mlp,False,False,False,True,2941,"[1508,1433]",True,25,300,0.6705477996123292,False
2,audit,PCA16,SEX,mlp_1,mlp,False,False,False,True,2941,"[1508,1433]",True,30,360,0.6713086436755463,False
2,audit,PCA16,SEX,mlp_1,mlp,False,False,False,True,2941,"[1508,1433]",True,35,420,0.6782162493534392,False
2,audit,PCA16,SEX,mlp_1,mlp,False,False,False,True,2941,"[1508,1433]",True,40,480,0.6789879053997412,False
2,audit,PCA16,SEX,mlp_1,mlp,False,False,False,True,2941,"[1508,1433]",True,45,540,0.682299712635686,False
2,audit,PCA16,SEX,mlp_1,mlp,False,False,False,True,2941,"[1508,1433]",True,50,600,0.6918201601573535,False
2,audit,PCA16,SEX,mlp_1,mlp,False,False,False,True,2941,"[1508,1433]",True,55,660,0.6861120291340606,False
2,audit,PCA16,SEX,mlp_1,mlp,False,False,False,True,2941,"[1508,1433]",True,60,720,0.6901452840895579,False
2,audit,PCA16,SEX,mlp_1,mlp,False,False,False,True,2941,"[1508,1433]",True,65,780,0.6901603222404278,False
2,audit,PCA16,SEX,mlp_1,mlp,False,False,False,True,2941,"[1508,1433]",True,70,840,0.692685022983654,False
2,audit,PCA16,SEX,mlp_1,mlp,False,False,False,True,2941,"[1508,1433]",True,75,900,0.6960025191256524,False
2,audit,PCA16,SEX,mlp_1,mlp,False,False,False,True,2941,"[1508,1433]",True,80,960,0.6976074467768221,False
2,audit,PCA16,SEX,mlp_1,mlp,False,False,False,True,2941,"[1508,1433]",True,85,1020,0.6987324195645866,False
2,audit,PCA16,SEX,mlp_1,mlp,False,False,False,True,2941,"[1508,1433]",True,90,1080,0.7111596442601373,False
2,audit,PCA16,SEX,mlp_1,mlp,False,False,False,True,2941,"[1508,1433]",True,95,1140,0.7066874597071019,False
2,audit,PCA16,SEX,mlp_1,mlp,False,False,False,True,2941,"[1508,1433]",True,100,1200,0.7093176485997635,False
2,audit,PCA16,SEX,mlp_1,mlp,False,False,False,True,2941,"[1508,1433]",True,105,1260,0.711776301162702,False
2,audit,PCA16,SEX,mlp_1,mlp,False,False,False,True,2941,"[1508,1433]",True,110,1320,0.7191749515329086,False
2,audit,PCA16,SEX,mlp_1,mlp,False,False,False,True,2941,"[1508,1433]",True,115,1380,0.7196562621053751,False
2,audit,PCA16,SEX,mlp_1,mlp,False,False,False,True,2941,"[1508,1433]",True,120,1440,0.7267189317061251,False
2,audit,PCA16,RAC1P,mlp_0,mlp,False,False,False,False,2941,"[1670,165,22,0,5,450,9,450,170]",False,0,0,2.238377831530431,False
2,audit,PCA16,RAC1P,mlp_0,mlp,False,False,False,False,2941,"[1670,165,22,0,5,450,9,450,170]",False,5,60,1.3447314826429029,False
2,audit,PCA16,RAC1P,mlp_0,mlp,False,False,False,False,2941,"[1670,165,22,0,5,450,9,450,170]",False,10,120,1.219966101313065,False
2,audit,PCA16,RAC1P,mlp_0,mlp,False,False,False,False,2941,"[1670,165,22,0,5,450,9,450,170]",False,15,180,1.2047062090099403,False
2,audit,PCA16,RAC1P,mlp_0,mlp,False,False,False,False,2941,"[1670,165,22,0,5,450,9,450,170]",False,20,240,1.2013807442364717,True
2,audit,PCA16,RAC1P,mlp_0,mlp,False,False,False,False,2941,"[1670,165,22,0,5,450,9,450,170]",False,25,300,1.201651470543431,False
2,audit,PCA16,RAC1P,mlp_0,mlp,False,False,False,False,2941,"[1670,165,22,0,5,450,9,450,170]",False,30,360,1.2029024734335418,False
2,audit,PCA16,RAC1P,mlp_0,mlp,False,False,False,False,2941,"[1670,165,22,0,5,450,9,450,170]",False,35,420,1.2049856201169884,False
2,audit,PCA16,RAC1P,mlp_0,mlp,False,False,False,False,2941,"[1670,165,22,0,5,450,9,450,170]",False,40,480,1.2091465812537963,False
2,audit,PCA16,RAC1P,mlp_0,mlp,False,False,False,False,2941,"[1670,165,22,0,5,450,9,450,170]",False,45,540,1.2139482651827433,False
2,audit,PCA16,RAC1P,mlp_0,mlp,False,False,False,False,2941,"[1670,165,22,0,5,450,9,450,170]",False,50,600,1.2184490273744257,False
2,audit,PCA16,RAC1P,mlp_0,mlp,False,False,False,False,2941,"[1670,165,22,0,5,450,9,450,170]",False,55,660,1.2236862643538784,False
2,audit,PCA16,RAC1P,mlp_0,mlp,False,False,False,False,2941,"[1670,165,22,0,5,450,9,450,170]",False,60,720,1.2294681016417306,False
2,audit,PCA16,RAC1P,mlp_0,mlp,False,False,False,False,2941,"[1670,165,22,0,5,450,9,450,170]",False,65,780,1.232386592532919,False
2,audit,PCA16,RAC1P,mlp_0,mlp,False,False,False,False,2941,"[1670,165,22,0,5,450,9,450,170]",False,70,840,1.2395911808785607,False
2,audit,PCA16,RAC1P,mlp_0,mlp,False,False,False,False,2941,"[1670,165,22,0,5,450,9,450,170]",False,75,900,1.2436910008103523,False
2,audit,PCA16,RAC1P,mlp_0,mlp,False,False,False,False,2941,"[1670,165,22,0,5,450,9,450,170]",False,80,960,1.250029045186498,False
2,audit,PCA16,RAC1P,mlp_0,mlp,False,False,False,False,2941,"[1670,165,22,0,5,450,9,450,170]",False,85,1020,1.2528864193343467,False
2,audit,PCA16,RAC1P,mlp_0,mlp,False,False,False,False,2941,"[1670,165,22,0,5,450,9,450,170]",False,90,1080,1.258604047968174,False
2,audit,PCA16,RAC1P,mlp_0,mlp,False,False,False,False,2941,"[1670,165,22,0,5,450,9,450,170]",False,95,1140,1.2641362302828094,False
2,audit,PCA16,RAC1P,mlp_0,mlp,False,False,False,False,2941,"[1670,165,22,0,5,450,9,450,170]",False,100,1200,1.2692734578139226,False
2,audit,PCA16,RAC1P,mlp_0,mlp,False,False,False,False,2941,"[1670,165,22,0,5,450,9,450,170]",False,105,1260,1.2732074891721061,False
2,audit,PCA16,RAC1P,mlp_0,mlp,False,False,False,False,2941,"[1670,165,22,0,5,450,9,450,170]",False,110,1320,1.2768861538736225,False
2,audit,PCA16,RAC1P,mlp_0,mlp,False,False,False,False,2941,"[1670,165,22,0,5,450,9,450,170]",False,115,1380,1.283179552652253,False
2,audit,PCA16,RAC1P,mlp_0,mlp,False,False,False,False,2941,"[1670,165,22,0,5,450,9,450,170]",False,120,1440,1.2885213719103474,False
2,audit,PCA16,RAC1P,mlp_1,mlp,True,True,True,False,2941,"[1670,165,22,0,5,450,9,450,170]",False,0,0,2.1564872593081654,False
2,audit,PCA16,RAC1P,mlp_1,mlp,True,True,True,False,2941,"[1670,165,22,0,5,450,9,450,170]",False,5,60,1.3011071049330583,False
2,audit,PCA16,RAC1P,mlp_1,mlp,True,True,True,False,2941,"[1670,165,22,0,5,450,9,450,170]",False,10,120,1.231128902234151,False
2,audit,PCA16,RAC1P,mlp_1,mlp,True,True,True,False,2941,"[1670,165,22,0,5,450,9,450,170]",False,15,180,1.205906381143551,False
2,audit,PCA16,RAC1P,mlp_1,mlp,True,True,True,False,2941,"[1670,165,22,0,5,450,9,450,170]",False,20,240,1.201266772122219,True
2,audit,PCA16,RAC1P,mlp_1,mlp,True,True,True,False,2941,"[1670,165,22,0,5,450,9,450,170]",False,25,300,1.2018591239147736,False
2,audit,PCA16,RAC1P,mlp_1,mlp,True,True,True,False,2941,"[1670,165,22,0,5,450,9,450,170]",False,30,360,1.2037438078114264,False
2,audit,PCA16,RAC1P,mlp_1,mlp,True,True,True,False,2941,"[1670,165,22,0,5,450,9,450,170]",False,35,420,1.2080089070718605,False
2,audit,PCA16,RAC1P,mlp_1,mlp,True,True,True,False,2941,"[1670,165,22,0,5,450,9,450,170]",False,40,480,1.210775181841548,False
2,audit,PCA16,RAC1P,mlp_1,mlp,True,True,True,False,2941,"[1670,165,22,0,5,450,9,450,170]",False,45,540,1.2158665264517607,False
2,audit,PCA16,RAC1P,mlp_1,mlp,True,True,True,False,2941,"[1670,165,22,0,5,450,9,450,170]",False,50,600,1.2217212941949303,False
2,audit,PCA16,RAC1P,mlp_1,mlp,True,True,True,False,2941,"[1670,165,22,0,5,450,9,450,170]",False,55,660,1.2266176495678314,False
2,audit,PCA16,RAC1P,mlp_1,mlp,True,True,True,False,2941,"[1670,165,22,0,5,450,9,450,170]",False,60,720,1.2308633926689272,False
2,audit,PCA16,RAC1P,mlp_1,mlp,True,True,True,False,2941,"[1670,165,22,0,5,450,9,450,170]",False,65,780,1.2361989480478393,False
2,audit,PCA16,RAC1P,mlp_1,mlp,True,True,True,False,2941,"[1670,165,22,0,5,450,9,450,170]",False,70,840,1.2424460209972636,False
2,audit,PCA16,RAC1P,mlp_1,mlp,True,True,True,False,2941,"[1670,165,22,0,5,450,9,450,170]",False,75,900,1.249001451798022,False
2,audit,PCA16,RAC1P,mlp_1,mlp,True,True,True,False,2941,"[1670,165,22,0,5,450,9,450,170]",False,80,960,1.2553100648371092,False
2,audit,PCA16,RAC1P,mlp_1,mlp,True,True,True,False,2941,"[1670,165,22,0,5,450,9,450,170]",False,85,1020,1.2625668839848379,False
2,audit,PCA16,RAC1P,mlp_1,mlp,True,True,True,False,2941,"[1670,165,22,0,5,450,9,450,170]",False,90,1080,1.2691446220029705,False
2,audit,PCA16,RAC1P,mlp_1,mlp,True,True,True,False,2941,"[1670,165,22,0,5,450,9,450,170]",False,95,1140,1.2735048742995074,False
2,audit,PCA16,RAC1P,mlp_1,mlp,True,True,True,False,2941,"[1670,165,22,0,5,450,9,450,170]",False,100,1200,1.2806921786258147,False
2,audit,PCA16,RAC1P,mlp_1,mlp,True,True,True,False,2941,"[1670,165,22,0,5,450,9,450,170]",False,105,1260,1.288024899998721,False
2,audit,PCA16,RAC1P,mlp_1,mlp,True,True,True,False,2941,"[1670,165,22,0,5,450,9,450,170]",False,110,1320,1.2923555776079985,False
2,audit,PCA16,RAC1P,mlp_1,mlp,True,True,True,False,2941,"[1670,165,22,0,5,450,9,450,170]",False,115,1380,1.2987676399240988,False
2,audit,PCA16,RAC1P,mlp_1,mlp,True,True,True,False,2941,"[1670,165,22,0,5,450,9,450,170]",False,120,1440,1.3043530676148896,False
